commit,tree,parent,author,author_time,author_tz,committer,committer_time,committer_tz,message
00068789555dbe4c6aff671288cb40ead8bf9105,2331e07c0d80174bdbd36457128e47d9f79edcd6,['87886a897ec6c7da0fee38cf8ba266a52c76dc65'],Binbin Zhang <binbzha@qq.com>,1651152697,+0800,Binbin Zhang <binbzha@qq.com>,1651152697,+0800,"[binding]: add python binding
"
000c7af5c36afafd3fa3ae4599af237e902c67bb,634e826cace15c002e2d0820a9a961af4e8111b5,['980507ecaba296a363ddb9a1cd8f93be6b2e8b50'],Mddct <hamddct@gmail.com>,1697436927,+0800,Mddct <hamddct@gmail.com>,1697785167,+0800,"[cli/paraformer]   ali-paraformer load and infer work
"
00142a006a0845fc83e0e9b103fc9e2b1ee25420,4461991c3938625fe3e3f82ee945a1cc087a2aa4,['7a086b8d8a7e18af7c93f4891f4d088ed416f0cc'],robin1001 <robin1001@users.noreply.github.com>,1612274843,+0000,robin1001 <robin1001@users.noreply.github.com>,1612274843,+0000,"Automated deployment: Tue Feb  2 14:07:23 UTC 2021 df6232a7ed6a80ba09d9e20a7fd0f401e276a760
"
003277de21ab47572e15e7d42d20ac8255e78fcc,077de8480cf22df769fa38e1772367435c151905,['e828827ec999e818b2561f1727254c09d256d406'],Binbin Zhang <binbzha@qq.com>,1651395445,+0800,Binbin Zhang <binbzha@qq.com>,1651395445,+0800,"try cibuildwheel
"
003766d4031504c1d84077211355a16896b6b6b9,ec2eb40b05722eb023db55d5961b9613b4e13755,['262d354aeaeef0c2be7b471d9991ce5dc60df6e3'],zhyyao <94102052+zhyyao@users.noreply.github.com>,1657845908,+0800,GitHub <noreply@github.com>,1657845908,+0800,"[rnnt] beamsearch (#1302)

* rnnt prefix beam search & ctc+rnnt generation nbest for rnnt attn rescore

* fix lint

* fix lint

* fix lint

* fix lint

* fix lint

* fix lint

* fix lint

* add __slot__ to Sequence to save memory

* fix lint

* run.sh fixed

* fix args name

* fix arg question

* fix help description

* fix lint

* fix a bug

* fix a bug

* fix prefix beam search bug"
0045ecc97b48c89ea6a61ea8880cc39b98acc071,efac243516d28679fc5fd7c9eb6ad7474389a1c3,['9e458b786278d9d1616e72f1b49df1f7e49e7509'],chwma0 <75061355+chwma0@users.noreply.github.com>,1615813560,-0500,GitHub <noreply@github.com>,1615813560,+0800,"[feat] add post process for enu because of using bpe model (#211)

* [feat] add post process for enu because of using bpe model

* [fix] Ignore tailing space

* [fix] create function for post processer

* [fix] call post processer

* [fix] modify function name for process blank"
004d05ec0ec71168549f68ce55c108b5208926de,a2626e96c03e694206df74401451ce431e1c5b6b,['c7eabb560a4496cd28ff6709cbbd0bdf2f3c561f'],Binbin Zhang <811364747@qq.com>,1609323904,+0800,GitHub <noreply@github.com>,1609323904,+0800,"[doc] add runtime doc (#36)

* add runtime readme

Change-Id: I8d657914164044b0ab9672626575f294471a7e80

* add gif, refine path

Change-Id: Ibf4b29060d12455e85b48906288f5d26871293f0"
0071c979daeaba73bd99e1dd61db1b3c59316548,0e7ea7a59ed1d54f92a4cea3f0ab15fbf1f0002b,['41965c2ea9201187bcaea81fbdd5395570ec9dee'],Nickolay Shmyrev <nshmyrev@gmail.com>,1661260017,+0200,Nickolay Shmyrev <nshmyrev@gmail.com>,1661260017,+0200,"Allow zero warmup steps
"
0073633ed9bfe379a5f177dcb58acc320bc41ea3,e226cfba211ce630bf4e5c99c8bc4597383eb960,['6caad0218d28761f6aac3fea5db089bf896dfd2e'],xianchao wu <wuxianchao@gmail.com>,1639705724,+0000,xianchao wu <wuxianchao@gmail.com>,1639705724,+0000,"rm chinese comments and rm temp result files from testing outputs
"
00778124ce6589c737dcb39c705186993a5071c1,542ffc5a020ddc7f9307e33048e4307bde2b863f,['26ce2caf34326a53cd71fe8c5cdf9ec7d89bf81f'],Binbin Zhang <811364747@qq.com>,1613722625,+0800,Binbin Zhang <811364747@qq.com>,1613722625,+0800,"refine quote
"
0089cb8e0f2708ab02f2b32ab2b6938620d57897,932059c0496d2fd697353140c6efa012312c2c83,['17a1daeadf3fe25263f7b2992137bea308f8ef8b'],Mddct <hamddct@gmail.com>,1657194562,+0800,GitHub <noreply@github.com>,1657194562,+0800,[transducer] aishell more epoch
0097f99de1550770b7ba7a076f6cfad565052dd6,32138e54c365176bbacb79a78f53a699d2f3e82b,['1c0890fec97a6787d422231f3fc97a0cb1567e88'],YHElaina <68215459+yhliangElaina@users.noreply.github.com>,1635605189,+0800,GitHub <noreply@github.com>,1635605189,+0800,"fix recognize's batch type (#753)

"
009be4366fbb3f384a316ec73beb6efec8ff7c3a,c63f2f8ec4a08a9438b6fb6bc2d8087a90fc13a6,['35e0a1c3994142d45cf3f902fe1718db7b79a160'],Xingchen Song(宋星辰) <xingchensong1996@163.com>,1710163811,+0800,GitHub <noreply@github.com>,1710163811,+0800,"[lint] fix linter version (#2405)

"
00a35c893a82eed5cb51e9171d3915e6b11d63b7,81c8a4f486c9b3b41703521da2b476fe07980bb7,['9cdaa1ceb166c7374eb89323966acc7a86912724'],robin1001 <robin1001@users.noreply.github.com>,1611308935,+0000,robin1001 <robin1001@users.noreply.github.com>,1611308935,+0000,"Automated deployment: Fri Jan 22 09:48:55 UTC 2021 107fe564f77c4a72d89f953f4acb203ab63be75a
"
00a58c9e29378ccc58151d229138c48233ca1801,d590ff6115f3c3a6f18c96e8c2a98d108e0c4d02,['0adc9d0dd44ea64d89a24f88e397f2500c4387b8'],Mddct <hamddct@gmail.com>,1706156549,+0800,Mddct <hamddct@gmail.com>,1706156549,+0800,"add all related unit test for processor.py
"
00a9d7bf1ada92088e63a86b5e3bf601947e6def,ca593fb16e8f4e5f20ddbeadcb2e9d45b0c9dac3,['da451871b9e9502cc0e113f16e77c9a42deb8664'],xingchensong <xingchensong1996@163.com>,1652748425,+0800,xingchensong <xingchensong1996@163.com>,1652748425,+0800,"[model] add doc
"
00acd359f59aa0e586618996a7823af1e5779fec,f03634db66dae36835ada60d3d1b15b5fd8d5735,['e8966ea2decabd70ec6e82346705514d73c44620'],xiangru.meng <meng1984>,1692931439,+0800,xiangru.meng <meng1984>,1692931439,+0800,"first commit
"
00b29f1fa8fe8ae2ad6156b90c1e0bfab85a9fc2,0ca7f05206112d6110dbd9118d9eff64eff2cb7d,['ab22ddc7ec92a808b8999c93ed0327b9ab59d79a'],jinsongpan <761086340@qq.com>,1638675446,+0800,jinsongpan <761086340@qq.com>,1638675446,+0800,"modify UIO.md format
"
00c2d686e8c1b456c36b4efd091e379ff842d752,8e110cf17bebcb279a37ca1c0a75b01b88ce79bc,['9b7728de35340a014a2774d62ab32fa66d06b250'],Mddct <Mddct@users.noreply.github.com>,1713343374,+0000,Mddct <Mddct@users.noreply.github.com>,1713343374,+0000,"Automated deployment: Wed Apr 17 08:42:54 UTC 2024 482587987fd753332ce7de35e30e38c29f0cfe12
"
00c4057cfb0fdb2ae2d8639f1824b442d1b2c316,cd6ca566a5d7d9a105a8b57a3653d7c5e826e9d4,['9e11855734075d3a2c0468f8a79c062970497620'],Mike Lei <mikelei@mobvoi.com>,1611296181,+0800,GitHub <noreply@github.com>,1611296181,+0800,Update Android demo readme.
00d5fe4a9853ea67e890c72808d402d0b01c9d3b,edfafb0e93b6cbd3cb1a35249e3e6d56792ad93c,['a30dbb7c1d6cf121d90742fcf5ab2835757030f3'],xingchensong <xingchensong1996@163.com>,1713408257,+0800,xingchensong <xingchensong1996@163.com>,1713408257,+0800,"[transformer] set use_reentrant=False for gradient ckpt
"
00e0f168ed500e8f99de5dfe5d015ca06946c91b,f8403109c76db7ee8315ea0a03386a5be1fc4d4f,['cd9c93a01aa565310672dd9115d1a7fa837aec62'],shanguanma <maduo25@163.com>,1702965430,+0800,shanguanma <maduo25@163.com>,1702965430,+0800,"add moelayer class in /positionwise_feed_forward.py
"
00f19b71413632984251dda37f5b45153a42ab92,69f3d9d053c2164f60132276033349cc875a72d2,['8412f189ba531d6035a1bcbecf636a2e81e93647'],Di Wu <1176705630@qq.com>,1611681687,+0800,Di Wu <1176705630@qq.com>,1611682638,+0800,"[doc]&[tools] add librispeech recipe
"
00f4335d81fe54e10c792d6b62a4b7a6c44eb407,b90494492907379bc07981a3555bbce25a7fbe91,['960faffd9f27aca4f56ddaac43c96d5a8f073e80'],Yougen Yuan <yougenyuan@gmail.com>,1634021680,+0800,GitHub <noreply@github.com>,1634021680,+0800,Update README.md
0100be5fd71f797982aea1f27f8920649395907d,09fbfec1e112abc50fb0c6f0ada59a2d7914d6ca,"['1cd74bb34a9bfe0092eb3271e44b7a271278a56f', '5e7989b5f04563e431120b4e2066e0e03c49e302']",彭震东 <275331498@qq.com>,1626950949,+0800,GitHub <noreply@github.com>,1626950949,+0800,"Merge pull request #533 from wenet-e2e/binbin-fix-context

[network] fix right context error"
010ff41c9913ef9d67085ecfac12b5016347fd4f,166a9657b43f0162c885930c9eac847bf381b44e,['ce4128b43de75a9c091b0ab668ffa6a4acb37fe8'],xingchensong <xingchensong1996@163.com>,1698285825,+0800,xingchensong <xingchensong1996@163.com>,1698285825,+0800,"refactor(deepspeed): formatting function args, add force sync barrier, skip 1st batch sync, step + 1 to calculate accum boundray
"
011c7c37a34bbd397c61d701cf22c1d90d816171,dacb5b0933d9fff092c292f2000e71d0a51612fe,['b64647a22b017a7ba08c677406a37446ea455127'],robin1001 <robin1001@users.noreply.github.com>,1670391969,+0000,robin1001 <robin1001@users.noreply.github.com>,1670391969,+0000,"Automated deployment: Wed Dec  7 05:46:09 UTC 2022 429736b4cd323324ec1617d1954c3cfa0ccbd455
"
011d4132aaa22e1f93fda2c7a9a1139b413f05ee,6bcc089b99c575f18fd44b0664e7cde002feccf4,['9c7b0d129b43ea7a64b93c60996fc45f2cd2a49c'],robin1001 <robin1001@users.noreply.github.com>,1621916151,+0000,robin1001 <robin1001@users.noreply.github.com>,1621916151,+0000,"Automated deployment: Tue May 25 04:15:51 UTC 2021 86fe24b4bab446549258e8a9e23f663c9ada32d9
"
012d55b26e1ce7b8b5656a32a3e165729730cabb,1cff9841e8e5f32f36222b0d43708efa819fc7d5,['fd3b32b7dfc0b68d3c4ac0b6476d0fae5d32557b'],robin1001 <robin1001@users.noreply.github.com>,1632795783,+0000,robin1001 <robin1001@users.noreply.github.com>,1632795783,+0000,"Automated deployment: Tue Sep 28 02:23:03 UTC 2021 efe0bd85a82ed0acdd06e0f28178d6341e1e5274
"
012e76b80b06daed5d169097ad5af8a10a71a1c2,65a477cf10697413b31115c86a57fef5294f1da8,['e541418883a9a05d559dce06a52b8e8a55db4007'],Binbin Zhang <binbzha@qq.com>,1658368107,+0800,GitHub <noreply@github.com>,1658368107,+0800,[doc] add rnn-t in roadmap
013794572a55c7d0dbea23a66106ccf3e5d3b8d4,8a1efe54084c2d1ca1aac6845dc1affdff320878,['f2cca117a3247ee14ce5e8c54d110c9e2594253f'],fanlu <fanlu7311@163.com>,1614146064,+0800,fanlu <fanlu7311@163.com>,1614146064,+0800,"[recipe] support multi_cn recipe
"
0141767f794191d7d10c694c838c22770e13e02a,1c88b79ac72a1c8dcbbcd45a19c4104bf802542c,['de8bbe24bc12245e12a0d38570c407af2fd1584d'],wd929 <dingwen929@gmail.com>,1670903362,+0800,wd929 <dingwen929@gmail.com>,1670903362,+0800,"Update README.md
"
0142cf9db9276c9e606d3aa344bf7ece183873ce,1335032c52e29fecc3c1746d446eab3576ede318,['ac9729763a8727231dfbee14b9f1f875864781bf'],Mddct <Mddct@users.noreply.github.com>,1679930710,+0000,Mddct <Mddct@users.noreply.github.com>,1679930710,+0000,"Automated deployment: Mon Mar 27 15:25:10 UTC 2023 54b6884a2384d76597d0cc368fe69df0ef58cbfd
"
01514d73bc0f1ae10af954f12d4d7de9fd16269f,94afdad9c6b227129a80af272e5cb35979fc5c50,"['0b82e535dc9897b86aa44f54ac021e637f1f2b53', '258c8cc26178593d66bbcc3c9b1a6dcb2a7599c6']",Di Wu <1176705630@qq.com>,1621844631,+0800,Di Wu <1176705630@qq.com>,1621844631,+0800,"Merge branch 'diwu-gigaspeech' of https://github.com/wenet-e2e/wenet into diwu-gigaspeech

# Conflicts:
#	examples/gigaspeech/s0/README.md
"
015961bbd338f4946048449b7c6159bcc05f7378,7059f4657e8b378e9f61138ee301e1e166eaee06,['5c300275fca1baa62fbcdf1c11e30bb286b9f395'],Binbin Zhang <811364747@qq.com>,1610440195,+0800,Binbin Zhang <811364747@qq.com>,1610440195,+0800,"fix chunk size help information

Change-Id: I2737a9ae3360d7f47f56695ac68924bc093a5a8d
"
015b24bcda20fd2c755cc3aea73c2603f4c0901c,a401a6489c38427d6a8444d07b348e4d7648bc1e,['0d97bd7b27671a0d336afe27d12f77f6a0360c68'],zhendong.peng <zhendong.peng@horizon.ai>,1637046683,+0800,zhendong.peng <zhendong.peng@horizon.ai>,1637046683,+0800,"fix(runtime): fix bug of adding boundary to context
"
015c64517bd960d4ab73ac7307936e2cbd215635,ecaf438c285e7340ef5bfbf6b1aa22700e444bd3,['c3d37fddcb21b63217f6a0d860d5a1d8a6318fb9'],Binbin Zhang <811364747@qq.com>,1629860418,+0800,Binbin Zhang <811364747@qq.com>,1629860418,+0800,"[doc] using the latest pytorch and torchaudio by default
"
016cf5a49cda2ae5d79a41d3286812a6fa22e6fc,db3f37bfc5ccf2813a6303b83ae5db9a3b31fd8d,['bda6c86ff74d3ad257234a672d8a7bc4d0f32e81'],Binbin Zhang <binbzha@qq.com>,1655811081,+0800,Binbin Zhang <binbzha@qq.com>,1655811081,+0800,"[binding] refine doc and model url
"
017af3a22d77dce8a5c6a8330cfdababe289ee2a,b57ccf2815f1106e84d7b97f6a98a94f252f6d82,"['0b4a63d71801224c0bcdc433b48ebcbab80f456f', 'ac645aefecf141b6119aa5e8905963b9d88d56ea']",彭震东 <275331498@qq.com>,1620296618,+0800,GitHub <noreply@github.com>,1620296618,+0800,"Merge pull request #359 from mobvoi/binbin-arpa-lm

[runtime] add arpa to fst binary"
017fac5163cbd4b8f96fe15ebf2fd1cec2ef2be3,96703f083651a15a448eb90d8a58600024a882a8,['fb3622144c61e384083c6608366ddfdc4ea8c3f0'],Binbin Zhang <binbzha@qq.com>,1649158801,+0800,GitHub <noreply@github.com>,1649158801,+0800,"[doc] update referrence paper (#1011)

"
01853281bef79d05918cf37c9ba40a124fc75626,28bc32a565921a6ba3ccb321340344b11cf53060,['00068789555dbe4c6aff671288cb40ead8bf9105'],Binbin Zhang <binbzha@qq.com>,1651152952,+0800,Binbin Zhang <binbzha@qq.com>,1651152952,+0800,"refine lint
"
018a46dad51b5c06b57dd0d76ec091792e715a47,0029e9ace0b295bb3de12b5865734b3fac4cb175,['2821629e49caa6b094d6f83b9216b05ef7fa2917'],yuguang.yang@ximalaya.com <yuguang.yang@ximalaya.com>,1671194325,+0800,yuguang.yang@ximalaya.com <yuguang.yang@ximalaya.com>,1671194325,+0800,"[fix] inconsistence of batch decoding
"
019499fbb029d7dfbda63c8acc69f6d8ac52da57,fca2d420dd25dacc1b2bb17474a69c0a397f38ad,['e0b10a3592e178c422f2d43198cf15b4ab718797'],dujing <thuduj12@163.com>,1694145241,+0800,dujing <thuduj12@163.com>,1694145241,+0800,"fix cpplint
"
01996173435310cd8b5d7b2289766fea3efe5a1d,528967e4f0a82982fcecbd5a0eac3a2462e6ec05,['89a5d58f32b0938779c1c91c8582e83d54fd5806'],pengzhendong <275331498@qq.com>,1617350385,+0800,pengzhendong <275331498@qq.com>,1617350385,+0800,"[runtime] fix cpplint
"
019e3ce97e8a7702b40c759fa51cf79c1d48c175,cf2c4febadd8debac0af429785f079ab59b42ddf,['28dd50dd188377c31d0cc591eb93a75686b37edf'],彭震东 <275331498@qq.com>,1659164666,+0800,GitHub <noreply@github.com>,1659164666,+0800,"[workflows] update doc.yml (#1342)

"
01a96a7d462adb2930a933b08c5fa382560095fa,5c8fc5cdf66bcf76133958b3ef016aabb0c230fb,['02d8253a8cd5ec8a396cdf933b720f1e0fed12e8'],xingchensong <xingchensong@users.noreply.github.com>,1712321271,+0000,xingchensong <xingchensong@users.noreply.github.com>,1712321271,+0000,"Automated deployment: Fri Apr  5 12:47:51 UTC 2024 648fee879d1d00b3f998feab4ac19a34e738887f
"
01ada04ebc39680ae57128ef88c93635f826697f,c800f5a64a92d2b2a4c63a44e3a838f86597981d,['b8191cee9689c147b8611d79ef8309ee591e02bc'],Alan Fang <614478391@qq.com>,1712510935,+0800,GitHub <noreply@github.com>,1712510935,+0800,"LoRA support (#2049)

* support lora for v3.0.1

* format code and update lora attention && encoder

* fix bug when lora_list is None

---------

Co-authored-by: Xingchen Song(宋星辰) <xingchensong1996@163.com>"
01b78b45c741ba16fbd028e90ccc459d1dfd70aa,fcd4f54cc9044048a5f5d2bb8bbf98af0c648de9,['ce135a623e6685f4070f0c5c85c44d6ece1eb3ef'],Kai <kli017@ucr.edu>,1682659966,+0800,GitHub <noreply@github.com>,1682659966,+0800,Update run.sh
01cabf38efbe9bd7f739c5fc3a9a61cc2118ed28,3edbf772038af6f0c487c78d676ac8416b22fbab,['694b478a51e559d7b2d91bb85c1f6c8ba941ad60'],Mddct <Mddct@users.noreply.github.com>,1721797491,+0000,Mddct <Mddct@users.noreply.github.com>,1721797491,+0000,"Automated deployment: Wed Jul 24 05:04:51 UTC 2024 edf065541e5f727319a669167ef029ee701307ba
"
01dcc6de42d6693a8df5df035f223f7773cd58a3,df7f78e31e75b728001e50bd7e12d94ab843dbe6,['6da56a034957041a7de5e9c28ed1483d79bae38f'],Xingchen Song(宋星辰) <xingchensong1996@163.com>,1692418682,+0800,GitHub <noreply@github.com>,1692418682,+0800,Update README.md
01e73d69419b83d45ad2b72b451f4f63f46abd3c,57701db72f00767cbddc3d764ae08b6bfd1966a3,['fcf8347269468afe67bb82f3281a89c1b17fcca8'],Mddct <hamddct@gmail.com>,1705981048,+0800,Mddct <hamddct@gmail.com>,1705981048,+0800,"add unit for raw and shard source
"
01e8e54cd5cefbd56b5d083d9377216bbcabe04f,df7280d71d82b720b1cd71aec4c3a1ae37df7cca,['a91b4498d696d71151438125096054fb75f31d7d'],hzhou245 <hzhou245@bloomberg.net>,1706047403,-0500,hzhou245 <hzhou245@bloomberg.net>,1706047403,-0500,"Remove extra dump for debug
"
01ee0511d51d4aeaa5c00c5167bbe33df34f9b44,ef86a0ce0fc635feb8f5b7b3e5386b97f236ff1a,['4e9da62a15dd88b9c933cc59051c55e73042ab7d'],Dinghao Zhou <hamddct@gmail.com>,1713337061,+0800,GitHub <noreply@github.com>,1713337061,+0800,"[transformer] refactor cache (#2481)

* [transformer] refactor cache

* fix ut

* unify cache type in branchformer and ebranchformer"
01f2d63ad7738037463fa0fe23a6b0345dac1d50,81bb8ab534cd43a90dbd47a5bf9ef239ae5931a1,['bd22fae233455154db7ba4ead9361363d23351a2'],Xingchen Song(宋星辰) <xingchensong1996@163.com>,1715147572,+0800,GitHub <noreply@github.com>,1715147572,+0800,"Revert ""fix mp in DataLoader (#2506) (#2507)""

This reverts commit 5576e6f4bf7da28232a60167b74cd0217df320d8.
"
0228877603e58c0d74e4cfabac358a73b74511b5,9db7e56b00e3f9187697add5f113132789d02f23,['a344f373381bd55851454cc3053f969d23ab1b7c'],Dinghao Zhou <hamddct@gmail.com>,1738846821,+0800,GitHub <noreply@github.com>,1738846821,+0800,"conformer support final norm configuable (#2682)

"
022eb04ef872282f8bd546424cc5ee17d8419333,2a34626cd5245594a6094188eeafe111f8a4ef40,['94a0a9d2a4b3751ee87dd37920be9bdc34525c93'],robin1001 <robin1001@users.noreply.github.com>,1620721152,+0000,robin1001 <robin1001@users.noreply.github.com>,1620721152,+0000,"Automated deployment: Tue May 11 08:19:12 UTC 2021 2f30cda0d71b845c1693ba4477c9256adf15e3b6
"
022eb9a799064d3b6f145fd83a2f51dcdf9f8c1d,23ecb2f306b8190820dd29be3f28e3f7ddd20a8e,['411b0afdc68f0a527eaef5344db00c6c8fa6f0cc'],xingchensong <xingchensong1996@163.com>,1712659627,+0800,xingchensong <xingchensong1996@163.com>,1712659627,+0800,"[env] fix lint
"
023e94dbd6b1b78aecd7799461369a8d9a5972bf,e8229926ed4aaccaca4d40be4fc1f54fe73d2ce5,['1ff987a4f7bd5cccb48be5701f7d2c99734c0bd9'],aydentang <aydentang@tencent.com>,1647346484,+0800,aydentang <aydentang@tencent.com>,1647346484,+0800,"wav2vec2 training
"
0243c306a17ac25eead6ebe2782c4af93d325604,2d6b464bcc4fa59e44d3cd3c4dd7c153535f1e4f,['1327b0eff4e998ac6370970af24c06ec0f0bdda1'],Nickolay Shmyrev <nshmyrev@gmail.com>,1625704648,+0200,Nickolay Shmyrev <nshmyrev@gmail.com>,1625704648,+0200,"Update to sox_io backend and replace deprecated load_wav with simple load
"
0264049920c5addb3127e525b72594dacfb7005e,a387d77cb206df44cb5c8b6b6a41e911765d2115,['0558fbbafeefa6df2cd34c77155282a290f3c55a'],yygle <yygle@qq.com>,1663246960,+0800,yygle <yygle@qq.com>,1663246960,+0800,"[update] enlarge adaptive scale dimensions
"
026bc0a858b96c7aed22ae3c45dba245c6a24d84,a3e7c73eaee6e072d576c73b06a0799f44a41bed,['2c141a206faf46b1dd689476a80813cf8a1e572d'],Mddct <hamddct@gmail.com>,1704477218,+0800,Mddct <hamddct@gmail.com>,1704477218,+0800,"[paraformer] timestamp works
"
027c85c32b9ec6eae31f059d427a3020cef4bc2f,b234a5a03236d3c27f346fd219cd4623823ad6f6,['ba7ed740bc21bac774717c3ba601e2bc5f17b1a3'],yygle <yygle@qq.com>,1663928100,+0800,yygle <yygle@qq.com>,1663928100,+0800,"[update] operators
"
02cc6c2521a66b60847f1d675f7133505b03fc07,8f1ade1c278436a388d0b97a8810e7f386870dfc,"['96587adf2b1c7f3554181217e6d7a09e75a3530b', 'f2fdf45ba2f0275f5cc47e4a634c4f0964c06752']",彭震东 <275331498@qq.com>,1616931482,+0800,GitHub <noreply@github.com>,1616931482,+0800,"Merge pull request #245 from mobvoi/binbin-torchaudio-version

[doc] specify torchaudio version"
02d283fc87e50c0418b02906ccb41c349c7c8a43,1b24ffc97fde40c0c1a61273faa79998cc5d895c,['ed069b02ef112346ae5c4f9a4cad8070de6d7454'],Mddct <hamddct@gmail.com>,1659012149,+0800,GitHub <noreply@github.com>,1659012149,+0800,Update README.md
02d4c9c90ec1cad67cb72f985c0ba00c6c0972e9,36976b9dc04270dc0600f48c5cd44d07b8d91437,['e0b572b0dcea51476f930afe1b36360749e02a2f'],veelion <veelion@gmail.com>,1658289345,+0800,GitHub <noreply@github.com>,1658289345,+0800,"add concurrent performance testing for websocket_server_main (non-stream) (#1316)

"
02d8253a8cd5ec8a396cdf933b720f1e0fed12e8,5c8fc5cdf66bcf76133958b3ef016aabb0c230fb,['5f94b262a7ea27dc9b225a302e54fa8df2ba1d46'],xingchensong <xingchensong@users.noreply.github.com>,1712196332,+0000,xingchensong <xingchensong@users.noreply.github.com>,1712196332,+0000,"Automated deployment: Thu Apr  4 02:05:32 UTC 2024 4d12918774468616ce1e58ace03b93262451067e
"
02ddbed9406f35ee1720a710618c3a333d812250,d987d543e343aad436c573f5cf769e7320bed942,['874f5e3a86c0031ce045d22ac5d0f8215123a95a'],Di Wu <1176705630@qq.com>,1614010629,+0000,Di Wu <1176705630@qq.com>,1614325612,+0000,"[tools] add multiple machines training
"
02e2bee3f7965338543ed2a8930dc5b7e3be93a9,ddd56481cf6c033ec8bf8708018889378244b433,['546d6ec2e2fd9a14b95a93b3b8bbf1470ee70e94'],Binbin Zhang <binbzha@qq.com>,1652796704,+0800,Binbin Zhang <binbzha@qq.com>,1652796704,+0800,"fix path
"
02e975bcf3a1493029a4aafa3d902a9c3d6597e4,8530ec21a87d047d748b187338189dae9b3a97bd,['f5b6883eea3b5576619641beb9fdf619b51f77d6'],robin1001 <robin1001@users.noreply.github.com>,1609386725,+0000,robin1001 <robin1001@users.noreply.github.com>,1609386725,+0000,"Automated deployment: Thu Dec 31 03:52:05 UTC 2020 dd363055427f977d40a5815f05e3e59027854027
"
02f1a5fe85d7c62342dbc2900fdc1c643c4a148a,836e65ad48126330823ecd575aa79a27ef767ca8,['cd48b854e8a31ecc5944fbd2e7eaf794127b2228'],Binbin Zhang <binbzha@qq.com>,1632446059,+0800,GitHub <noreply@github.com>,1632446059,+0800,Update pretrained_models.md
02f3f09407be4230a0911228c2261f9c106bebf2,8d8c8e3e8a2111c775d87e075004955e42129003,['015961bbd338f4946048449b7c6159bcc05f7378'],Binbin Zhang <811364747@qq.com>,1610447080,+0800,Binbin Zhang <811364747@qq.com>,1610447080,+0800,"resolve xiaoyu's comment

Change-Id: Idadd1412d6486f41324ca4b10935d7120a06d4ba
"
02f637aa605ffaf17824545dc829ecac2fc30528,7b157a891b040b86b4c21a011735140685e529da,['8020a630804a5a35e975b7ae369b1eb1123d27a8'],Mddct <hamddct@gmail.com>,1660496102,+0800,GitHub <noreply@github.com>,1660496102,+0800,ctc optional branch
030082b53c483791367717f2d245ae57d2b6520b,aaf00c4c19ee4ab5e7351042a1af9d783b7c7ea1,['27cba880f8ae76f03a510eaad71a0c0755f090ad'],Binbin Zhang <811364747@qq.com>,1611216643,+0800,Binbin Zhang <811364747@qq.com>,1611216643,+0800,"add x86 runtime aishell pretrained model and demo gif

Change-Id: I531659ef97179fe37571d7377f9b0c4e6b30bec6
"
03030968258594d3522e562212b0ac87dbf9c889,2bb4d91837bbcb0ffff7139594e9078bc64565b5,['be6938433c04cb82177544fe3c2d059fa0b238be'],Chao Yang <385526069@qq.com>,1610707135,+0000,Chao Yang <385526069@qq.com>,1610707135,+0000,"fix comments
"
03068b8221411de24342569edd48ecc219acc8d1,e2cbd5a4f04e40fe6de5d19ff985c0bbd1370658,['c5ec7dac26994794fde385c870f316e401e91683'],Mddct <hamddct@gmail.com>,1708340975,+0800,Mddct <hamddct@gmail.com>,1708341245,+0800,"pass ut on  cpu
"
030a828e2cd3914f63a9ba8e6c26736c0993b488,40f95f93375fd3d6807ac28c29b0d8547a476a71,['c449647d067a7a0b947e13a9539d1249f28bca1e'],pengzhendong <275331498@qq.com>,1612099002,+0800,pengzhendong <275331498@qq.com>,1612099002,+0800,"[fix] fix apk crash bug
"
03184252882f1ad149e1be3400fc04ff9e5cf82b,be079f6da2bae56b1ffffe2ba39ce46090236f62,['f2fd905b9c6072e46ff5dd14e91919069eae74b5'],Mddct <Mddct@users.noreply.github.com>,1723519458,+0000,Mddct <Mddct@users.noreply.github.com>,1723519458,+0000,"Automated deployment: Tue Aug 13 03:24:18 UTC 2024 0dac0b55bf812e0e3e34289efa190334432b397c
"
033b3c295427cc0a7ef01f69eb41f39f32c481bb,f904329a4e90cf3b8422357a69303a4366dfc67a,['eee08bb18aacc09eae5aa6980f9950b5c6e16a2b'],Mddct <hamddct@gmail.com>,1711677058,+0800,Mddct <hamddct@gmail.com>,1711677058,+0800,"fix cv log
"
034462b6648874879c1c91812a5769c82c6842db,5a9d4979e991fe213df1ea788e35d93062fed731,['ae95b16f199ad7b1df138ad46cfc91b8527c727f'],zhyyao <zhyyao@npu-aslp.org>,1657978974,-0400,zhyyao <zhyyao@npu-aslp.org>,1657978974,-0400,"fix lint
"
034e4303a0a78b5b1f6400cf75dba8c9328649c7,b9e77b175b93264bffc0c6d3d2eaa3d7fab71ce4,"['4843d9e27fd60f1ca8bc6bcbf0c9b0c6f97a6247', '975c34bc41e47b130489c04542fdcaeb9afee6f1']",彭震东 <275331498@qq.com>,1617846980,+0800,GitHub <noreply@github.com>,1617846980,+0800,"Merge pull request #291 from mobvoi/binbin-symbol-table

[runtime] use openfst symbol table"
035469e7478cb1d8b77bbb774516624bfd5425d1,c800f5a64a92d2b2a4c63a44e3a838f86597981d,"['bdafc094e8c918ba21128c209ed905d9a68e5ab9', 'b8191cee9689c147b8611d79ef8309ee591e02bc']",Xingchen Song(宋星辰) <xingchensong1996@163.com>,1712510232,+0800,GitHub <noreply@github.com>,1712510232,+0800,Merge branch 'main' into LoRA_support
035570de564ed609f3e6e07141b1faedfdb10cec,241fb977986d82d0f5926fa09c3d01efe7d7f3e7,"['c788f5339314bf737cf951cd15033dd35eb78f31', '21b2ec43dcd9cfa1be0c62c02ed5ef556ba5c92a']",jinsong <33392010+jinsongpan@users.noreply.github.com>,1619409553,+0800,GitHub <noreply@github.com>,1619409553,+0800,"Merge pull request #3 from mobvoi/main

keep update with official"
0355919c099d95a67f374e6fb8c2f824f353544b,297465902d888d5dd0775c23f2df0bdfca3ded65,['5a0afe155961a8ff3f9709281ad90ff077cd49cf'],Kuang Ru <rukuang10@gmail.com>,1637920785,+0800,GitHub <noreply@github.com>,1637920785,+0800,"[dataset] Support non-linguistic symbol in uio (#819)

* Support non-linguistic symbol in uio

* Compatible with the bpe tokenization

1. Lint fix.

* Regex splits the transcripts into non-lang syms and normal text

* Remove unused imports

* Non-lang syms now support {.*}, [.*] and  <.*> format"
038cef703c0a92b440bc87a024954e3d31910959,07b09ceff764eb111f38a1f9400a48048b4c2dd4,['a8922c476ba0efbec324f8bd45672e343de7cbea'],xingchensong <xingchensong@users.noreply.github.com>,1701166937,+0000,xingchensong <xingchensong@users.noreply.github.com>,1701166937,+0000,"Automated deployment: Tue Nov 28 10:22:17 UTC 2023 373109c8d01af44ea5459b3f837c66078c4c7472
"
038f050a9f02f50131d368834a1c78a08050f6e3,5a2828f806012b65352b1945f4eab82d0b4e3a0f,['3715841ff3a8be2a5780ae01e843fe1a4970244f'],zhyyao <zhyyao@npu-aslp.org>,1657602899,-0400,zhyyao <zhyyao@npu-aslp.org>,1657602899,-0400,"fix lint
"
039f38d4ea3e4062316446e302352ede15f94a2e,994ee8bab971a1fe14d7fbe559e1cf5a6f5c0fb2,['9c65e93adc22a9acfcae3a70ade42095b1ef5d39'],Junyi Du <junyidu.cn@gmail.com>,1635404377,+0800,GitHub <noreply@github.com>,1635404377,+0800,"[examples] multi_cn format space and improvements (#735)

* Formatting multi_cn's run.sh (4 spaces indent to 2 spaces)
Adding option `has_tal`

* Fix shard storing path
More workers for training

* formatting

* fix bugs

Co-authored-by: junyi <junyi.ducn@gmail.com>"
03a527e4c58a6b44cf1370d85dbd0e879a9d6fba,6b827de4558c959350262cd141e785cd6eee7db4,['8ed430c812131e09df597fa55ce36efd5e9a3fd0'],Mddct <hamddct@gmail.com>,1738847102,+0800,Mddct <hamddct@gmail.com>,1738847102,+0800,"fix conflict
"
03b86355dd30f00c0e3832d0181d7960e1c6f76d,85f42b3317ef07d2ddb9ee7c6ac07cc8953f4a85,['a197ed4f98ea3faef2d1af7cab1e4a284a5e0544'],xingchensong <xingchensong1996@163.com>,1702391850,+0800,xingchensong <xingchensong1996@163.com>,1702391850,+0800,"[ci/cd] fix lint
"
03c1637abb40d65bc389da2643c2ee0960480bef,eb61bba227b9d801d43ae432e1c2d8941829e3eb,['f3a31735ac5cf4273f8133290846e913274b45c2'],yougenyuan <yougenyuan@tencent.com>,1634810557,+0800,yougenyuan <yougenyuan@tencent.com>,1634810557,+0800,"vkw test and eval
"
03efb98c0053adce52aa11be777ba531b68a265f,85ec3673caeb8ea784c29dba9459974cf19474c3,['741c9348d776c94486f3410dfa5680be82bb61c2'],wrz1999 <609519258@qq.com>,1651255191,+0800,wrz1999 <609519258@qq.com>,1651255191,+0800,"debug_19
"
04056c73eef09a4fa3589c4cf04b5e1608cd2cdc,0bdfa69fe006346e77d723ed3cd0697f1a8b1540,['76d39d793af65d33b2fd8a6c7b36a2e09677097e'],Daniel <znsoft@163.com>,1640991148,+0800,GitHub <noreply@github.com>,1640991148,+0800,Create readme.md
041039eef51decca77320d5ee00ef0a6e09f2d2c,10e49cae08c338d84b0dde4e504cab025cb2cb3e,['c6391c0f9839d072645ede5628ff142323095216'],xingchensong <xingchensong1996@163.com>,1663551403,+0800,xingchensong <xingchensong1996@163.com>,1663551403,+0800,"feat(tools): Analyze dataset
"
041b0d7dfd28fec0bda64d172e63659e36fd0800,f695a831822788b9602ea80f0bbcd43bfea70f7e,"['c4f043f896b27ecc8f300d80c5d57b8342cd2865', '9468727d6cb4753adf56a1b9cfa45df24e4dccbd']",likai <lk9171@gmail.com>,1683179113,+0000,likai <lk9171@gmail.com>,1683179113,+0000,"Merge branch 'main' of https://github.com/kli017/wenet into main
"
041b60b88c1f4b82a49fcec5ecfd3bfd6badfa30,79a81e28f56cd35d098dceed18c20ca45f78a531,['32fcd086dd0a916bff6b1e8abe61e1cd661b99a8'],robin1001 <robin1001@users.noreply.github.com>,1624259024,+0000,robin1001 <robin1001@users.noreply.github.com>,1624259024,+0000,"Automated deployment: Mon Jun 21 07:03:44 UTC 2021 7f00996e018839f0e2bb8835ef2452896d74ef1e
"
041ccefb35119c01d826f77aec32812bed8b3316,afd3341930b71873b1905c5d95ad140c3489d50b,['038f050a9f02f50131d368834a1c78a08050f6e3'],zhyyao <zhyyao@npu-aslp.org>,1657603253,-0400,zhyyao <zhyyao@npu-aslp.org>,1657603253,-0400,"fix lint
"
04281238137dd42e5d3b85233e1ad240baf63b71,2417f6487ef43537a3841973873b3827b0e34874,['fde1b112ac08bace3a46b07efa0ffb99662dea65'],Binbin Zhang <811364747@qq.com>,1623993062,+0800,Binbin Zhang <811364747@qq.com>,1623993062,+0800,"refine it again
"
043ea1fa0b00dd8222b9101f32bc86980d405f53,fe8ee9a65721b8c976309857f37d76960e66094e,['4324b8fb69ac5a42ab2647e5fcad0b4ba4df5559'],robin1001 <robin1001@users.noreply.github.com>,1616136374,+0000,robin1001 <robin1001@users.noreply.github.com>,1616136374,+0000,"Automated deployment: Fri Mar 19 06:46:14 UTC 2021 cdb24b1fd6a6fbf79a142fec4939d7ef0fd62e34
"
0451440e337b9caf2cf34c0dff666027594bc287,91f43719584a2495425f5dfdd9c4dc18ae337818,['04e7f88209f6bcfcae39f01f4574a78f581010af'],Daniel <znsoft@163.com>,1640991298,+0800,GitHub <noreply@github.com>,1640991298,+0800,Update readme.md
0454edd511fa910e121c388e45911fabf98e6c95,86e15019abe086e66f52eb49ae1cbaab7077f4b2,['1a3633a6d613bb4342f8b75982953c9b57e4765c'],Mddct <hamddct@gmail.com>,1708621586,+0800,Mddct <hamddct@gmail.com>,1708621586,+0800,"[wenet] fix decoder find unsed paramemters
"
0457e5354e13d7bda1400cd289d1e54a1bd839e9,0616a91c00affc36e491d9c1d034e3e7f62a54a6,['e657753d4d197dbf8481159e5870c6e4aae6a6ea'],廖子寒1 <liaozihan1@xdf.cn>,1684736099,+0800,廖子寒1 <liaozihan1@xdf.cn>,1684736099,+0800,"fix NST glitch
"
0459cdd6297b9aa5817e8aeddb9f3d4a0509603d,9fc15c44d59551cc87a9cf41dc449fc9d79e867d,['00b29f1fa8fe8ae2ad6156b90c1e0bfab85a9fc2'],jinsongpan <761086340@qq.com>,1638675785,+0800,jinsongpan <761086340@qq.com>,1638675785,+0800,"update index.rst
"
045f8fa79d2224649e53aa85e768b927e96e9597,a20609b390279a23fb4b0949cb160e8693a170d0,['0e13def697160cabaed5e2e631a181d27a4571d9'],Di Wu <1176705630@qq.com>,1611900018,+0800,GitHub <noreply@github.com>,1611900018,+0800,"[fix] fix s1 librispeech config bugs (#109)

"
046cca7e44896a107ee0b297d7ac8912780abefb,5ee209d5119c9b2181da33340731e25f3b3eaefc,['a4d7e3c8097fc31366773ed801999587faf5614d'],day9011 <329723954@qq.com>,1637755496,+0800,day9011 <329723954@qq.com>,1637755496,+0800,"add endpoint reset in runtime/core/bin/decoder_main.cc
"
0477c45d32c7a146e24384ead04f419f091594bd,1335032c52e29fecc3c1746d446eab3576ede318,['0142cf9db9276c9e606d3aa344bf7ece183873ce'],robin1001 <robin1001@users.noreply.github.com>,1679997278,+0000,robin1001 <robin1001@users.noreply.github.com>,1679997278,+0000,"Automated deployment: Tue Mar 28 09:54:38 UTC 2023 d677f278906950d7e8265b1a4de740874aae59da
"
04927dd0db4a7218f14f666c81e11c47c1850ffd,9ba059cbef7ab6382fe9bd7bc4b608bd74127628,['fa04bdd99d3fc487a536d5daef0e33cc6eb8a30e'],Xingchen Song(宋星辰) <xingchensong1996@163.com>,1664898699,+0800,GitHub <noreply@github.com>,1664898699,+0800,"fix(wenetspeech): Fix dir name (#1479)

"
0496b1d82e4475fcd8e4dd90c87a400eb411d8b3,415b42f1d45b1bc1c9f0ae2935656f97c3c4a85b,['1683016b02a4f48cfe101f57e0daf0913825e95f'],yuch <cy823236858@gmail.com>,1670234259,+0800,yuch <cy823236858@gmail.com>,1670234259,+0800,"add few lines in README
"
049dc908a5ee1616ceefec0f7fb1e65e87cbdc40,4d280d264df3eee1d16f81b1bdbb80855be355c4,['256a3ad31e02907c22f58fa300826ea2b22c1d47'],ZailiWang <zaili.wang@intel.com>,1702533320,+0800,ZailiWang <zaili.wang@intel.com>,1702533320,+0800,"update ITN dependency
"
04a044b30877c8b45f804750296316a5a1a6cf01,b0e3b1b6e304127382c04b903c46bb9067b470fb,['ca40c049a14291ea9e738bcaf4947daf32dfafd9'],yougenyuan <yougenyuan@tencent.com>,1634812827,+0800,yougenyuan <yougenyuan@tencent.com>,1634812827,+0800,"vkw finetune scripts
"
04a046badb984dbbf7d8b04a651f987bbec8b2ab,9c44e8b9ef6526edda9a49d16fb319fd247e6ea5,['db5dc6a81b7b98f78ec11374b634684ff732949a'],彭震东 <275331498@qq.com>,1651586136,+0800,GitHub <noreply@github.com>,1651586136,+0800,"[runtime] update CMakeLists.txt for win debug mode (#1080)

"
04a9287d089387fb1ea18e3ac82c19245c1bc21a,3a4679b7e31e228762b11055d602b869f507fda6,['bf5da64aba864e49b3f481365a46ae3358abc21d'],xingchensong <xingchensong@users.noreply.github.com>,1748766062,+0000,xingchensong <xingchensong@users.noreply.github.com>,1748766062,+0000,"Automated deployment: Sun Jun  1 08:21:02 UTC 2025 d215664580194a873b57f22840c58617b146838d
"
04acbfb324cbd52447b35db8bcec6970fb38f926,fde938d13bf7152e8f45991a9d589ca18eea2202,"['43d878b3d1d4fd4c80851ad6f74a9b6ae72f9395', 'f4847dcd5d6978a4ccdfeb0134d88d5f8501c791']",fclearner <614478391@qq.com>,1721546180,+0000,fclearner <614478391@qq.com>,1721546180,+0000,"Merge remote-tracking branch 'origin' into LoRA_fix_args
"
04bbc969855a3f35ff588931b1feba30c2ac6190,4698e0a0e918a83901e72ee36286e72116654440,['b37d05ee55556628be876c2380482748b5e78d0b'],Binbin Zhang <811364747@qq.com>,1610453399,+0000,Binbin Zhang <811364747@qq.com>,1610453399,+0000,"fix topo

Change-Id: I2769d842b43837c6ee829761b318b12955ac7fb8
"
04bcdfcff041bc72c9500a84ce3ec62d200a15bd,f88a31dc9bd988f32f99f277293695849b788340,['6a38317381e98ce349df9312477c67e967fa39fb'],pengzhendong <275331498@qq.com>,1625553435,+0800,pengzhendong <275331498@qq.com>,1625553435,+0800,"[runtime] fix gflags namespace
"
04cfa452fa96cf110926399d0589e1785c3ba260,12945d770186f7b47ad553a926389363f574e8db,['b918242b9e8a764f692ed0dd5a6488c7e051b151'],Di Wu <1176705630@qq.com>,1630348803,+0800,Di Wu <1176705630@qq.com>,1630376676,+0800,"[tools] add char to syllable script
"
04d6fd6ae049274548261f8c539847f28592b0fa,906b1e46dbab26dc111c22042ecc3a384152d6e5,['66e9d440021d7b96143d09b772d8e46727b6cfd1'],robin1001 <robin1001@users.noreply.github.com>,1698383508,+0000,robin1001 <robin1001@users.noreply.github.com>,1698383508,+0000,"Automated deployment: Fri Oct 27 05:11:48 UTC 2023 6f16bc6fbe64231f830ebefa63a62a36c1ceaa50
"
04d7761f23375eae7c9c7f39af66fcf3daa742f0,7b1cb89a7f01b0a1c532ff12a6ad48eecf915d33,['75c822dbdb3cbbb09aaf1e501d5035281ccab8e8'],Binbin Zhang <binbzha@qq.com>,1704170148,+0800,GitHub <noreply@github.com>,1704170148,+0800,"[dataset] keep pcm for other task (#2268)

"
04e207ef03d79f5255d9151cbd6ba2811bc6061f,545b9387f639208b75ce2d99da72939ed205d518,['dbd3fcab557d44bf93a7f6a55290840715d2cbb9'],biofoolgreen <leebiofool@gmail.com>,1650590555,+0800,GitHub <noreply@github.com>,1650590555,+0800,"[wenet] Support WeNet to run on Graphcore IPU (#1049)

* [IPU options] add ipu opptions related

* [dataloader] add ipu dataloader

* [network] rmake lable_smoothing_loss and add_sos_eos run on IPU

* [pipeline] enable model running with pipeline

* [hotfix] fix batch size for Dtaset,  drop accum_grad option

* [optimizer] use poptorch optimizer

* [scheduler] add device factor on scheduler for ipu device iteration

* [scripting] walk around for torch.jit.script

* [training] adapt training process for IPU

* [network] enable model run on IPU, change eps for half precision

* [install] use cpu version torchaudio

* [hotfix] ix bug  in yaml, lbs loss, executor

* [hotfix] fixbug in training process

* [logging] add throughput calculation

* [doc] add description for device_factor in lr scheduler

* [ipu option] refactor ipu options

* [hotfix] fix bug, add options for profiling

* [doc] add ipu readme

* [doc] drop unused

* [doc] fix readme

* [lint] fix lint

* [lint] fix lint

* [lint] fix lint

* [hotfix] changes as the review comments

* [lint] fix lint

Co-authored-by: Tong Jinle <tongjinle123@live.com>
Co-authored-by: tongjinle123 <lancertong@live.com>"
04e7f88209f6bcfcae39f01f4574a78f581010af,0dfb5b1d70ab646c3a7d148d8c14d662e48af389,['04056c73eef09a4fa3589c4cf04b5e1608cd2cdc'],Daniel <znsoft@163.com>,1640991238,+0800,GitHub <noreply@github.com>,1640991238,+0800,Update readme.md
04ea06d8f3aafe5dc2343176e7abe2058b8e5a93,fb90552f0b1a8de72b531a5571b65a22d693e31b,['1720389576ec5d5393289236240a956c1df4dfd9'],Mddct <hamddct@gmail.com>,1657274283,+0800,GitHub <noreply@github.com>,1657274283,+0800,add predictor type
04ed4b40e026ca9e4919bb7b566ada8081b985b2,cecfa546cc8d97dd6fade6221a8493b063f8d604,['fe6cf0fd2d1dc60dddcecf1eb97d16118b964bbf'],xingchensong <xingchensong1996@163.com>,1704961426,+0800,xingchensong <xingchensong1996@163.com>,1704961426,+0800,"[examples] try to pass ut
"
04f749a80ad5eac355a8ed4d62459156dd2f9bd3,fffbbd5fb6729f4af01806d965b0d63a4ff4a4cf,['292cddb4dc599b35d1ff7874a923fd5c77556afd'],Xingchen Song(宋星辰) <xingchensong1996@163.com>,1705908093,+0800,GitHub <noreply@github.com>,1705908093,+0800,"[examples] update whisper results on aishell-1 (#2313)

"
050268a67d59acd6a5c82c5afa6562e3068e8cc5,db7acb97b402f0520e1b70f20c3ec39e7230b110,['ea1191b0abe004497862ee53abca5553b2d05a4a'],Jack Wu <leopardsaga@gmail.com>,1611643043,+0800,Jack Wu <leopardsaga@gmail.com>,1611643190,+0800,"Port Python 2 to 3 of compute-wer.py.
"
050f04172b7f3d9dae104ed871dd404b24ed15b6,712fd0e52bd8a8620e2d7ebdb9fb37f40a6e48f4,['04a046badb984dbbf7d8b04a651f987bbec8b2ab'],彭震东 <275331498@qq.com>,1651586212,+0800,GitHub <noreply@github.com>,1651586212,+0800,"[workflows] upload dll of api_main (#1081)

"
05256726f6bea110729d750bc4c45b8f7169496f,a25337ff559fe9f3a971e6f2fcf174183ccb4d2d,['0f467bd60218061787f743924c6acfb39d7cf076'],Binbin Zhang <binbzha@qq.com>,1651407077,+0800,Binbin Zhang <binbzha@qq.com>,1651407077,+0800,"enable publish to pypi
"
052d484c9ec4bd3c7e29f33cf847212109c22431,58ed420cac884843d560e52fe6e73084300228f1,['9b3c79c74a5b417902214c7aba3f12f1dcc24dfd'],Hongji Wang <jijijiang77@gmail.com>,1687338769,+0800,GitHub <noreply@github.com>,1687338769,+0800,"[runtime] support streaming ASR web demo (#1888)

"
0544b95648968ab369d5bea8c1a421fcaf49ebed,c6f30417c20210917792158936fc675dfbbfc2d1,['2bfc65cb88178bbd339d54aa3dc592213f89a907'],veelion <veelion@gmail.com>,1662012833,+0800,veelion <veelion@gmail.com>,1662012833,+0800,"remove lock if only one wav
"
054c14965657b2346558295aea8e3c7b6acc8e2f,844808649787a0dfa3c847a863f3b275d213b1ad,['5576e6f4bf7da28232a60167b74cd0217df320d8'],Mddct <hamddct@gmail.com>,1715137581,+0800,Mddct <hamddct@gmail.com>,1715137581,+0800,"[transformer] try to fix mga in onnxruntime
"
0558fbbafeefa6df2cd34c77155282a290f3c55a,bc396bd42e08ceafc1b3ecd27538eb54f9198cdc,['1f4a8b3b6337482013f564440e4bfe23ead64f40'],yygle <yygle@qq.com>,1663244675,+0800,yygle <yygle@qq.com>,1663244675,+0800,"fix formatting issues
"
05600d6a65e717e9752fb0f83706a21280d76609,5786b35d957bf8e7f0e0f3503e0dcdb8e28f3aff,['960728e07e06c8225c5c80c02554a405636dcfdb'],pengzhendong <275331498@qq.com>,1667185165,+0800,pengzhendong <275331498@qq.com>,1667185165,+0800,"[runtime] remove non-commercial info
"
0560f702ad63aafa742700fcb0dbf468541a5d3a,c97b58a7765b3b446dbdeff7e26a505d746ff657,['98eac6f1e988eb4868a0f63615ed42b145b3bb3f'],Dinghao Zhou <hamddct@gmail.com>,1723034202,+0800,GitHub <noreply@github.com>,1723034202,+0800,"[ssl] fix bestrq  l2norm (#2599)

* [ssl] align the l2 norm

* fix cv targets in dataset"
0561406f2d891c8fe5cbd4c9b133802f526b3aea,c2270804ce8b60de69354cdcb1b6f01d329d2abd,['7b94b63847a2ce3f3a85f66f5eb75b6b2ea07af2'],xingchensong <xingchensong1996@163.com>,1701147658,+0800,xingchensong <xingchensong1996@163.com>,1701147658,+0800,"refactor(model): add utils/class_utils.py
"
05672992b30c15a47bb2171d64347bfd6ee3729d,98ad6c395af855a7890ce7113b6e3fb0077a3c25,['58c6ee46728f95893d93a37640b0555d98cc9c96'],Binbin Zhang <binbzha@qq.com>,1648622527,+0800,Binbin Zhang <binbzha@qq.com>,1648622527,+0800,"[runtime] fix bug when kEndpoint is triggerred at the last chunk
"
056cc766ba657e002c355edffeda08d52a46be03,6bcc089b99c575f18fd44b0664e7cde002feccf4,['222b3c2dfb106af93f681f4dce8102ed05e5e033'],robin1001 <robin1001@users.noreply.github.com>,1622538237,+0000,robin1001 <robin1001@users.noreply.github.com>,1622538237,+0000,"Automated deployment: Tue Jun  1 09:03:57 UTC 2021 a7604d38424e7d67aa27831f3d3cf7b042ddeb59
"
058cbfe94b217733c1c1c01006fa8ed3b5064e7b,716ad75b714e175bebd608243b9dee558bb09cd8,"['f85d5ef9b65ef274c2886b6b09f0b7586fbfa051', '3987af48c4d911e6354bcce12c241230969aa8ff']",Liuwei Wei <weiliuwei2013@sina.com>,1666148525,+0800,Liuwei Wei <weiliuwei2013@sina.com>,1666148525,+0800,"Merge branch 'ml_blockformer' of github.com:LeonWlw/wenet into ml_blockformer
"
059c6bf0a000c8ae610a6a0d955a7a164d65b940,25f72c6e7ab84236e5d15c6d0f758ebd2801c6e7,['e0e4171434c6c8c1de5842ba826887ecd16e5497'],pengzhendong <pengzhendong@users.noreply.github.com>,1635139338,+0000,pengzhendong <pengzhendong@users.noreply.github.com>,1635139338,+0000,"Automated deployment: Mon Oct 25 05:22:18 UTC 2021 5a3c6c984b04bdf82097d879edd61d595dee2bd9
"
059ce00e47c822010db074710df4aaac68bdd860,a395fae1076c1930dddfc3fce43dce105c25c8ab,['4d6d77e119a67fd7ba4a6dbd4e53a80cc8fb64d3'],Mddct <hamddct@gmail.com>,1618217748,+0800,Mddct <hamddct@gmail.com>,1618217748,+0800,"refine
"
059d38ca2baac9217a207b4e954ae3b08c1dddf0,8e1eef40466563badfe25ef69835fe6e9a2fbd54,['3db7af20d1d6c826756e6806b8b337fc5490563f'],pengzhendong <275331498@qq.com>,1629086268,+0800,pengzhendong <275331498@qq.com>,1629086268,+0800,"[docs] update model name
"
05a2579c2fad52633eb23f9a17bcced73c258528,0147b5761842136012d9607d7375e4c38a771f50,['33a55d528368f9f90ac1fe31dd2d1f1f368f7e54'],Mddct <hamddct@gmail.com>,1713526145,+0800,Mddct <hamddct@gmail.com>,1713526145,+0800,"unify chat pattern
"
05a28b242b978b7c7ede401995711988672ff5f7,9362fc06cd9560a7a7808e654cd1fbc52b7ef1f9,['fa583b603c1d32023467389b2055fece2e399e88'],Wenjing Xia <827146228@qq.com>,1615951538,+0000,Wenjing Xia <827146228@qq.com>,1615965024,+0000,"[doc] add aishell2 result
"
05a993fb0b8b1e18bcb8eda23a1771e7352c0d8b,1f2cb5f31b7187888f101bb74113c9bab995f33f,['3a0a53677952d34c3c8d6aaf12193c55e9f23217'],pengzhendong <275331498@qq.com>,1692536724,+0800,pengzhendong <275331498@qq.com>,1692536788,+0800,"[runtime] Support M1 Mac onnxruntime
"
05b141165f5f4e467cbbb2b85dc47eb5883c31ae,d5bcc52e291525c7ec13dd27f2ba5b3671aa3473,['d1399161e2f62def2a52bcbd6bc4541901930b3e'],Xingchen Song(宋星辰) <xingchensong1996@163.com>,1670226449,+0800,GitHub <noreply@github.com>,1670226449,+0800,"fix(bin): Disable spec_trim in cv (#1599)

"
05c76b062b7b8da4e9b277e4e171bbfd79e6fa64,3f472bd4e78090d650db4ca537015b689d8d4706,['393a666e1e7037cd8669354048525df4c6300214'],Binbin Zhang <binbzha@qq.com>,1676086380,+0800,GitHub <noreply@github.com>,1676086380,+0800,[doc] add runtime summary
05ccbf369a88ae7163cff49848aea5fc38b873f5,7dce47223c3b81cfb1f462e4eb1bca5a038dd541,['d13de478b5a8556d5af82ab46bf4d18bc9fe074d'],Mddct <hamddct@gmail.com>,1710519667,+0800,Mddct <hamddct@gmail.com>,1710519758,+0800,"try to fix wenet.join fsdp
"
05cf4db49ac10b5b4c355bae0316ee1f3c43feca,2b721794a23001e0d927fac1fa19366fddc79cbd,['32f08b2e18e313c81d485f64678b22e0852618d0'],Binbin Zhang <binbzha@qq.com>,1692884717,+0800,Binbin Zhang <binbzha@qq.com>,1692884717,+0800,"[binding] add python binding command tool
"
05d8010f18e40a302aea3351e5585240d5280ef5,df00ef75a2cf7e4b0ed3fd53c081583c64a1f031,['494297b2801bd76f9dadfcb04964be29e8769e92'],bit-8 <771882370@qq.com>,1688373897,+0800,bit-8 <771882370@qq.com>,1688373897,+0800,"fix bug in cmvn.py when load kaldi cmvn file
"
05d8045476cac9074487609c0f20c6545386fdf4,458bbd25d7d878953cba7aa64dcae8ff01cc1cf6,['ff54afeb10564edc9a50e81208d8df44a893bf74'],xingchensong <xingchensong@users.noreply.github.com>,1710908868,+0000,xingchensong <xingchensong@users.noreply.github.com>,1710908868,+0000,"Automated deployment: Wed Mar 20 04:27:48 UTC 2024 11eb863a4d3ec9995d5dcf33af4c01196d904c9d
"
05e03657849931e30ac58a869a2625141d92becb,cc6dc7e4c6e9f41ef470ae5d9778458e945fbb34,['02d4c9c90ec1cad67cb72f985c0ba00c6c0972e9'],zx1116 <2015301500028@whu.edu.cn>,1658303544,+0800,GitHub <noreply@github.com>,1658303544,+0800,Update papers.md
05e7086de00af94451626484e211b7c0065a1289,5f151dfbe92c282f33c2ed2b2b7420ce20a30901,['545771dcda6a9c50fb75d59f0154ee36144cf592'],pengzhendong <275331498@qq.com>,1630395028,+0800,pengzhendong <275331498@qq.com>,1630395028,+0800,"[runtime] update CMakeLists.txt of kaldi
"
05eb1134c38d3d4e3d7ca336918c610b52babd66,342ed506fdeb59b181cd3facf5a7be7405b39113,['e21042b5e8de8d6a4773d4cf4010471c992d00c5'],Binbin Zhang <811364747@qq.com>,1626835907,+0800,GitHub <noreply@github.com>,1626835907,+0800,"[runtime] remove const and reference in LogAdd function (#522)

Change-Id: Idcbaca4ce1d3be542187f18f77d7bcdfb18f1db5"
060176e85cf162655953c6d9718af2b09210e043,8568c2dd89911ea6a6b913fa28dba3ceaeec6927,['36d934e651c78a758c6f5d1c9c3a4d1e3a841b24'],Di Wu <1176705630@qq.com>,1627386284,+0800,Di Wu <1176705630@qq.com>,1627386284,+0800,"[tools] large scale dataset support
"
0605329a1160d0c9bbb5881ad0899fddba6178f4,67a0c7c878f831178a0487ebd2753b8aefb764e2,['1ca8bfef12e4454deb353f3c62f57f0a467f12e3'],pengzhendong <275331498@qq.com>,1612105442,+0800,pengzhendong <275331498@qq.com>,1612105442,+0800,"[fix] fix description of argparse
"
0625895a4919cb006160048b721265e6d23f88ef,7a75c8997489e4f96a9da72ad45396ce99f858e7,['82c34c4b0ef8fe0abb1a4f73957a389fde89a46d'],Mddct <hamddct@gmail.com>,1738917447,+0800,Mddct <hamddct@gmail.com>,1738917447,+0800,"precision match!
"
0625c2a6da5cd70eba5dbfdeecf92e09e2ac30e8,fbd5d129e1d218e69bfd00d8f22ea531219072a9,['b7231d3974909c2f453622c8958a1e173686d36f'],zhyyao <zhyyao@npu-aslp.org>,1657600913,-0400,zhyyao <zhyyao@npu-aslp.org>,1657600913,-0400,"fix lint
"
063287b0a9ddab65067f8231c1d33e9177e4199f,8fda257d50e0da805937194ecb8e1472ad3502e7,['36d934e651c78a758c6f5d1c9c3a4d1e3a841b24'],fanlu <fanlu7311@163.com>,1627380234,+0800,GitHub <noreply@github.com>,1627380234,+0800,"Update compute_cmvn_stats.py

fix sox_io_backend.load param offset to frame_offset @whiteshirt0429"
06340a6ee2ff8e94f8a5e795b08308fe0c0849d1,bf0fdb94d60fe3480af8a9c376ab0ba34d141c5f,['04e207ef03d79f5255d9151cbd6ba2811bc6061f'],Jinle Tong <lancertong@live.com>,1650767187,+0800,GitHub <noreply@github.com>,1650767187,+0800,"Graphcore support ipu (#1050)

* [IPU options] add ipu opptions related

* [dataloader] add ipu dataloader

* [network] rmake lable_smoothing_loss and add_sos_eos run on IPU

* [pipeline] enable model running with pipeline

* [hotfix] fix batch size for Dtaset,  drop accum_grad option

* [optimizer] use poptorch optimizer

* [scheduler] add device factor on scheduler for ipu device iteration

* [scripting] walk around for torch.jit.script

* [training] adapt training process for IPU

* [network] enable model run on IPU, change eps for half precision

* [install] use cpu version torchaudio

* [hotfix] ix bug  in yaml, lbs loss, executor

* [hotfix] fixbug in training process

* [logging] add throughput calculation

* [doc] add description for device_factor in lr scheduler

* [ipu option] refactor ipu options

* [hotfix] fix bug, add options for profiling

* [doc] add ipu readme

* [doc] drop unused

* [doc] fix readme

* [lint] fix lint

* [lint] fix lint

* [lint] fix lint

* [hotfix] changes as the review comments

* [lint] fix lint

* [hotfix] fix bug in train.py

Co-authored-by: Tong Jinle <tongjinle123@live.com>"
063c62f0ca4bca37692f34efc7d2d909cea5a26c,7ae9541e31af8934b70f5cc74a3f468fe0f23424,['da1205a4b2396a13fc200a19262b21a73715d5ba'],whiteshirt0429 <whiteshirt0429@users.noreply.github.com>,1619667600,+0000,whiteshirt0429 <whiteshirt0429@users.noreply.github.com>,1619667600,+0000,"Automated deployment: Thu Apr 29 03:40:00 UTC 2021 410bcdded560d073883afc51fc4eb22caedf1dba
"
063d79b894cc5f282d796d4782a6850c6c343e25,1a090a6f569d32712ac95ef8591a3caf1abf78b5,"['f54d0ef14901037ad39790bca2df668c1c4d7ab0', '46f4bbe0b75002faea0fd003cd689bc3d09cf237']",彭震东 <275331498@qq.com>,1625043088,+0800,GitHub <noreply@github.com>,1625043088,+0800,"Merge pull request #484 from double22a/patch-1

Update README.md"
064429414ae09ed700243771681961b78481f434,a7ad8cf5d9eb0ab378ad93b72258c781ab6187b1,['c2a832a66e8171ba374c417910f18d870c5c4709'],Mddct <hamddct@gmail.com>,1711097398,+0800,Mddct <hamddct@gmail.com>,1711097398,+0800,"all wenet xxxformer works (-paraformer -transducer)
"
064a388fc338ea863239efa84e1a79f284465863,ac5f29c7057065bdb3bcfb4ea9d1bf276fb32b1f,['1bd6942537dc8e6432a67ccbed5706989696f0cc'],slyned <slyned@nvidia.com>,1632646298,+0800,slyned <slyned@nvidia.com>,1632646298,+0800,"add ref for vocab & fix python script style

Signed-off-by: slyned <slyned@nvidia.com>
"
06574048f9a03b4fb037231522b68a393cbd944a,b7ba35070933286af3dcd36b1d08e9497c1491ee,['d196c25dbe7e9a911938d661a507000e2c596642'],Nickolay V. Shmyrev <nshmyrev@gmail.com>,1661308085,+0300,GitHub <noreply@github.com>,1661308085,+0800,"Delete file before update of symlink (#1399)

"
06628b4f12b298ce7784705cdbb1b041b3b602f7,ceb694b3e5b21e73cafaf8b6522b70ce832acc3a,['bb755664091598482f2aaa1090402bb8f60719f0'],pengzhendong <275331498@qq.com>,1662191964,+0800,pengzhendong <275331498@qq.com>,1662191964,+0800,"[android] fix symlinks
"
066943ef6be0ec88963583c78e312022664e0b6f,163ad7c3e943e8ad0c79b055e3895e78e966640f,['f896997cbd6be2f8e4d33cd139b7f307d10f548f'],robin1001 <robin1001@users.noreply.github.com>,1697452745,+0000,robin1001 <robin1001@users.noreply.github.com>,1697452745,+0000,"Automated deployment: Mon Oct 16 10:39:05 UTC 2023 d99295b753f7333a70c3648ab99731ba562c404d
"
067284d18370270b91c038c32da3df2f3c1aba7a,7b50f5ef3dfde3e6c6c2010864b794b102be4467,['ad5b3b6674a00fff55757a7282754101a59d1310'],Mddct <hamddct@gmail.com>,1707211753,+0800,Mddct <hamddct@gmail.com>,1707213270,+0800,"[ssl/w2vbert] support w2vbert fbank
"
0678b5b6d6cde99a1381356577e38338c6455d13,cba9373d64515230e18dfd4366f09c66894c7b8d,"['c6cf94b679f8f41171232fae089cf0faa14201ea', '87886a897ec6c7da0fee38cf8ba266a52c76dc65']",Jinle Tong <lancertong@live.com>,1650978568,+0800,GitHub <noreply@github.com>,1650978568,+0800,"Merge branch 'wenet-e2e:main' into main
"
06864ac4b7b0fd05f346baa619730440ffb58247,6b4e19daff2a9d8e87ea31d890a838f26c6fa882,['b115913c5fcc1681aa86b05011783e0f6d1906d1'],kobenaxie <572745565@qq.com>,1707038034,+0800,GitHub <noreply@github.com>,1707038034,+0800,Minor fix decode_wav
06875e4b3cb5c5bf823a69d0c2d1bcb73553d48b,531f2132737bc823334f36ea4f8255aac1bf4af9,"['f9fb24aa4ab589f7a50f89c912c2b7d9b8ff199c', 'a2c0fec01e8a760b976d93d41633fe95f6557fc7']",Charlie_Tang <405691733@qq.com>,1634024922,+0800,GitHub <noreply@github.com>,1634024922,+0800,Merge branch 'main' into hydra_recog
068ddef3296f8ae6e95b89cbe5f8d983e3a82fa0,2a14ed7fb24b104bac3cc8809065b8e0e1d6c7eb,['454fd4b2b3c0520c66a167b25428fea6a1414d53'],Binbin Zhang <binbzha@qq.com>,1661908766,+0800,GitHub <noreply@github.com>,1661908766,+0800,"[runtime/web] add runtime web demo based on gradio (#1416)

"
068e4a77657e2a0d8f05b54e208ac605a3c27025,52d48fd4b14c905981133bb62ca634dbad474bbd,['a0fb17137aed606eaacb89b54a7aa9f99494e007'],veelion <veelion@gmail.com>,1667465555,+0800,veelion <veelion@gmail.com>,1667465555,+0800,"fix batch_size
"
06af1090fa364ff8d17c3c009d272ddf18c5b5ad,508ba05985ef64bc16691b5b2a05c11aba1e54fc,['113e18455eb73b830ba9333cb25c578466917add'],Binbin Zhang <811364747@qq.com>,1610678724,+0800,GitHub <noreply@github.com>,1610678724,+0800,"refine training parameter, change layernorm to batchnorm in conformer (#59)

Change-Id: Ic6a9821c2c41a20e96585b3561c23a48cffe1a53"
06d3dea9faaad83b167e4de5e2fbea250d746b70,a461c9594705f09f11d26e27fda0d5098b150e74,"['de7872b061ec369ba385bd9f7c14ca49116ff1d7', '30f6b2b0c5ed3fa89bae6d80f630bbd4ca6192ba']",Jean Du <37294470+duj12@users.noreply.github.com>,1694856158,+0800,GitHub <noreply@github.com>,1694856158,+0800,"Merge pull request #1 from duj12/itn-wetext-sub

use wetext subproject."
06e3427d26540ff91674f23180708c6234b1c581,51550074008c04b830bd144b1497d7d33e3543a5,['ec2958a650b9ca1656c1ac887c58791aadd49917'],xingchensong <xingchensong1996@163.com>,1710943546,+0800,xingchensong <xingchensong1996@163.com>,1710943546,+0800,"[runtime] linux CXX11_ABI gpu
"
06e58a6ba4207e231fd64df729df992f2436749a,a4ec01752d18ec7348ce6a5fcc521bd795d69a56,['a31a7d16108ac07b8231f1f55c30a29258ceaf86'],yuch <cy823236858@gmail.com>,1670779384,+0800,yuch <cy823236858@gmail.com>,1670779384,+0800,"add config
"
06e8157b36cd958d8833c0cc189431c76f6352bf,084c9ee8d0cfad944e9a059f3edb106bcc4cbc6b,['f0599d6bd89cb777ce770904f4c3ec1203dbc69c'],robin1001 <robin1001@users.noreply.github.com>,1657419169,+0000,robin1001 <robin1001@users.noreply.github.com>,1657419169,+0000,"Automated deployment: Sun Jul 10 02:12:49 UTC 2022 eeb64ee47c6efa73608a78014bbdf1cc9fb591b0
"
06ee7bad40483840da73abfbb5664466eed57376,3d63dfb99eed9574a647d8665d01a141075d3ddd,['d07c8c4654bb33ab3cae3717514c4a826ce57252'],xingchensong <xingchensong1996@163.com>,1683771701,+0800,xingchensong <xingchensong1996@163.com>,1683771701,+0800,"feat(train): make save_states configurable
"
06f4e2b64d32a9b25a3da8a7ec316344fc783e78,9c8ef24f462a6fa466cbf197a3046f9b124b9fa6,['9e599b6561622f8ed0f90a4a9b96cd39188e451c'],chwma0 <75061355+chwma0@users.noreply.github.com>,1617349354,+0800,GitHub <noreply@github.com>,1617349354,+0800,"[fix] modify version condition of torchaudio (#274)

"
06f74d1ec4257ed73b0109b0e0e8d3c50577a3d5,63b8bb4cee64f569d3929da16215e6958ef987d9,"['25b098218c4f0decc1120f0669b42de906219e49', '8f4c3844e28ec23b66e014298a60ff8182f9833a']",Honei <915574300@qq.com>,1670740276,+0800,GitHub <noreply@github.com>,1670740276,+0800,"Merge branch 'wenet-e2e:main' into main
"
07176dbf8277fe1f45fb8cc7e506399bc73c7aa5,8eef96d941210aed54a0f1841ff4c391c5f81a25,['9fa8342ef63554d6270fe7bc4dbfc8f100ec0789'],pengzhendong <275331498@qq.com>,1649760604,+0800,pengzhendong <275331498@qq.com>,1649760604,+0800,"[workflows] updata doc.yml
"
071dc9f5443d07e7b0bff0762b94e21965cd745e,f92c23092995ff52935316634850582ac667e16a,['a5d61b6c8ddc45eb5ee5c01d5b2afca07997c80d'],kli017 <lk9171@gmail.com>,1688958577,+0800,kli017 <lk9171@gmail.com>,1688958577,+0800,"updata branchformer config
"
071fc5359b4b3de40eb8960d0663767f6895ef20,80f4eddce843417c1dd0d7dea6b51a7848420122,['003277de21ab47572e15e7d42d20ac8255e78fcc'],Binbin Zhang <binbzha@qq.com>,1651395588,+0800,Binbin Zhang <binbzha@qq.com>,1651395588,+0800,"fix syntax error
"
0723b57bebd3427fcea7ebf1754a460a8a117d22,21e99397efee79846b1af73dbd09a0f05345ccc1,['d677f278906950d7e8265b1a4de740874aae59da'],Binbin Zhang <binbzha@qq.com>,1680093699,+0800,Binbin Zhang <binbzha@qq.com>,1680093699,+0800,"[fix] fix lfmmi dir
"
0735ebe9f98d32de955ab066b379988c2bc7d336,ba0654d6269b7802f32fa42e6931f599ccfc413d,['b50bd5bfc583ae63bd0035a397ee3106e60e5c3e'],Kürşat Aktaş <kursat.ce@gmail.com>,1729511669,+0300,GitHub <noreply@github.com>,1729511669,+0300,Introducing WeNet Guru on Gurubase.io
07448b9ddec60637f1a35c5bf59fa28aff4a7977,1f61661985aa6edab74710a54521f3cf53d5d72d,['05256726f6bea110729d750bc4c45b8f7169496f'],Binbin Zhang <binbzha@qq.com>,1651420236,+0800,Binbin Zhang <binbzha@qq.com>,1651420236,+0800,"do not copy so
"
0759df0f0ece802c377903c74b7bd3c4d3504722,d0f70a29cd29f2c706f1a898fd780b6cad467210,['532cffa640aa79b6334c5f8d3b7c028a28cb3b22'],yougenyuan <yougenyuan@tencent.com>,1634715392,+0800,yougenyuan <yougenyuan@tencent.com>,1634715392,+0800,"format recipes
"
0768fb111bd16b68399d0102798ae0eecb835874,95597c650835b110e8f0d3a56d7b8a7574a484f9,['3eb9a8579d65a32b606aa04c89bdfcaca10d220b'],Mddct <hamddct@gmail.com>,1681895390,+0800,Mddct <hamddct@gmail.com>,1681896984,+0800,"[bestrq] stable training
"
0782400890d1c72b81dd166e41363ad0ccc61cd5,33c6b28c27097003ed818d35afa440979e4c8d9e,['0045ecc97b48c89ea6a61ea8880cc39b98acc071'],Binbin Zhang <811364747@qq.com>,1616931222,+0800,Binbin Zhang <811364747@qq.com>,1616931222,+0800,"[doc] specify torchaudio version

Change-Id: I4d12186e7a9f7b31294be09bae7fafadd8bda1c3
"
0789964bae8f759ce0bdebe0a9e9009b7149db63,95a54d33f3a49feefd1a0554217bab80aa3c5a4f,['3680702a843aed374e1ad6c095e1d0a4fae30f72'],Binbin Zhang <binbzha@qq.com>,1665282446,+0800,GitHub <noreply@github.com>,1665282446,+0800,"[doc] refine pretrained models (#1483)

"
0794ad434bd0129b97dd3258990335dcf1c33675,7bfce4434dc430c4ab3834427bf9f9bbc5e2d775,['96a8d5126a4afe0076d89de835cc4f6a6c5cd45c'],Binbin Zhang <binbzha@qq.com>,1655994990,+0800,Binbin Zhang <binbzha@qq.com>,1655994990,+0800,"add python binding
"
07968fe8e7ccb522fdd1574ead2b810b8638734b,12a46f65cb2acaaed7b7791ebd3b363cc7208c4f,['931c973b8de394fa1158b625c9a5e190e5dfe8bc'],Binbin Zhang <811364747@qq.com>,1631844472,+0000,Binbin Zhang <811364747@qq.com>,1631844472,+0000,"add exception handling

Change-Id: Id86148054ddcc94046945fd398f8442ff5f50769
"
079cf277e43d97447e00c2b6d1a89e890b3398b1,458bbd25d7d878953cba7aa64dcae8ff01cc1cf6,['eb59c771dc0686bc5f53c4562315817de73e40db'],xingchensong <xingchensong@users.noreply.github.com>,1712050173,+0000,xingchensong <xingchensong@users.noreply.github.com>,1712050173,+0000,"Automated deployment: Tue Apr  2 09:29:33 UTC 2024 1feea35a91ec61ef826cf0ac18ce3013b0dcc321
"
07ad8ecc23ce876b83c3debcb27ffe172adbfc56,7ae9541e31af8934b70f5cc74a3f468fe0f23424,['f291744b9a58f2004beb5d57925f88079efa501b'],robin1001 <robin1001@users.noreply.github.com>,1618306107,+0000,robin1001 <robin1001@users.noreply.github.com>,1618306107,+0000,"Automated deployment: Tue Apr 13 09:28:27 UTC 2021 b5c7f86bbe8346530b2202c071c74fa2813dbc54
"
07b065180ad2c3660946de31b7f52764c65289fa,a2ac2616f43d054648feb510b1ded827e250b793,['1975ea9e8bd8fe64a40ed87cabf84fd52e25074b'],彭震东 <275331498@qq.com>,1672708903,+0800,GitHub <noreply@github.com>,1672708903,+0800,"[runtime] save wav in binary mode (#1641)

"
07bbc9f033598a22cc665e99d2e25432896a72db,f1c20134736f55b646a317007df12d2a2777df79,['84fc5268c11a39edb9be42bb158f44b293caf7f8'],Mddct <hamddct@gmail.com>,1654921608,+0800,Mddct <hamddct@gmail.com>,1654921608,+0800,"fix pointer style
"
07c2afaeea66ed6cfda04b625e38afe78cfab42b,63a925adc716431a8e05acc0b8f975c9ded2a8b3,['3a4c77e7243c9b99dce57fc9a8406f17271c4379'],Wenjing Xia <827146228@qq.com>,1616806792,+0000,Wenjing Xia <827146228@qq.com>,1616806792,+0000,"[doc] add aishell2 model link
"
07e18b8058de2a8135afbe32015abf9a7533a65b,e1eabb57aaed386b83a643f856a573c327266b3a,['6c16901e2b2fb04856e667854d62ca82871374aa'],Mike Lei <mikelei@mobvoi.com>,1611298383,+0800,GitHub <noreply@github.com>,1611298383,+0800,"[doc] Update server ASR demo readme. (#84)

"
07e64c8dc4dee49f9e9dcb69ea945d333e1e9763,b8d69f26d824710f081bf3f4ebeab87738a1ac44,['10dc9f2fe48c68b489b8633e31f5021419a6a53d'],Mashiro <41965153+Mashiro009@users.noreply.github.com>,1650874923,+0800,GitHub <noreply@github.com>,1650874923,+0800,"[tools] normalize the audio before resample (#1056)

Co-authored-by: mashiro <mashirorin@qq.com>"
07e75516a3d2884fdce7614ac458160948df0ad6,58f542c5d0d661a6fd7b15e2cf58d537e7359601,['f28cf1e7a93be5775b35a1ee0bc8383c6d0c6959'],Mddct <hamddct@gmail.com>,1656845573,+0800,GitHub <noreply@github.com>,1656845573,+0800,Update transducer.py
07eaf7246bcfb4f180eaa61aa13160993a61981d,5d795dbe78f4b9e8b62eddf060b6fc3add2d1ab6,['35aaf0c616dc0bc8d5929b0bb65c03d506881b89'],zelda3721 <zelda3721@yahoo.co.jp>,1640238279,+0800,zelda3721 <zelda3721@yahoo.co.jp>,1640238279,+0800,"try to solve the programm stuck, when train and cv both are dynamic batch size.
"
07f0a75e96965fedeec5ca576271b80702282a66,82ea30b9469e3a8fbe9cee2de43cd514c3bcae6c,['885e7d714ab81e102836aef2195bcd5477323ef3'],Binbin Zhang <811364747@qq.com>,1620442722,+0800,Binbin Zhang <811364747@qq.com>,1620442722,+0800,"change openfst install dir

Change-Id: I304965fccf37794ca2db0d886e0d9d9032b0c60c
"
08018e05184c5874427b520fd3f3186dcb824337,79a81e28f56cd35d098dceed18c20ca45f78a531,['e366ea1c28e264925a18d11f28f5f1ee394bed89'],robin1001 <robin1001@users.noreply.github.com>,1627455676,+0000,robin1001 <robin1001@users.noreply.github.com>,1627455676,+0000,"Automated deployment: Wed Jul 28 07:01:16 UTC 2021 a16bbd72dd2666aad36b9bc0d55a5bb22feaf494
"
0805c99cac7d473bfd06990c8630a43bcc7393e2,1c9fee33bae78241c594fff9bdddad9d838427f5,['6ae26880fca62286e28d6a0f485977745363ff45'],day9011 <329723954@qq.com>,1621595474,+0800,day9011 <329723954@qq.com>,1621595474,+0800,"fix flake8 error
"
080e0b2b1e19a42777248d6a33a1d8ab1c33f22d,8b50aaee2a55e54fb5c92ecf1158eea994da6c8f,['4a4fc1673cca10125fc522c6d4875369f681b90d'],Yuekai Zhang <zhangyuekai@foxmail.com>,1665556194,+0800,Yuekai Zhang <zhangyuekai@foxmail.com>,1665556194,+0800,"add rnn-t latency metrics code
"
081b903502d240a60b5514822288fae5f75d82dd,f84ac60844afa197d397552c63662e3bc604707b,['38147bab10118afc376099766974bc0e377aa4ec'],xingchensong <xingchensong1996@163.com>,1705293560,+0800,xingchensong <xingchensong1996@163.com>,1705293560,+0800,"[loss] set zero_infinity=True to ignore NaN or inf ctc_loss
"
082167c588878404f5e47902c02350a31d166a23,43abe09fe5539d2677387de1edf2c7ddc3859cbb,['a331fd4c1a61ff580460e0cf73cb5b89666fc41b'],Mddct <hamddct@gmail.com>,1698759731,+0800,Mddct <hamddct@gmail.com>,1698759870,+0800,"fix lint
"
0824e56177fc70e83b50b415a2a924b3aeba5b6d,b2a8cd4e65262bf84762e9e39492ab1c293a2bb2,['3c55dde0d7fa8024c79a90c66120a2a118fded88'],yygle <yygle@qq.com>,1665718623,+0800,yygle <yygle@qq.com>,1665718623,+0800,"fix format issues
"
0829f067b65665fb499db46a5c7ce84d336bf25a,51c08ce1a9e2cc77a2788a914b77a7d63c1aac81,['a778f743eb24adb474805666e01becb3bda487ba'],彭震东 <275331498@qq.com>,1635338077,+0800,GitHub <noreply@github.com>,1635338077,+0800,"[docs] use uio in librispeech tutorial (#738)

* [docs] use uio in librispeech tutorial

* [docs] replace 4 spaces with 2 spaces"
082b78fe7e617ac1038904575b3d8150a43acade,e469791f1fc798a2af3ba6e978e13fbedee421be,['e5cdd7514002b3c92bc46ffe9d0525711b18a89e'],robin1001 <robin1001@users.noreply.github.com>,1659842579,+0000,robin1001 <robin1001@users.noreply.github.com>,1659842579,+0000,"Automated deployment: Sun Aug  7 03:22:59 UTC 2022 fca1d764492f8fe5bb4a1df55cd4c133ad804552
"
082c19e123088f9f8034e69c4e0e317dfa8a642b,95cacccdc9870871c771fb2b04689cdbc9ca9b2e,['7bff527b1d350b2a5b73d4ef3ce791a29c4364c2'],马丹 <dan@madandeMacBook-Air.local>,1668093505,+0800,马丹 <dan@madandeMacBook-Air.local>,1668093505,+0800,"Fix lint tab check
"
082cf5e3bb7343c3c16d1055ee6ac7ff58c9cbd8,d3a4aff12f224bf96fda763eaf0142c730725ff7,['fccd483fa49d95ad4a3005caa60d747f87e9908d'],Binbin Zhang <binbzha@qq.com>,1654178517,+0800,GitHub <noreply@github.com>,1654178517,+0800,"[doc] add roadmap (#1189)

* [doc] add roadmap

* add date

* add av asr

* add roadmap in readme"
082d5ec41a10baed010543b5ad6abe1d8416e12e,aaa4b6921b00d581f5a700e586be1000e27ea179,['29ee2431132fc962acd36d13cd4a014da601513a'],zhyyao <zhyyao@npu-aslp.org>,1657609759,-0400,zhyyao <zhyyao@npu-aslp.org>,1657609759,-0400,"run.sh fixed
"
082ff21deaabe36714c6e81cfeab382775b760ad,3838764db247eed05e5d6ad1fb1b99ab116e0cc5,['2df54a68b5f4a884ad7fdac6e6ad93432f54afd0'],Binbin Zhang <binbzha@qq.com>,1652106683,+0800,GitHub <noreply@github.com>,1652106683,+0800,"[doc] add contributor of pretrained models (#1096)

"
08322705b9377835fc4d199d06b5e28fb6ea6a01,5cc770aac59a4d4502b8db6e50daf68f6fda0b48,['3c3803629aa55dd3ad7db34768492c55201a93ba'],robin1001 <robin1001@users.noreply.github.com>,1635038802,+0000,robin1001 <robin1001@users.noreply.github.com>,1635038802,+0000,"Automated deployment: Sun Oct 24 01:26:42 UTC 2021 a609c7d22a2849ba7788c697d0f4081d3634478c
"
0833e36873b0b981d4aad2d556a85ff6ab9681b8,67ccfdb7ade73ae61baa4f01fd8a7f9ecc16b60a,['7553a2da38881314923f3165e6ce1a1e247120ff'],xingchensong <xingchensong@users.noreply.github.com>,1704170255,+0000,xingchensong <xingchensong@users.noreply.github.com>,1704170255,+0000,"Automated deployment: Tue Jan  2 04:37:35 UTC 2024 04d7761f23375eae7c9c7f39af66fcf3daa742f0
"
0836638eee9c5d00c76a8aa34e046a64bc14ac89,e0a1d77097f12fe8209fa004c502446fe084abf6,['c04464d331495a7ce998213727bc536505d6b42f'],slyned <slyned@nvidia.com>,1637050080,+0800,slyned <slyned@nvidia.com>,1637050080,+0800,"add perf

Signed-off-by: slyned <slyned@nvidia.com>
"
0847db38783e3dcb0b064c90778e0d1bd7e7772c,7ae9541e31af8934b70f5cc74a3f468fe0f23424,['0866b12c6fcc17cb3d0405ad43b5334209f3c62c'],robin1001 <robin1001@users.noreply.github.com>,1619409317,+0000,robin1001 <robin1001@users.noreply.github.com>,1619409317,+0000,"Automated deployment: Mon Apr 26 03:55:17 UTC 2021 21b2ec43dcd9cfa1be0c62c02ed5ef556ba5c92a
"
084c8436a181831ca8a0ce09dffe0837f0cf2331,2552a879a249dcb7bc2636cf6dd44ee45e19b53b,['139fc368b68e07a08526f8f749cd148f0a4d282e'],yygle <yygle@qq.com>,1663234527,+0800,yygle <yygle@qq.com>,1663234527,+0800,"fix formatting issues
"
085063c6ee91cfd12f822b80935eb4469b0495b5,81c8a4f486c9b3b41703521da2b476fe07980bb7,['bd32ec5eec9006c4a9fe92ca4ddc05f5da754e13'],robin1001 <robin1001@users.noreply.github.com>,1612107329,+0000,robin1001 <robin1001@users.noreply.github.com>,1612107329,+0000,"Automated deployment: Sun Jan 31 15:35:29 UTC 2021 a0557bf1594e3c969bd306a372a5e1b892008e1f
"
0859e106575cc52ab675e407467e5e0661e9c331,e69fed13f15c6275013058b6a839d5126287cc58,['235b07a95bceea37807524ebd9ec0a8c5cdf05da'],robin1001 <robin1001@users.noreply.github.com>,1664115852,+0000,robin1001 <robin1001@users.noreply.github.com>,1664115852,+0000,"Automated deployment: Sun Sep 25 14:24:12 UTC 2022 b1baf630afa49ac728123815740ae1064ba9ec42
"
085e6e6e148b5ae6a61ff9d82fc91f3b48b71a6e,55622228472730a51556aa0960b2837615e044c5,['ac417750a522f58428958706abe8a3d9809c5ec7'],zhaomingwork <61895407+zhaomingwork@users.noreply.github.com>,1678670659,+0800,GitHub <noreply@github.com>,1678670659,+0800,"[fix] fix bug transducer init has no lfmmi dir (#1739)

Signed-off-by: zhaomingwork <zhaomingwork@qq.com>"
086335b7732d5a7404dacdd5e0ce4f0fcdad236d,a3839acf8e1ad05e3040ad9dc8b14ad9d26e387c,['0eca1d0daa0198c438e52c2bdf5dc1d8ca7a4861'],Binbin Zhang <binbzha@qq.com>,1653565203,+0800,Binbin Zhang <binbzha@qq.com>,1653565203,+0800,"[doc] add python binding install guide
"
0866b12c6fcc17cb3d0405ad43b5334209f3c62c,7ae9541e31af8934b70f5cc74a3f468fe0f23424,['8a276438e86e5a99e08f57aa817d5e50d7ac058c'],pengzhendong <pengzhendong@users.noreply.github.com>,1619346092,+0000,pengzhendong <pengzhendong@users.noreply.github.com>,1619346092,+0000,"Automated deployment: Sun Apr 25 10:21:32 UTC 2021 6b23fa820344689ae9c8017da71da0bcb514713a
"
0869d032516fb434d7345522e4009f110bc0fe67,d4f06616bd0a552240b4cb5478fd98279b16ce9f,['f2847a1b39d7135f46b062ccdcadc764da0d1e17'],qmpzzpmq <405691733@qq.com>,1637546218,+0000,qmpzzpmq <405691733@qq.com>,1637546218,+0000,"conf add
"
087dfd48b0942bbd4bf2e6570936a0b4dbee2c5a,d2fc15e630b08a0c9bdefecf7f0a9eec65ee8b68,['844be5b6aafa1c109ffddb241198730ecef3df77'],huanglk-202 <huanglk@uvoicetech.com>,1620793357,+0800,huanglk-202 <huanglk@uvoicetech.com>,1620793357,+0800,"[Add] Support swap  the order of the convolution module and the multi-head self-attention module as described in https://arxiv.org/pdf/2011.10798.pdf.
"
0884286784855c3857fd80935ea9cd67f8dd457e,ccb57480cb89a0e94028c2d6087d36abfc2330f4,['7260216cd5b33b72b225a81de9dd27d9198b4fdf'],Binbin Zhang <binbzha@qq.com>,1678378670,+0800,GitHub <noreply@github.com>,1678378670,+0800,"[wenet] add __init__.py for wenet module (#1728)

"
088b9363e6175897833c40d19b1d09214960ecec,fd05596e61cfb7e0e91e0ec0d81b70c88872be47,['0de0bddbdb419e609ae2f8a6c444ec0beb4ae67e'],shanguanma <nanr9544@gmail.com>,1702377740,+0800,shanguanma <nanr9544@gmail.com>,1702377740,+0800,"update wenet model simple introduction
"
08b031bc0a480748ec91e7d3d593f3fa2ed1256c,d1db6fce512a460a28271e387f725cc9b22f22a6,['eae7656b2dc1aab55b9cafa6b85d3b918323e7f1'],彭震东 <275331498@qq.com>,1721636642,+0800,GitHub <noreply@github.com>,1721636642,+0800,"[fix] fix paraformer search.py (#2580)

* [fix] fix paraformer search.py

* fix lint"
08c49aad6e9b9b77f14844dd08536b3748421134,150be7c23a2132de77c7e86fe72741d9ac6a4c39,['59733527b814d9540c78a5a3813a27138cbd960e'],yygle <yygle@qq.com>,1665326866,+0800,yygle <yygle@qq.com>,1665326866,+0800,"fix formatting issue
"
08c6df031d5b5ec99c955630078380edcb99fb36,33d38942908ec93759e80c28e1ce35f43d3ab49d,['37905091eaa7751b465a41f185eba1b0b850e15b'],Mddct <hamddct@gmail.com>,1696835711,+0800,Mddct <hamddct@gmail.com>,1696837279,+0800,"[ssl/w2vbert]  support part of w2vbert training
"
08d0a58cc87f6cc3fc90227363a2e684f5096422,22cadf0d78e261f8c81d3955253e4a8e4ca71c0e,['fbec55613f630f6a1e030e9cfe2c0508d0b5fd0f'],yuanwangliu <yuanwangliu@163.com>,1629886632,+0800,yuanwangliu <yuanwangliu@163.com>,1629886632,+0800,"fixed the new DecodeResource interface bug
"
08d397303bd81f87998ae98a8879b0bb89ce2451,7d05aa8d76eca3b9df9e758c3c3d2485ecd81424,"['07eaf7246bcfb4f180eaa61aa13160993a61981d', '76d39d793af65d33b2fd8a6c7b36a2e09677097e']",zelda3721 <zelda3721@yahoo.co.jp>,1640567106,+0800,GitHub <noreply@github.com>,1640567106,+0800,"Merge branch 'wenet-e2e:main' into main
"
08d587389a7119adbd0e10db9b6ddc68022d8e56,8509e9646ebffd18671ac388d30395134fabf231,['75a463a7a48dda3b9b56795b82f8d0fc4b7680f8'],Chao Yang <385526069@qq.com>,1611744433,+0800,GitHub <noreply@github.com>,1611744433,+0800,"[fix] fix speed perturb and dither related bugs (#105)

* fix speed perturb bugs

* fix conformer config"
08e8970af407f9177708bd804285ead836cf5933,93571d547f69dacfa4aa68f688b0befd87cb4a5b,['0bfd672a661229b275807d0e5b6bf56e067b3237'],Mddct <hamddct@gmail.com>,1713328207,+0800,Mddct <hamddct@gmail.com>,1713328207,+0800,"fix activation
"
08f12398f2cad17b7b1868f11a5e3b585ec9bb21,0ee51b47feacd1339ef936f3330f49348126f791,"['1bb79c352e3443bd3625ea6cb3813eb45d45595a', 'b5ced72e6fa6601204ae2562a39a4ed182a1efd3']",slyned <slyned@nvidia.com>,1653555974,+0800,slyned <slyned@nvidia.com>,1653555974,+0800,"Merge branch 'main' of https://github.com/Slyne/wenet
"
08fe886cad707060642e475eb86efd1c15490539,9fe1dee16032721a85c6b8cdb49603a4f24659cf,['34655ecea05ec98043e8e3e3ffcc9c2991fc389a'],Wenjing Xia <827146228@qq.com>,1616745725,+0000,Wenjing Xia <827146228@qq.com>,1616745725,+0000,"update result
"
09076699f1f890942a77091bdc742cccd7811317,2dca17449a373f87377dcc0e4403b2b1eb66abcc,['7d627c29595e14f29caa4e578904a8db1586541d'],Mddct <hamddct@gmail.com>,1706453146,+0800,Mddct <hamddct@gmail.com>,1706453146,+0800,"add missing speaker
"
0913bb9ae3fdbe2623a458f36695572995dc1bfa,32c3b72eb68f4b3e3c2dd8f692a0f1c1e56615bd,['24138973b46a35ec87798d6c245f50f33a4c9658'],wrz1999 <609519258@qq.com>,1651258433,+0800,wrz1999 <609519258@qq.com>,1651258433,+0800,"t6
"
09188428ab109b53ea306440facc14da8ee2720c,42a3b600ac191fb6ad5e785de80571b552fea6f8,['974ada11059bece0e5642cfe7a9c14aaccbb8329'],yuch <cy823236858@gmail.com>,1670397776,+0800,yuch <cy823236858@gmail.com>,1670397776,+0800,"commit after rebase
"
091df4cbcf342b4f604ae218642acbe90ce670db,b37db1995f85646e7bc9f1a487abe28c81dfec77,['faba058f6abe34a78a9224ccff3273fb4603963f'],Xingchen Song(宋星辰) <xingchensong1996@163.com>,1698992413,+0800,GitHub <noreply@github.com>,1698992413,+0800,"fix(recipe): fix run.sh for all recipes (#2109)

"
09229823be83b5bcbcfef5297c9b1afc37e93fd7,dc6e0acc6c3de4df40bbfab1bd3c60df8b04d5fa,['36a70e0d0dd0cb7bb6fc03e1c0b541d9677214e6'],robin1001 <robin1001@users.noreply.github.com>,1699362732,+0000,robin1001 <robin1001@users.noreply.github.com>,1699362732,+0000,"Automated deployment: Tue Nov  7 13:12:12 UTC 2023 5faf24bf0e121ae05b34bec02214956157f2f250
"
0926c301e642116264cef7ae827072dbd3aa6374,97af32decdf0870f0cd92bc3df3fd6824d459519,['f4e38236626d0be476a36fc40ba49019fb7f37df'],xingchensong <xingchensong1996@163.com>,1685066374,+0800,xingchensong <xingchensong1996@163.com>,1685066374,+0800,"feat(deepspeed): refine if-else
"
092a9fe3d5d63e2c689ceac9c702717acd979717,7ab6973ea55d3b3a9551df284709d652bc137d8c,['8412f189ba531d6035a1bcbecf636a2e81e93647'],Di Wu <1176705630@qq.com>,1611736103,+0800,Di Wu <1176705630@qq.com>,1611736103,+0800,"[doc] move s0 to s1
"
0935db4d6442301261838a140daff0686b3ac75a,1168e5e22c9288c5876cd303e268abd9a66868e3,['ea42c430d7fa01805e6714b29b36926a91912519'],Di Wu <1176705630@qq.com>,1627447875,+0800,GitHub <noreply@github.com>,1627447875,+0800,Update README.md
093df5425cd0279dc93340f99c132895650c8399,4147437c77d28510ff6032050c8b4f124c4cfa8a,['bda561f5e3f9aa75f8b0df368e8a11df7ea21586'],robin1001 <robin1001@users.noreply.github.com>,1635338128,+0000,robin1001 <robin1001@users.noreply.github.com>,1635338128,+0000,"Automated deployment: Wed Oct 27 12:35:28 UTC 2021 0829f067b65665fb499db46a5c7ce84d336bf25a
"
095106b19e86c25cb9622dc0ad21834de39e2474,877c8794f1189a8d7f2ec88bed49245779fecc87,['c8084ef2062651c27cdacdf51eb7c0999d4106c9'],Dinghao Zhou <hamddct@gmail.com>,1710473960,+0800,GitHub <noreply@github.com>,1710473960,+0800,"[dataset] restrict batch type (#2410)

"
09542b743068d6ec0edcf30f59f8c8f123fdc243,9bfc6d462f8e4092d75a6a6b96acac7427c82a8e,['40c5d6d5cf30598b16bebcff3357fe4ab382c7cd'],Binbin Zhang <811364747@qq.com>,1632704972,+0000,Binbin Zhang <811364747@qq.com>,1632725361,+0000,"fix tensorboard bug

Change-Id: Ib0bb4bc6063901a97cdf1320f9263c92483f0e18
"
0965fe9cdca47f59940bd1c2ad1c4d0e0e623e8f,7361432abe4865e9747055d60860c5e6348373f3,['a8e0fc7851afc10501079c5b600c75e2ad1a51d2'],Binbin Zhang <811364747@qq.com>,1617702329,+0800,Binbin Zhang <811364747@qq.com>,1617702329,+0800,"fix time bug in decoder_main

Change-Id: I04c43671e40cd00ee7e3df1d21a551ea72d20e87
"
096dad9dad7b3db109dc2feeb4250a715090427f,ee6d81a88ee6bb4b03c19a1a9fa4ed7eee0af2f8,['2d8bb9780f5b23da65abee37fd612a1fa2f2f4e8'],Dinghao Zhou <hamddct@gmail.com>,1716543555,+0800,GitHub <noreply@github.com>,1716543555,+0800,"[transformer] fix w2vbert attention  init value (#2539)

"
096f6dd92f1a206f0051044be2a85a49cf287eb6,872d21153976d41ea366479a2c6b8a1c422febea,['7906d0bbd00b64af79956397018d017ae053d8e2'],zhyyao <zhyyao@npu-aslp.org>,1657977639,-0400,zhyyao <zhyyao@npu-aslp.org>,1657977639,-0400,"add ctc beam search attention tranducer rescore
"
097384aa5b620e57eef6b836839a4c7ef4a986f8,13f2f56379eb42041455ffaa2a847307de2e555e,['74832beed8b2dd89a7f12471360cf0bb633127d4'],Di Wu <1176705630@qq.com>,1612191278,+0800,GitHub <noreply@github.com>,1612191278,+0800,"[doc] add librispeech s0 pretrained model (#129)

"
09775f0b0b5d2b7f73902111591c37515cb8726c,c05018517b251863fe1a4c920716072f17915eec,['88d34af051a5d5465a459b2bd96132f672013f15'],whiteshirt0429 <whiteshirt0429@users.noreply.github.com>,1636984641,+0000,whiteshirt0429 <whiteshirt0429@users.noreply.github.com>,1636984641,+0000,"Automated deployment: Mon Nov 15 13:57:21 UTC 2021 2dc37f16bfa9815131617e654181d129ffdaf5cc
"
098906e7c76061b17d01a26a1733a5352997935f,aac0efd9334295d2522c1c46a403a3e10eb5020a,['fad495c692777fe00c6d51c7cc66be3065b86940'],robin1001 <robin1001@users.noreply.github.com>,1630307600,+0000,robin1001 <robin1001@users.noreply.github.com>,1630307600,+0000,"Automated deployment: Mon Aug 30 07:13:20 UTC 2021 c512d0e0d3602fd765cdb1b98df9e17a92075512
"
098ca052ef936855b5e4e86fbd19f3aa0643523f,fa4bdabb1214611fc1819994a302bcc50487eba8,['413aa3d6aa79e25728b37c8d8c39cf979eb4bd0f'],funcwj <funcwj@foxmail.com>,1635422058,+0000,funcwj <funcwj@foxmail.com>,1635422058,+0000,"update decoding recipe in run,sh
"
09a9799ead2bc761b74f29dc061528bc7b74fb23,991e4b3657d63f7185fc53dd58369059d95e1676,['3a99c67c812ea4cad9fafe79697acff4d6ab9724'],fanlu <fanlu7311@163.com>,1619688742,+0800,fanlu <fanlu7311@163.com>,1619688742,+0800,"add if to avoid decoder.result is empty
"
09bd6591cc06b0399b6aa731143e522c17c652b0,c874a419a4a595b43884fd5246de2a30f0fd44e6,['1cfe930906aa7779f638aee858fbe94b593143e4'],Binbin Zhang <binbzha@qq.com>,1678436923,+0800,Binbin Zhang <binbzha@qq.com>,1678436923,+0800,"[doc] reorg document
"
09bf73697778a0bcfde2ee045afc2bdd5610956b,fd9da7de1f8df27ef274971702d716b5f388126a,['be1ed49e9aa3b3994f1ae8df9078e6fa1053760b'],Mddct <hamddct@gmail.com>,1660363162,+0800,Mddct <hamddct@gmail.com>,1660363796,+0800,"[transducer] unify rescore weight meaning and fix core when openmp thread == 1
"
09c9002034005379126b2ce74f2f68aee4be7999,5f27a339272a1dbfc3abdb75f3d44f79c82988b9,['eed7452936c25a96ce4aad4af43b96723c907ea7'],likai <lk9171@gmail.com>,1683188190,+0000,likai <lk9171@gmail.com>,1683188190,+0000,"syntax fixed
"
09d0fcdc69879dacfe52bb9df1f5921da8372f44,a1b2ebd659771d67b05c94364939c5283d9e8cea,['79fd6622216d876ef828ec01b5b58a15f79443b8'],Mddct <hamddct@gmail.com>,1704953349,+0800,Mddct <hamddct@gmail.com>,1704953349,+0800,"try fix ut
"
09d2832949dba77a1a7915121a274b0cced1e551,2f2f61927a3031e76b5f80ced6d837419268075f,['f6b706a862ac1cd4d4af93808b80834d372f2ac1'],Binbin Zhang <811364747@qq.com>,1613792678,+0800,Binbin Zhang <811364747@qq.com>,1613792678,+0800,"refine export error
"
09d5c61b760f81beef6693a1aecb4e2337a93254,0ff8e3fd457454de51fcb7bc8b209a3fc7f29b7f,['9d03b6beb5671655990b21be4a374eed02fd8f03'],Mddct <hamddct@gmail.com>,1675481507,+0800,GitHub <noreply@github.com>,1675481507,+0800,"[transducer] fix batch apply padding (#1677)

* [transducer] fix batch apply padding

* Update predictor.py"
09d8d33b3b852b99ce5ffc0d71b4b05abc978777,bb713570565689f9909d1f068cab662cc5385f54,['7de8833baac504e803ff7fb836cde1be53c71212'],jianganbai <jiangab00@outlook.com>,1693452391,+0800,jianganbai <jiangab00@outlook.com>,1693452391,+0800,"[fix]: fix re substitution
"
09f7833a664dc9c1944cb643a99671c2584cd776,a2323fc1c15945083173380224fefb60c8ff67c8,['20ec6adee3f905fbfa5c984624dbe9fc807f2751'],Kai <lk9171@gmail.com>,1690249408,+0800,GitHub <noreply@github.com>,1690249408,+0800,"[doc] Update README (#1912)

* branchformer added

* torch jit bug fixed

* Update README.md

* Update README.md

* Update README.md

* fix copyright

* branchformer update

* Update run.sh

* Update run.sh

* remove typeguard

* Update README.md

* Delete mask.py

* update

* branchformer update

* recover to main

* syntax fixed

* syntax fixed

* syntax fixed

* remove trailing whitespace

* Delete test_branchformer.py

* fix formatting

* fix formatting

* fix formatting

* fix formatting

* remove useless args

* stochastic depth layer added

* learned ave merge added

* fix formatting

* reuse module from transformer

* reuse module from transformer

* Delete attention.py

* Delete embedding.py

* Delete train_unified_branchformer_e24_amp.yaml

* update README and branchformer config

* updata branchformer config"
0a0a592d8964d369b34ed6307968c0df69da035b,443fdc0a2cf5190ca9771ccc2e9bae5973f1863e,['7d16a094b91e94363efbcc8d3387b3c2cfa533a2'],xingchensong <xingchensong1996@163.com>,1620383002,+0800,xingchensong <xingchensong1996@163.com>,1620383002,+0800,"minor fix
"
0a0cac326489d87e644709376d200f0505dbfea6,1ea2b88281f516d8a57e671e8669b40e6b3c257a,['c331cb59df46cac2ae9ff7e1d2a646714590acdb'],Mddct <Mddct@users.noreply.github.com>,1701337524,+0000,Mddct <Mddct@users.noreply.github.com>,1701337524,+0000,"Automated deployment: Thu Nov 30 09:45:24 UTC 2023 afe930912e28997b0b4a467351fe5240726e4d42
"
0a2b139bd148a6ec0e08f230937a6d78f63a4fbd,1f0fb57c628ce3aa914372f2bbb264eb9e4e2715,['6521c82ba6e66aab122a55cc4809313311fe2578'],Binbin Zhang <binbzha@qq.com>,1757059579,+0000,Binbin Zhang <binbzha@qq.com>,1757062921,+0000,"[cli] support firered model
"
0a2c8a0fb2b1811ecf9d9fecee165c6ca3631d55,a47c78774b71702baa10876ac6fb15104f92220c,['bdef57d5c74d95957fdf8560add9f5287255efcf'],Binbin Zhang <811364747@qq.com>,1622534909,+0800,Binbin Zhang <811364747@qq.com>,1622534909,+0800,"[runtime] optional build with gRPC

Change-Id: I4bf22bb7f8bdb9c2616539e6b2e059059e047683
"
0a3e489515ade8c110ef4941dbf3fd41f3103e6d,9cea9e2d746c23a0cea78e6c5fc663752d2d7646,"['5e0118c0cb9cb12f239829e159e2eedc64041590', '94061b7fb2aa767daabd9b8fde3613bd68877569']",Mddct <hamddct@gmail.com>,1655704026,+0800,Mddct <hamddct@gmail.com>,1655704026,+0800,"Merge branch 'Mddct-binding-download-model' of https://github.com/wenet-e2e/wenet into Mddct-binding-download-model
"
0a408afdac7d1afd403049fcfb6a97d9efb7767c,2b05c2300757b00c089f6019f66e661d929374f5,['6f278fe1ae6916d298a124c56aa056ed347675de'],xiangru.meng <meng1984>,1695198465,+0800,xiangru.meng <meng1984>,1695198465,+0800,"first commit
"
0a82c7c1e469610b00ede7713166fe154cfe3d7b,c61deeabbd9d77f18d5a9625d30ec9ee7a474482,['96ca4f2e1785b395c91672badf5209bc0f645540'],xingchensong <xingchensong1996@163.com>,1697764805,+0800,xingchensong <xingchensong1996@163.com>,1697764805,+0800,"refactor(deepspeed): add join function
"
0a9381b80674554db7ecf4fa66aed68b35bb49f3,1f354b88a9c28d327ec485c68840bfef47faa2db,['3f6a25b503251562cbcd37fbe459a5a26a028934'],xiangru.meng <meng1984>,1692955494,+0800,xiangru.meng <meng1984>,1692955494,+0800,"first commit
"
0a98847422249b491a0f1343d9fac0855a351fbf,85c4c2afc04add1e2f69886bdb9b4d16fa47b032,"['e8fa0132fc4957d3448c0a57fe94f2520c300652', 'e8be0e009bb60062c8b9075b2654d2b90dbde1b2']",Mddct <hamddct@gmail.com>,1698063686,+0800,Mddct <hamddct@gmail.com>,1698063686,+0800,"merge main
"
0a9db2c6f709fbbfc9ac3ac36a1813eccd255491,4d53b92bca66fd981b0433785775c807bc9f2c4d,['4f170ccbe8f2b6eb215601c797f9910c97ffd9d1'],Chao Yang <385526069@qq.com>,1609335589,+0800,GitHub <noreply@github.com>,1609335589,+0800,"fix urls (#38)

"
0ab4704858588609387e672a05207260d2679e93,2c91428392dd82a2c63c8a88cb05214fd6996cac,['8562a9a572643221b5a0167c8b990d35d1f15c6e'],Di Wu <1176705630@qq.com>,1616656683,+0800,GitHub <noreply@github.com>,1616656683,+0800,"[fix] transformer encoder layer api bug fix (#234)

"
0abb5f3ddead8923d6e7a3ca2b9aea5132bdf0ec,86fac80be356b0d6c738942b02835d9ec4057b98,['7436597c40aff8e5cdc536fe62ea9d13455bc95d'],Di Wu <1176705630@qq.com>,1617161229,+0800,GitHub <noreply@github.com>,1617161229,+0800,"[doc] add some comments for dataset.py (#271)

"
0ac73dd3203554eb5f6c1be99661dc21b28efc75,6d456f0b5b7c1710cb2ff4e75feb52c03912359e,['803f0099a6234cb2d54a096407db1a59a4b66458'],Binbin Zhang <binbzha@qq.com>,1649338942,+0800,GitHub <noreply@github.com>,1649338942,+0800,parallel build
0adc9d0dd44ea64d89a24f88e397f2500c4387b8,dd0990af82b5f694c819570bb27fc9ac678e8d07,['d70520f8d59231dc4c8809a254081e241f3d975c'],Mddct <hamddct@gmail.com>,1706115595,+0800,Mddct <hamddct@gmail.com>,1706115595,+0800,"shuffle determinstic for multi worker dataloader
"
0aff006a714e9f05c9faeee2f91bab31f1e6b906,d9b506119e7680e4309d76783e9b34deb2f79b6e,['a1e801c46a6ba724f17eb6a38d39dbbdd5a3fed6'],pengzhendong <275331498@qq.com>,1664857849,+0800,pengzhendong <275331498@qq.com>,1664858348,+0800,"[runtime] support raspberry pi
"
0b094080c53af1978b559a2b1297acd34afbdaa5,a913bc04bff6648996be10a4ca15faeee433b503,['1e24b5086a4ee1bfc057017722eddef87264edc4'],彭震东 <275331498@qq.com>,1658372644,+0800,GitHub <noreply@github.com>,1658372644,+0800,"[workflows] Fix markdown version of doc (#1324)

"
0b0dc0c14bcc6b494b0088319b0da1334e1d9c83,7fbdfa538adac69b6042ac6b75d58a72daf63ad6,['3351b9674a77fd2a1ac58281de4dcd3e1366c51a'],Mike Lei <mikelei@mobvoi.com>,1609378419,+0800,GitHub <noreply@github.com>,1609378419,+0800,"[doc] Update runtime.md (#40)

"
0b0eea79fe578cecce76169a9f74bc87fc58d9be,9370e2efa404fd637b5f1c2f5882a04ad9205231,"['cd9c65975116f530e5382dc09ad37fe4c2b098d9', '5b5ce3bba418354b158a574f64a0b30da245ced2']",Mddct <hamddct@gmail.com>,1698676949,+0800,Mddct <hamddct@gmail.com>,1698676949,+0800,"merge main
"
0b26a628ee79a1d0299d0561409dc8e7ca4c3f94,df9b15304b6b6ef9b0c05341a3f40ed113cc3a45,['eafd44af30e38323ee603e7ceff558f1b532ca53'],xingchensong <xingchensong1996@163.com>,1700747864,+0800,xingchensong <xingchensong1996@163.com>,1700747864,+0800,"fix(whisper): support arbitrary ctc blank id
"
0b2bee7f473bcfb09042d56d7d814500382f23de,c504015caae64af7bfa6a09f670a586f3d7d06b6,['c2cc2bef631f3e6af6beaf6a26f36a70b0a1b4e4'],Chao Yang <385526069@qq.com>,1611202195,+0800,GitHub <noreply@github.com>,1611202195,+0800,Update run.sh
0b325280655793971c18b26c2caf323615b83c5f,f74cb3decddf2a9549b77de93b69ecaef86bc5b3,['c6494d437e2ebde74796bfe7687ce0fc19e83443'],Chao Yang <385526069@qq.com>,1608271633,+0800,Chao Yang <385526069@qq.com>,1608271633,+0800,"resolve reivew comments
"
0b334f42a52542534b9e93388a4be31ac2845412,ab4e7a75faa48bb34c49e34c023a32674678cc7e,['1a3633a6d613bb4342f8b75982953c9b57e4765c'],박상훈 <shpark@bagsanghun-ui-MacBookPro.local>,1708666579,+0900,박상훈 <shpark@bagsanghun-ui-MacBookPro.local>,1708666579,+0900,"initial commit
"
0b431f20485955bd38ac6dbeaffacdfbb18853d5,98ad6c395af855a7890ce7113b6e3fb0077a3c25,['58c6ee46728f95893d93a37640b0555d98cc9c96'],Binbin Zhang <binbzha@qq.com>,1648622741,+0800,GitHub <noreply@github.com>,1648622741,+0800,"[runtime] fix bug when kEndpoint is triggerred at the last chunk (#998)

"
0b47162abbca6970ed24524f4627f3cdbc4bf609,a7957cdb1e72df7361307d1515c31263267981e3,['b3c880ce9319430e3b83089111ab741b229df7e1'],YU CHEN <59667751+NevermoreCY@users.noreply.github.com>,1670235262,+0800,GitHub <noreply@github.com>,1670235262,+0800,Update README.md
0b4a63d71801224c0bcdc433b48ebcbab80f456f,e570686d1c418418ee5e9108167b4497afa850ab,['29a81c8c4a658bb4c60aaa0e3fcc1cb982e985f5'],彭震东 <275331498@qq.com>,1620270168,+0800,GitHub <noreply@github.com>,1620270168,+0800,"Update CMakeLists.txt (#358)

"
0b6f265ab8f5c635b7d0d915874f2c3a9de566ad,f0692d7ec3e7aa808db658e0bdc981f5264b3afa,['58b20cf5d0f0b0665ddc5403912bec8477721dd2'],Binbin Zhang <binbzha@qq.com>,1652580618,+0800,Binbin Zhang <binbzha@qq.com>,1652580618,+0800,"[runtime/binding] use non zero ctc_weight to avoid vanishing of context score
"
0b7353ccd8fc7d33c9389e267dcbde99a60be2b4,02113720d23190483ec89982367c92bfe4659d97,['5843262e1fa92a16754ab14c1dc9a36222bed299'],xingchensong <xingchensong@users.noreply.github.com>,1712728159,+0000,xingchensong <xingchensong@users.noreply.github.com>,1712728159,+0000,"Automated deployment: Wed Apr 10 05:49:19 UTC 2024 b9c5d8bcbc5ccc4700bf8db2e2b5806defd21216
"
0b766336e4405706116ba007d06dec22b2731a8e,a9834fca2198adc746a8872ffc70f412ed21b050,['374d0f4a71964de1f493f504db878efccb21ea53'],pengzhendong <275331498@qq.com>,1633936229,+0800,pengzhendong <275331498@qq.com>,1633936229,+0800,"[runtime] fix websocket (#322)
"
0b7b0ded79e951718dbae25c00b9e6d205bd5a2f,789f8f338dcd419e653e06a524d9175608a9cb9e,['838cee551808174508d9fd585fa7712997fe7338'],Mddct <hamddct@gmail.com>,1660648916,+0800,GitHub <noreply@github.com>,1660648916,+0800,"[transducer] fix dup decoder share same weight (#1383)

* [transducer] fix dup decoder share same weight

* fix lint"
0b7b3e01a96dca9ce691d72643cb1f542a3a5cd6,9f3ca367606f37454de92f5492e37bd0b8a04087,['44ed09ea2a5646c3a1fd96b30c2ec79eae28aa10'],Mddct <hamddct@gmail.com>,1702440297,+0800,Mddct <hamddct@gmail.com>,1702440297,+0800,"fix l1 loss reduction
"
0b82e535dc9897b86aa44f54ac021e637f1f2b53,127fd391c42b90b9000e66292d2c239ddb5ee2cf,"['66d1eeced5bddf00631f15fd6abba1905d6f1cc2', '26cb40db2d63d8963b8ee967dc4199c29be008a7']",Di Wu <1176705630@qq.com>,1621841211,+0800,Di Wu <1176705630@qq.com>,1621844539,+0800,"Merge branch 'diwu-gigaspeech' of https://github.com/wenet-e2e/wenet into diwu-gigaspeech

# Conflicts:
#	examples/gigaspeech/s0/README.md
#	examples/gigaspeech/s0/run.sh
"
0b9807522a8c2f5fdd52d704d699123981ac5c80,bbd2ba099a63bed2ae86f502c5d019c3428c9c7f,['4d09a994415bcb27ffe0348d75c32c4c90d9a0ef'],robin1001 <robin1001@users.noreply.github.com>,1708943884,+0000,robin1001 <robin1001@users.noreply.github.com>,1708943884,+0000,"Automated deployment: Mon Feb 26 10:38:04 UTC 2024 fbbecfdf3fe9298cdc496f8ad4c942a2c868e0bf
"
0b9ef4e7d566b2f8a700b7d2ec553e0af1430756,4d61cfdb408947c80844c025d8d008564b4e0fc7,['d9ce7bbe3f8b81fd29cbd40a6aa840edd62f2ec8'],pengzhendong <275331498@qq.com>,1653804998,+0800,pengzhendong <275331498@qq.com>,1653805002,+0800,"[runtime] init assets files together
"
0bb1324b77cc43dc3c1b204f6fe15a31880a88f1,7ae9541e31af8934b70f5cc74a3f468fe0f23424,['907fd90d0e7ca0d9e8404377ace0a7a9d65e5b35'],pengzhendong <pengzhendong@users.noreply.github.com>,1617702520,+0000,pengzhendong <pengzhendong@users.noreply.github.com>,1617702520,+0000,"Automated deployment: Tue Apr  6 09:48:40 UTC 2021 f3ae0d936d4317af0c78c9d36cf9b54d87b759b1
"
0bb5719713701e8eba999de87e2af715bbe50621,8faf6acebc58dee14d66e96e3fdb1fd95a6e5e74,['63c4c751585ab30eb913ea42945ee20c4c2d5a5b'],Binbin Zhang <811364747@qq.com>,1606446718,+0000,Binbin Zhang <811364747@qq.com>,1606446718,+0000,"[network] refine import order

Change-Id: I9e33f81fade97bb6de308a378e3abb47cf68d5b3
"
0bc81f2714f05943279488efd9e77852e0aa3b08,923dfe5c46efbdeba892dce499e0a27a8e5d43bd,['fae6a8c66af4786218b7b854a0ba1631551d45c7'],彭震东 <275331498@qq.com>,1720766700,+0800,GitHub <noreply@github.com>,1720766700,+0800,[Fix] fix args of Model
0bcc7e0fad717e8bf860c3af2af90e23ba414fc6,068cb31755ca802a3e595e87d2e9888cd1cc90a5,['ca33aa5a3326f83011e9064f90e49052779d5242'],Mddct <hamddct@gmail.com>,1706082853,+0800,Mddct <hamddct@gmail.com>,1706082853,+0800,"old dataset.py && processor.py deprecated, and new dataset processor works
"
0bce50f03d637a830756512a37531d8617d94ba8,458bbd25d7d878953cba7aa64dcae8ff01cc1cf6,['60c46a32e603c5732339c0280b85cb8402210f3a'],xingchensong <xingchensong@users.noreply.github.com>,1711089176,+0000,xingchensong <xingchensong@users.noreply.github.com>,1711089176,+0000,"Automated deployment: Fri Mar 22 06:32:56 UTC 2024 66899f0ef426b87e5506d3eed3f3f9857092c0e7
"
0bd378d84f23b450f8c6d904c4745e5f24bd3b5e,989ba3c54c17787b942d78df1377df83ecb96f28,['d2c41cb34258b4e696bc3e87f88b20ee76e4bae8'],彭震东 <275331498@qq.com>,1655205725,+0800,GitHub <noreply@github.com>,1655205725,+0800,"[workflows] Update binary path (#1226)

"
0bd5a2b3713715b270be6c83aa563c3e3342e0ae,fbd743e34a0262024c7a7f5a669b8348d6e5e0b4,['b3376884f15b95e17c2b5d86d74473cb8d490ca3'],xingchensong <xingchensong1996@163.com>,1702988863,+0800,xingchensong <xingchensong1996@163.com>,1704535655,+0800,"[text] refine code
"
0bd914522ff4dff9770a20740c437d7c37bd6c70,af31cb0979ee70b0d4093f9056f30624e7936c7b,['b45db9409dc1ad961273a31db2698f096b2ce7a1'],Mddct <hamddct@gmail.com>,1699269067,+0800,GitHub <noreply@github.com>,1699269067,+0800,"[cli] missing 'requests' and 'numpy' (#2121)

* [cli] missing 'requests' and 'numpy'

'numpy'  in ctc_utils.py
'requests' in  hub

* Update setup.py"
0bde607a0603630a1fd765902b4009dc61050b05,2dc0e66cca4ff893463db69a2ccbb5dcc8414b78,['554931b20aa08217fca91c45d1fce8ac6f39922e'],Binbin Zhang <811364747@qq.com>,1621389293,+0800,GitHub <noreply@github.com>,1621389293,+0800,Update README.md
0be3623d4b463992771059d11cb80c991459323b,b40d17d12663bb7625a6feb8f9f74d0c92b2e872,['1b67db011de2a1850d71fef878ddc1f24406a721'],pengzhendong <275331498@qq.com>,1615798886,+0800,pengzhendong <275331498@qq.com>,1615798886,+0800,"[runtime] add recordClose
"
0be6b94d955c2a069fca7144d64def8ec8fba1fb,9e710be905372ed3e4ee8a8f65cf40a48ab8c429,['c5183c87420f0adfa8ef9946aee696cb5de9f555'],pengzhendong <275331498@qq.com>,1653750099,+0800,pengzhendong <275331498@qq.com>,1653750099,+0800,"[runtime] set libtorch as an option
"
0bec4cd3fd1af7b0a38cf486269e907e1aaeb05a,daf94df98ceebca356906bbee0ad4ab27db88390,['85c84ddee32e851bf679a36a0fb8ca5ac64b1adb'],aydentang <aydentang@tencent.com>,1648638394,+0800,aydentang <aydentang@tencent.com>,1648638394,+0800,"format
"
0befe67c765225bd38b54eb40e4e13ccffac5384,facd8bb1598e326ccc8a5e643d4d949cf080fbd5,['212efb0755caa6bc36d9544f71bea3c7aae484bc'],kli017 <lk9171@gmail.com>,1681886347,+0800,kli017 <lk9171@gmail.com>,1681886347,+0800,"branchformer added
"
0befececb48d4a50b9bdc2535fa6186336662293,b7852650b501417f547dd83340fa092f757a5978,['cd3fcb5aa77506ed05806392ccd9302dfd770e9b'],Xiang Lyu <31685265+aluminumbox@users.noreply.github.com>,1666856194,+0800,GitHub <noreply@github.com>,1666856194,+0800,"add icefall and k2 commit info (#1522)

Co-authored-by: xiang.lv <xiang.lv@ximalaya.com>"
0bf79ba2149831ac1a4549c139ea9013de1752ff,723a5b0ef0e6c31290d19b7f901a4aba951f7a31,['aec0906b250adfbdff53164bba94bd4ce6c6d40e'],Fiona Zhao <fiona.zhao@intel.com>,1675235728,+0800,Fiona Zhao <fiona.zhao@intel.com>,1675235728,+0800,"fix TBB build issue
"
0bf8fa5c1d099e6c79275db3937e921870807137,d77b977c883880e16ad95ad7fc442d1e3e6a2de1,['971ba2839e8275c95a484ae3048c7eab72485b2a'],Lucky Wong <lekai.huang@gmail.com>,1639990577,+0800,Lucky Wong <lekai.huang@gmail.com>,1639990577,+0800,"Update checkpoint.py
"
0bfc1f9cfdda6f3ac71bf96d666b49e45b4ced65,740c195164320d4becc6c0913c35a7d4308258fc,['0e158044f6e6909160464e49641e842c92b9743a'],whoami <48873278+lsrami@users.noreply.github.com>,1710998158,+0800,GitHub <noreply@github.com>,1710998158,+0800,"[torchaudio] Fix torchaudio interface error (#2352) (#2429)

"
0bfd672a661229b275807d0e5b6bf56e067b3237,c932115d48759eeda45f1225e4efb8efa710bb4b,['5743ac02b4dcbd410d86126fbd1736a4557e1c1d'],Mddct <hamddct@gmail.com>,1713248621,+0800,Mddct <hamddct@gmail.com>,1713248621,+0800,"try to fix ut
"
0bfdf49f419d90e12d9e36592f6ecea46d353b41,0e6b594390005f835d060e081a8acc17c5f2f859,['d06575b878a9353cfcb668c7a6b66b12591d89e6'],Xiang Lyu <31685265+aluminumbox@users.noreply.github.com>,1678951353,+0800,GitHub <noreply@github.com>,1678951353,+0800,"[fix] fix bug when word not sorted (#1755)

"
0c091a6054f14195d42acfd38d06f887a536732f,d66273ba3032f0ed5229d85f03ca376bbc1261b8,['ffd5930711640e000cc51efeeb7ed52d1a9ddf02'],Lucky Wong <lekai.huang@gmail.com>,1639559503,+0800,GitHub <noreply@github.com>,1639559503,+0800,Delete examples/aishell/s0_quant directory
0c0a17bf577354902db5199fb156a8b622b6b102,3812739ed1da4f0d5c179ec892d1eddf880c08dd,['b0ee724a6971a3c6fc92bca21bd5ae2e96e234dd'],Binbin Zhang <811364747@qq.com>,1617158584,+0800,GitHub <noreply@github.com>,1617158584,+0800,Update tutorial.md
0c144f51277eae89e392c725103abab21e43175e,a9fe8d9c607cbfd322e4dc580d58d645fefc7286,['c7eabb560a4496cd28ff6709cbbd0bdf2f3c561f'],Binbin Zhang <811364747@qq.com>,1609314782,+0800,Binbin Zhang <811364747@qq.com>,1609314782,+0800,"add runtime readme

Change-Id: I8d657914164044b0ab9672626575f294471a7e80
"
0c1bb99b515612afc35c424d2e2a2bdf18711c28,407c328106a998142eba593ce01c71dbf7663855,"['e2e69eace1251d5f94e5427fe2bd3ca66c3c7188', 'c6391c0f9839d072645ede5628ff142323095216']",learner <yygle@qq.com>,1663153298,+0800,GitHub <noreply@github.com>,1663153298,+0800,"Merge branch 'wenet-e2e:main' into squeezeformer
"
0c230afd19e1a1313da6ec26c92488cfcfb71b5f,c37311defcf671a5989b134c2a067c75002feb92,['16c4ce6963272bfcd1be3acae0ab881d3ed8fb4c'],Binbin Zhang <811364747@qq.com>,1610367069,+0800,Binbin Zhang <811364747@qq.com>,1610367069,+0800,"server/client demo works

Change-Id: I2d09dac477e1aa56e30bc9c8515ebc6838953d11
"
0c291ca42de0793c65bc7620785070d72bdeb494,6dabd55e52a894b7de56eb6a6bade581930e0c8c,['79bbaddd4983aabfaa4b795cfc162ccedc1233f2'],mackong <mackonghp@gmail.com>,1660725153,+0800,GitHub <noreply@github.com>,1660725153,+0800,"[doc] update onnxruntime README (#1387)

"
0c38a81de7c07c85987114b7da263cf79ddf93fa,4356367e7903ac23e32b2ed3bea51111cc1be761,['b3ba1f58144ffdaa5caa786f9a074a7e0263c2f0'],robin1001 <robin1001@users.noreply.github.com>,1609840399,+0000,robin1001 <robin1001@users.noreply.github.com>,1609840399,+0000,"Automated deployment: Tue Jan  5 09:53:19 UTC 2021 d326cdf270d29d137a02eecd5cf7d7671a4cc386
"
0c3d6d2adf36181e741a6785883c737cb92050a5,5d26beeb4c5be5ac2ebd81d005a9f403f5ff0110,['2a434ef9a0d7a7b3c75d95a10b53e393e9940f95'],xingchensong <xingchensong1996@163.com>,1683717739,+0800,xingchensong <xingchensong1996@163.com>,1683717739,+0800,"feat(train): fix step bug for tensorboard logging
"
0c4355fef45466bbdeedaa996e0e52ac312f9d7e,96ec40f74e133c1960dd6dca5a9372164ea46a86,['d1d45b4be9b56ca4b293e4c0e0366798c7a0c4e1'],Binbin Zhang <binbzha@qq.com>,1652498955,+0800,Binbin Zhang <binbzha@qq.com>,1652498955,+0800,"[runtime] add windows/mac onnx support
"
0c46d4d91547336931f2d39006f2a3fdd7bd9bb4,62ab98cf7425cbf5c0fe47ce79fcde94af22b414,['09d5c61b760f81beef6693a1aecb4e2337a93254'],Binbin Zhang <binbzha@qq.com>,1675912183,+0800,GitHub <noreply@github.com>,1675912183,+0800,"[doc] add roadmap (#1685)

"
0c495343cc4e338f5b58ce6c599e2206eeeb1746,49da562ca63e4fa54d3050047b724a40f2fbf056,"['2a570593725ff0fafde2eb5668e1327f2059c485', '271dee5d4aab3322cd317cfa4e8851c2d28ed84f']",Di Wu <1176705630@qq.com>,1622523026,+0000,Di Wu <1176705630@qq.com>,1622523026,+0000,"Merge branch 'diwu-bi-runtime' of https://github.com/wenet-e2e/wenet into diwu-bi-runtime
"
0c4a00fd6fcce4aa207ad73f970ce7ff27467266,8acdff59e3951f334e2a08f942bfb988119e406b,['ab4541783cf16ec6e25ca67d8e19f95c89497be4'],xingchensong <xingchensong1996@163.com>,1698388371,+0800,xingchensong <xingchensong1996@163.com>,1698388371,+0800,"fix(lint): downgrade importlib-metadata to pass flake8 lint
"
0c54051aa170d7d9c969bb55c8f6e327a8f84f0a,f92c23092995ff52935316634850582ac667e16a,['a5d61b6c8ddc45eb5ee5c01d5b2afca07997c80d'],Kai <kli017@ucr.edu>,1688958414,+0800,GitHub <noreply@github.com>,1688958414,+0800,Update train_u2++_branchformer.yaml
0c5411c49ff6799475edd42ad847fdf07995e474,46635721a67b4be65b644fab50a87a432af15708,"['57f4b7defaf3788d2eee7f573015eaf13ebefa92', '89a4a5dbb96c99aa8714ad80d01b04612dfa2b26']",Binbin Zhang <binbzha@qq.com>,1704781251,+0800,GitHub <noreply@github.com>,1704781251,+0800,"Merge 89a4a5dbb96c99aa8714ad80d01b04612dfa2b26 into 57f4b7defaf3788d2eee7f573015eaf13ebefa92
"
0c63ea020dcc8095d2493fe67a4d692c9b3b2bd4,40f95f93375fd3d6807ac28c29b0d8547a476a71,['e930d8828c5f687eceb2a20630ed84fd7f85927f'],彭震东 <275331498@qq.com>,1612100518,+0800,GitHub <noreply@github.com>,1612100518,+0800,"[fix] fix apk crash bug (#121)

"
0c6b9f90f6e2da1984431830762a42e9c784e388,454dcab395e7bb1becc925a821fb57bd7ad05d69,"['39ae4c867912082f3a498f892374476c9c9ffe2c', '4a795e37f08baadacca81128f35d58cc7e782443']",彭震东 <275331498@qq.com>,1619428703,+0800,GitHub <noreply@github.com>,1619428703,+0800,"Merge pull request #337 from mobvoi/binbin-decode-script

[tools] add decode.sh"
0c7aaf3fcb00ad0a9caa31fd72256e6d3137b537,e4c8338fbb0e3f0428ded0ba4acab46e182631b8,['e26f64d9160740820e7208b0bb447e24ba29755e'],Binbin Zhang <811364747@qq.com>,1612756694,+0000,Binbin Zhang <811364747@qq.com>,1612756694,+0000,"[doc] add papers

Change-Id: I0970dd13b333d0c45b88a71107222f83b7138927
"
0c80bfaf4b58ef38f80f61b57efe578181ce0da3,d245fa17529701d0386bf5a6b52fd6754ba568f8,['cc337674c254cb09df4231c90792ffafc8475165'],Binbin Zhang <binbzha@qq.com>,1692802723,+0800,Binbin Zhang <binbzha@qq.com>,1692802723,+0800,"[binding] use seconds level timestamp
"
0c85d588d25458a21735887b1a72dbdadfe001f6,3347bd07f90f88a161465709ba68d09152de23ea,['4850e7f04a435ef492e814c9019d75932820edca'],xingchensong <xingchensong1996@163.com>,1684132853,+0800,xingchensong <xingchensong1996@163.com>,1684132853,+0800,"feat(deepspeed): fix lint
"
0c8945c6a109bf41a824ffaec9471d907b18ce62,a99298479ed06767cd6c33dc416e2b95700d0d5f,['baaa27a9a1415d6d1c16ff28197c2636dd189392'],kobenaxie <572745565@qq.com>,1706267322,+0800,GitHub <noreply@github.com>,1706267322,+0800,"Fix loss returned by CTC model in RNNT (#2327)

"
0c8a0cb4d9ffdad90c6e69d65da3aa908c382234,49f41e9633e133a9446c15198b530d7b0f5504ab,['7f4eb37e675d374469826679fa463aa29755f21a'],Mddct <hamddct@gmail.com>,1706516036,+0800,Mddct <hamddct@gmail.com>,1706516036,+0800,"rm ignore_error && add map_ignore_error
"
0c8b5b5bce6ab4b6f09dacbc62bc515f2eab6c6a,170e8b372ec619f913f1a02f1e72022121a5f398,['149889f621cdc3fc68230bad30f3bd49746ed48e'],Di Wu <1176705630@qq.com>,1608276111,+0800,GitHub <noreply@github.com>,1608276111,+0800,"[fix] fix attention rescoring bug (#26)

"
0c8ecee42124b2b812a6b21df59a9a0bd1b11cce,00adf5f98bd70bacbe1a9e0b3c77f9375c72ae64,"['39c414eaa91c90d8b7aaad5399034059a2f6e6b1', 'ee73151afb4139aff5bf0c86d17f671ff9ace68a']",gengxuelong <3349495429@qq.com>,1695059801,+0800,gengxuelong <3349495429@qq.com>,1695059801,+0800,"Merge remote-tracking branch 'origin/_xlgeng_fix' into _xlgeng_fix

# Conflicts:
#	wenet/utils/common.py
"
0c92b625d99b25710e7e3a0eb23d8acfe6980da8,49e226c410c19a10788be629bcfdcee334617466,['3d29c47fa48eaee6dcd127132a600c5e9149339e'],lizexuan <lizexuan@huya.com>,1642562151,+0800,lizexuan <lizexuan@huya.com>,1642562151,+0800,"[runtime] add onnxruntime export and inference
"
0c96792b0fcc52aea7dd03ae5cdcb5835267c3fd,03724b3614142ce7050a45af3d28dc37a9e3f6f1,['c7f139744a41033ed3d12d76b5e3fb5918349b77'],Di Wu <1176705630@qq.com>,1614656932,+0800,Di Wu <1176705630@qq.com>,1614656932,+0800,"[doc] update aishell s0 multi-machines training results
"
0c9e40f5c9de25578618c565017a8ca5577bc02e,2828d3af8bd303df79244c5f86c4c83d1b4453a4,['f047f8c05362760b704a95a3e131835c73622aee'],He Wang <57617568+MrSupW@users.noreply.github.com>,1678843064,+0800,GitHub <noreply@github.com>,1678843064,+0800,"[cif] Deal With Replicate Codes (#1749)

* cif related

* solve flake8 warnings

* [cif]add copyright

* [cif] modify some hints

* [cif] deal with replicate codes

---------

Co-authored-by: root <root@asr-wanghe9-sbyesj-0.asr-wanghe9-sbyesj.lizr-a.svc.dev00-bcebj.local>"
0c9fd8f7a5bc03e7b17f1a19a2ce085efcb01093,26efdea586b8397f2bd922af332e3b3dc289bb52,['5fed2c428da1c0c843731f021e8822ecb097f9bc'],Mddct <hamddct@gmail.com>,1703595307,+0800,Mddct <hamddct@gmail.com>,1703600265,+0800,"[wenet] support distributed decoding strate
"
0ca75c69f5b8cbb1cb1987d5c443b2fcfa4ae996,d8079ff8795ad0de43463a21b1e1d525f5d59208,['eeb64ee47c6efa73608a78014bbdf1cc9fb591b0'],Binbin Zhang <binbzha@qq.com>,1657530637,+0800,GitHub <noreply@github.com>,1657530637,+0800,"[examples/fix] fix topo error (#1295)

"
0cbd663f13e0a61b31b6aa2de52c3c961d4a47df,9e3ade37b9d96e862b2d6e6720643e02f2b5e7d4,['c8f0c8490819dc35fd6529360c438e65d15f12de'],Binbin Zhang <binbzha@qq.com>,1652790887,+0800,Binbin Zhang <binbzha@qq.com>,1652790887,+0800,"refine readme
"
0ccd87f60f030922da157e4eb4e739952a8206d7,b4cdb973a7ac5c675790bda5ee92d3dc18c3bd04,['ed2060c4301d7a7f2737293be2c291a366a9d9e8'],yygle <yygle@qq.com>,1669877302,+0800,yygle <yygle@qq.com>,1669877302,+0800,"[squeezeformer] Support ONNX export.
"
0cd197730c014b9cb8b8d2ae55d6024443a26824,458bbd25d7d878953cba7aa64dcae8ff01cc1cf6,['4d0c19b7fe98e96b98b59f19fa717692219aa377'],xingchensong <xingchensong@users.noreply.github.com>,1711510294,+0000,xingchensong <xingchensong@users.noreply.github.com>,1711510294,+0000,"Automated deployment: Wed Mar 27 03:31:34 UTC 2024 5ce9c199b3b29befafd3673c5bd37eaece289ed6
"
0cf0a63ed8b34e2971bb780535d3097c43cdf62c,8e110cf17bebcb279a37ca1c0a75b01b88ce79bc,['b1488d93fabeefe35be43b8c9b7683d7f518fa9b'],xingchensong <xingchensong@users.noreply.github.com>,1713335195,+0000,xingchensong <xingchensong@users.noreply.github.com>,1713335195,+0000,"Automated deployment: Wed Apr 17 06:26:35 UTC 2024 4e9da62a15dd88b9c933cc59051c55e73042ab7d
"
0d114f5889ab2724f45a5e1af7794e826d026afa,a63153741baa8d0a4fbe8875b6387929615d4176,['20552fe33774335afdacff4d2ffc1dbe0d30d88e'],Binbin Zhang <binbzha@qq.com>,1651895686,+0800,Binbin Zhang <binbzha@qq.com>,1651895686,+0800,"[bin] make float model exporting optional
"
0d13ebfb1bf84b1ac0c327d7953f4e7437ac82e2,2e3a27119f04c583a15295ed9e66296c60f75548,['5d8cbc8c344f467ab3f9fabcf14885950420f882'],Binbin Zhang <binbzha@qq.com>,1636166777,+0800,Binbin Zhang <binbzha@qq.com>,1636166777,+0800,"update andorid libtorch version
"
0d20b001f984567542985e836ed5624c58aee06b,34fb69cdc7090331f200d2852ebe808cca8a3aad,"['71971e010a0c4e1882464f8468f8b167cf2bbdf2', '86e68aeff4410a4afa16579ae49e4acc0d36233a']",Xingchen Song(宋星辰) <sxc19@mails.tsinghua.edu.cn>,1638955949,+0800,GitHub <noreply@github.com>,1638955949,+0800,"Merge pull request #847 from wenet-e2e/binbin-fix-bpe

[examples] fix bpe bug in librispeech"
0d34661737588499918dc9dfc1d41b2d89d82579,17fc5b3aa522d3239e0d7972a067d8fd752c7d10,['d0636f12470378bd9f24ca9866faac8f351cc53c'],Dinghao Zhou <hamddct@gmail.com>,1713104868,+0800,GitHub <noreply@github.com>,1713104868,+0800,try to pass unit
0d39db8c5243a720862be76b0e2d80d17838b62f,b9e77b175b93264bffc0c6d3d2eaa3d7fab71ce4,"['7d468f2e07efa5415333fa9b8f39fd196c9fa3f6', '5b908b07ac762634acf32dae32e801d7aa3e41f9']",彭震东 <275331498@qq.com>,1617934040,+0800,GitHub <noreply@github.com>,1617934040,+0800,"Merge pull request #295 from mobvoi/revert-292-zhendong-add-dependency

Revert ""[runtime] add dependency"""
0d3b5fe3d17d07c8d3e1bf8288f8984d0e355359,bdfba426e81d3ce1590bbe446f2a8fe285d24748,['0045ecc97b48c89ea6a61ea8880cc39b98acc071'],Di Wu <1176705630@qq.com>,1615881707,+0800,GitHub <noreply@github.com>,1615881707,+0800,"[recipe] mul_cn and unified char and bpe data format (#210)

* [recipe] support multi_cn recipe

* add tal data and migrate zh and en training

* remove magicdata_data_filter.py by using tools/filter_scp.pl

* remove unused script

* fix format

* add new lines

* [doc]&[recipe] add mul_cn char modeling unit and unify data format

Co-authored-by: fanlu <fanlu7311@163.com>"
0d3b88b78128aa40c9d52cf43c9717fb4c127350,aa6d598e5b0899b28ff9d933dd3672cd02e03d0b,['bc576b4dad9bfb80cae95f100f055f4a189ba160'],Binbin Zhang <binbzha@qq.com>,1678433257,+0800,Binbin Zhang <binbzha@qq.com>,1678433257,+0800,"fix
"
0d445ae00d0db11508f221e73d408342c5a57835,f2a8129fd6b3db42855f3ff130501e4c82c6d3a5,['8b08d72179341100a82ffa84f839d016481ad2ab'],王宇驰 <yuchiwang@163.com>,1620715261,+0800,GitHub <noreply@github.com>,1620715261,+0800,"[doc] tar -xf 20210327_unified_transformer_exp_server.tar.gz (#371)

Co-authored-by: wyc <wyc194782@alibaba-inc.com>"
0d4eda45298a2475c3a7708e93c7b3aed0346e7a,e5ab28cf24de1bda27f360777b38dd2afdb53f8a,['e41585debd36721510083dca8aa7800127276bae'],slyned <slyned@nvidia.com>,1636546348,+0800,slyned <slyned@nvidia.com>,1636546348,+0800,"fix style

Signed-off-by: slyned <slyned@nvidia.com>
"
0d5b0d05383391739d0076fb40128aa6e2215e46,11aad455302fa74d7a377aa34d84d2a4c8b4a340,['280423529e2f77c65e17716f779500d5e98f2e30'],Di Wu <1176705630@qq.com>,1625469251,+0800,GitHub <noreply@github.com>,1625469251,+0800,Update README.md
0d6bfd2ba6c4729bbc9441a0b5001b5999bb1b4d,b53f869386f44342cd9edf39b8e7ccd3a9e7193e,"['bf0d2aa8423af8714f79184df475d108546dbdc6', 'ee43964afd8fe1c984f030124075b9d1e463b444']",Chao Yang <385526069@qq.com>,1610956208,+0800,GitHub <noreply@github.com>,1610956208,+0800,Merge branch 'main' into dev-rel-shift
0d725b831b0122a1df7d9a61a209767e685a6437,4e51d8e6c736e2f45aa06800f8eeadc2325dc706,['35b4ef5b21fe3f72a0a59d43ea3ce6d5d95f0e19'],Binbin Zhang <811364747@qq.com>,1629961520,+0800,Binbin Zhang <811364747@qq.com>,1629961520,+0800,"fix topo
"
0d7901c11d555c3b6212b1dff35fba687b83056e,158e5bdb0a4afb3969e7e4a1988f783f53aa3438,['ec7e66c5a14c4692f6082ab112361c24a7cbea98'],Di Wu <1176705630@qq.com>,1622537797,+0000,Di Wu <1176705630@qq.com>,1622537797,+0000,"[doc] update readme model path
"
0d8344c7f39dc1f6f27f5641bc5ef7c4c84133ef,521a77789b8fe966e4000867488137b60c4a8774,['5db0f498e3dfc1bc4c3f6ccb4d15dbe2c515fc3c'],Binbin Zhang <binbzha@qq.com>,1698914601,+0800,GitHub <noreply@github.com>,1698914601,+0800,"[cli] fix rec to text (#2104)

"
0d8410ef51415e56766eb4b3f01783e48a84ab5f,4e9ccba943ca46cabe9771a560db0889bddfa7c8,['c383b5dd27dad3e6e5945e6783b81174540e4c4c'],xingchensong <xingchensong1996@163.com>,1708500132,+0800,xingchensong <xingchensong1996@163.com>,1708500132,+0800,"[examples] fix --penalty
"
0d9413da51a2adc5990261d1ffb31c1e78919661,40f9a090c1a86bb719bd3c223c9754791870f13e,['6c09f6c4d3c2bd408e6583b2e35802526589f3f8'],Binbin Zhang <binbzha@qq.com>,1736478410,+0800,Binbin Zhang <binbzha@qq.com>,1736478410,+0800,"[wenet] add whisper style embed_audio interface
"
0d97bd7b27671a0d336afe27d12f77f6a0360c68,0f050b552f9203073357c614c093ef480e9995ca,['70f35735e3fe7e19113b47d1992aa3c0927d1dbe'],David Zurow <daanzu@users.noreply.github.com>,1635940569,-0400,GitHub <noreply@github.com>,1635940569,+0800,"[examples] fix librispeech dev set variable usage (#758)

"
0d9f0720a20268428ae4df6d01fed53c09e2d344,4356367e7903ac23e32b2ed3bea51111cc1be761,['9a8f60c29393dbe5ae74c396d9b43281fe5feddc'],robin1001 <robin1001@users.noreply.github.com>,1611045470,+0000,robin1001 <robin1001@users.noreply.github.com>,1611045470,+0000,"Automated deployment: Tue Jan 19 08:37:50 UTC 2021 0f27de37226e4422172b370644d08c30974f5abf
"
0da59459f2b73bdf90206d224b5adae978b59a38,e9ee659ec562e34f9544c813dafbb7714388a233,['fcfe591baf8c95431e84e80d0ef3371aea107131'],wangsenmao <wangsenmao@haier.com>,1672988756,+0800,wangsenmao <wangsenmao@haier.com>,1672988756,+0800,"add blank scale
"
0dac0b55bf812e0e3e34289efa190334432b397c,b14c210688a8ed76e147879d8b3111aa380b0532,['7ebcd5768bd1fa96841df8f792b80fe10da93c6b'],Alan Fang <614478391@qq.com>,1723519313,+0800,GitHub <noreply@github.com>,1723519313,+0800,"support LoRA-GA and tiny fix (#2606)

* 支持剪枝前热词增强

* simplify&&fix lora args

* fix lora parameters and description

* fix lora function args and description

* 修复文件

* set lora attention positional arguments

* optimize lora codes

* add init.py

* add lora_ckpt_path to recognize

* format codes

* fix codes

* support LoRA_GA

* add lora init config

* support LoRA_GA

* format codes

* format codes

* fix init_dataset

* save lora-ga init model for w0=w0-A0*B0;tiny fix

* format codes

---------

Co-authored-by: fangcheng1050 <fangcheng1050@wezhuiyi.com>"
0db4c8d77e726bc7b112d18ffd2604bfa2d786a2,af55cf4d53ce544484ffba70c7587a1e85c102a9,['aff811f5fca1726c1b3777800e728609f213cbb1'],mamba <shaojieli.nlp@gmail.com>,1701067078,+0800,mamba <shaojieli.nlp@gmail.com>,1701067078,+0800,"fix bug
"
0dbc7edb451063dbf466bd009617e68a43903de2,b7add11cb62446ebc53fbd618a3128d62b0baadd,['a2c0fec01e8a760b976d93d41633fe95f6557fc7'],Max <zhangyuekai@foxmail.com>,1634025299,+0800,GitHub <noreply@github.com>,1634025299,+0800,"[examples] Tedlium3 receipe using new io (#677)

* add ted3 receipe for new io

* remove shard for small dataset

* add bpemodel option

* remove tabs

* add local files

* remove redundant configs

* align lines"
0dc48f16b9c55074ad5dd2b4aeeaabd08e4d4348,ca285c49e79406a0aca7e486589daba69ee99cfc,['412e51bc52bebda7694a578419b8f7656713266a'],Mddct <hamddct@gmail.com>,1709108641,+0800,Mddct <hamddct@gmail.com>,1709113709,+0800,"support rope
"
0dc8ba9287f3f01b46cf0abe07df28f0d78db24b,71e56488c40e07162e60dd31df84a7c8335708f5,['8412f189ba531d6035a1bcbecf636a2e81e93647'],Di Wu <1176705630@qq.com>,1611679624,+0000,Di Wu <1176705630@qq.com>,1611679624,+0000,"[doc] add spec substitute and new aishell results
"
0dceb8a5a393ed450371c7d70f0960f9302901a0,fbf43c55058f4bd1f8a3d480b37663691d0ac31d,['e403716fcc9f13e34bd04cbac5c499b9c59c30b5'],Mddct <hamddct@gmail.com>,1653741954,+0800,GitHub <noreply@github.com>,1653741954,+0800,"Update encoder.py

fix comment"
0dd9b7805401d5c16f05a76e1b937b7bb434245c,d921dc11c14d7294aac1d9ed54d0be5e1c26694a,['8ab5354a934db3ee7ee93489045a27789dc4c92f'],starhaox <37957130+starhaox@users.noreply.github.com>,1704788685,+0800,GitHub <noreply@github.com>,1704788685,+0800,"[wenet]fix the step_xx.yaml grad_norm issue

correct: 
       grad_norm: 28.40692710876465
error: 
       grad_norm: !!python/object/apply:torch._utils._rebuild_tensor_v2..."
0de04b4030b4ffdb150cce95c24c3b87202d5bd5,dc6e0acc6c3de4df40bbfab1bd3c60df8b04d5fa,['215aec4404b4ee82546a506768bdd7acbbd47dce'],Mddct <Mddct@users.noreply.github.com>,1699407509,+0000,Mddct <Mddct@users.noreply.github.com>,1699407509,+0000,"Automated deployment: Wed Nov  8 01:38:29 UTC 2023 cb16b6b8bbde22f04edeeaf63aa17a4e1bf1b3a5
"
0de0bddbdb419e609ae2f8a6c444ec0beb4ae67e,e96591eeddaad3afd407c3016488cb2ca95b0253,['5d9d96e4b474e5c3fe5cbac818893b71a873f93f'],shanguanma <nanr9544@gmail.com>,1702375315,+0800,shanguanma <nanr9544@gmail.com>,1702375315,+0800,"update wenet/README.md
"
0de6d4519c4c5caf22c2ab16c8dab345faf1750f,81c8a4f486c9b3b41703521da2b476fe07980bb7,['d851a7a9e20263d1516424aeae9289258bbb5388'],robin1001 <robin1001@users.noreply.github.com>,1611976304,+0000,robin1001 <robin1001@users.noreply.github.com>,1611976304,+0000,"Automated deployment: Sat Jan 30 03:11:44 UTC 2021 bf2d368738b5d49b70a1c1a2c7ec9907f741bb4e
"
0df21a4fb226967b5fc2fda661268adef39f37ee,5dd7684986fc839708dea5091041cd51997b0559,"['55086b78b1a35a08a40bb1420dcda4e64e54dee4', '713d0110d244c762a91e72917277eb3ca72aeef8']",Zhang Yuteng <zhangyuteng1029@163.com>,1651899697,+0800,GitHub <noreply@github.com>,1651899697,+0800,"Merge 713d0110d244c762a91e72917277eb3ca72aeef8 into 55086b78b1a35a08a40bb1420dcda4e64e54dee4
"
0df22fbc211550b11f9f65ce0d8ea10529350125,dc54879bf4aaf0315968393503e8975754e5106f,['0e092741ef233015b6533ba25fb1d7a93d512dd4'],Dinghao Zhou <hamddct@gmail.com>,1739194874,+0800,GitHub <noreply@github.com>,1739194874,+0800,"rm LLM in fsdp (#2688)

"
0df275999d136c26445fe826af63bcd92ab76bbd,7e13e3271ade1a270bdad95f776d6d828170ab4e,['4c4878e8a9cbfeae1125461d1d3631ec5daf5318'],Xingchen Song(宋星辰) <xingchensong1996@163.com>,1701155832,+0800,GitHub <noreply@github.com>,1701155832,+0800,"refactor(model): keep name pattern of class mapping (#2175)

"
0df7afbb0fc230667e85b678dace7446b721b69a,d0e08b75c6796f5c8945fab7371ff2886c773c5c,['76802b08a59456c50a30f3fd43654c2f71c32bcb'],pengzhendong <pengzhendong@users.noreply.github.com>,1656564665,+0000,pengzhendong <pengzhendong@users.noreply.github.com>,1656564665,+0000,"Automated deployment: Thu Jun 30 04:51:05 UTC 2022 b84185548ef5cee50d1415b75da44b6dfd389e41
"
0dfd7684d2be5c03c5e46521916e19b49b29f1eb,276bb5ae601e9f18c75f7f1368bc10e00c46cb1f,['388325a63bb405daed3c3596af936ffeb5d3644c'],xingchensong <xingchensong1996@163.com>,1630549537,+0800,xingchensong <xingchensong1996@163.com>,1630549537,+0800,"[runtime] update copyright info
"
0e092741ef233015b6533ba25fb1d7a93d512dd4,4d4502cd37f819aaa454af2b8ea33f2e323304c1,['b67088af5f1e6e5b7c8ab9d2bd15c17d5e1785a2'],Dinghao Zhou <hamddct@gmail.com>,1738999041,+0800,GitHub <noreply@github.com>,1738999041,+0800,"jit works (#2687)

"
0e1042b8488c626b729b3e49db5f2db9fb4289a3,3db5d5f6f9eb0d844a12b5d37c0c04af2f6642e5,['c34d4998ac1c813a659e1be4f4c460a8573c5a82'],machangwei <machangwei@bigo.sg>,1614406622,+0800,machangwei <machangwei@bigo.sg>,1614406622,+0800,"[fix] add explicit utf-8 encoding when compute wer
"
0e13def697160cabaed5e2e631a181d27a4571d9,3df8075f6280c20345d429ab1c1dcf08eb5953c1,['1ea7515e4722f4e05a5985f587120c994a93694a'],Di Wu <1176705630@qq.com>,1611754450,+0800,GitHub <noreply@github.com>,1611754450,+0800,"[doc] add spec substitute and new aishell results (#101)

* [doc] add spec substitute and new aishell results

* [doc] add spec substitute and new aishell results"
0e158044f6e6909160464e49641e842c92b9743a,9d0f530b626dc4e3e59507ce646a7a732d4e13f5,['6f77461c18253a9e7e431305f1d967425b353fff'],Xingchen Song(宋星辰) <xingchensong1996@163.com>,1710986170,+0800,GitHub <noreply@github.com>,1710986170,+0800,"[runtime] upgrade libtorch version to 2.1.0 (#2418)

* [runtime] upgrade libtorch version to 2.1.0

* [runtime] upgrade libtorch version to 2.1.0, macos

* [runtime] upgrade libtorch version to 2.1.0, linux gpu

* [runtime] CXX11_API linux cpu

* [runtime] linux CXX11_ABI gpu

* [runtime] windows libtorch"
0e19d044af44e1acd28c33319ddc8c309641fbb6,ecd3fcd212001111ab9c27679dfbdc2298e4f1e7,['c8084ef2062651c27cdacdf51eb7c0999d4106c9'],Mddct <hamddct@gmail.com>,1710460099,+0800,Mddct <hamddct@gmail.com>,1710460099,+0800,"make fintune run
"
0e1c95bde22664f78494dbb2a86ca45044202a52,02113720d23190483ec89982367c92bfe4659d97,['01a96a7d462adb2930a933b08c5fa382560095fa'],xingchensong <xingchensong@users.noreply.github.com>,1712508602,+0000,xingchensong <xingchensong@users.noreply.github.com>,1712508602,+0000,"Automated deployment: Sun Apr  7 16:50:02 UTC 2024 b8191cee9689c147b8611d79ef8309ee591e02bc
"
0e1f39faad31359c21f400c0285c59e141694f39,8dfaa1d8b8ce51476da4a64231905db71aea2987,['21d41499308a1f4be6af9eaf55b08a0a68d772d3'],wrz1999 <609519258@qq.com>,1651246787,+0800,wrz1999 <609519258@qq.com>,1651246787,+0800,"debug_3
"
0e24ef0f42ae5bbd7af4ca625aa06dfa5601f2f1,8530ec21a87d047d748b187338189dae9b3a97bd,['624cff79cf7c4785e102644e4488219175c81099'],robin1001 <robin1001@users.noreply.github.com>,1609393183,+0000,robin1001 <robin1001@users.noreply.github.com>,1609393183,+0000,"Automated deployment: Thu Dec 31 05:39:43 UTC 2020 a3c9bbba96a9e57d85c0aa6a2b5bff96fd0e48f7
"
0e2b6e7a30548366161a1ed186db16e0ea8e953d,f095b152f1651143c3d29b3eb6e8e0eac8df86e8,['6f77461c18253a9e7e431305f1d967425b353fff'],whoami <48873278+lsrami@users.noreply.github.com>,1710951934,+0800,GitHub <noreply@github.com>,1710951934,+0800,[torchaudio] Fix torchaudio interface error (#2352)
0e2e9118caceb92e7896e1d1b2a866ec088e6f32,6bcc089b99c575f18fd44b0664e7cde002feccf4,['011d4132aaa22e1f93fda2c7a9a1139b413f05ee'],pengzhendong <pengzhendong@users.noreply.github.com>,1621924814,+0000,pengzhendong <pengzhendong@users.noreply.github.com>,1621924814,+0000,"Automated deployment: Tue May 25 06:40:14 UTC 2021 5bd978acf6999a1b7c6a28d0b081572a5c90dc03
"
0e3223582f56228f83333cf30c07cb1fa36aeb6d,bbecde0837fbf3d98a9f2703f9972cd0d373cb75,['b5c7f86bbe8346530b2202c071c74fa2813dbc54'],Di Wu <1176705630@qq.com>,1618478815,+0000,Di Wu <1176705630@qq.com>,1618478815,+0000,"[fix] subsample mask fix. it does not effects models preformance if you sort by audio length during training process
"
0e330479c0bb6b9d22ed17d63469a7a68a6ce1b6,2df4c31a4117acb4a37e05aaf15697c67c48a285,['cb16b6b8bbde22f04edeeaf63aa17a4e1bf1b3a5'],Mddct <hamddct@gmail.com>,1699424151,+0800,GitHub <noreply@github.com>,1699424151,+0800,"[cli] fix windows backend (#2131)

"
0e3f864e820f347b82d6b493cd410d237b015b00,da634eaed7340eb0c8cc7df3bbba1ff968217c1e,['b7a69cbf140f460d5c12e5821ce1e758d5d7230b'],tongjinle123 <lancertong@live.com>,1652763461,+0800,tongjinle123 <lancertong@live.com>,1652763611,+0800,"[fix] fix yaml, drop unused
"
0e47e5d6edf9d9d91620b8d0ec39ba70129617a8,bf9cec91559a914b9e4cc565852c7da0289a67ed,"['9f6c996ae858aa90e368eefb9895ea214d1ba8e0', 'f155f12fb7f2bd727ea12bf90ba4d6a208e74751']",Binbin Zhang <811364747@qq.com>,1619495767,+0000,Binbin Zhang <811364747@qq.com>,1619495767,+0000,"Merge branch 'main' of github.com:mobvoi/wenet into binbin-aishell2-lm

Change-Id: I8ed89915a7c02f0f5116a415c9403580ceb89669
"
0e48e5d2ec825e85f4ee508e231ee7afcb0d8d06,ae9f004894880b75570d254e2b9679365f229109,"['7882fea98c8ef3e5f56180c496e998d9d35282e8', 'e657753d4d197dbf8481159e5870c6e4aae6a6ea']",Zaili Wang <109502517+ZailiWang@users.noreply.github.com>,1684140756,+0800,GitHub <noreply@github.com>,1684140756,+0800,"Merge branch 'wenet-e2e:main' into main
"
0e5de5c1a75b4ac22fc8d92fb25c9da5ffc783b3,7002f085435a9bf51c3487785c08de683d4841d5,['76adcfe380ee301c4da45c089cb5cbee0953baeb'],Binbin Zhang <binbzha@qq.com>,1678586878,+0800,Binbin Zhang <binbzha@qq.com>,1678586878,+0800,"[doc] add python sphinx python api
"
0e5f793bc708709c233304a0e1b0968190781945,c7955d7e37b881c27acac2cd07665180b146849b,['a1de1b31e3ee1ae806cfe555498ae8f021e49931'],Binbin Zhang <binbzha@qq.com>,1649557588,+0800,GitHub <noreply@github.com>,1649557588,+0800,[doc] update doc workflow
0e6d329643495e91b97d4219b3d054b33d454b2d,151411fc50d09a85ac99fd99dba2537bec38283a,['af1315ca87b4a024ff86a70b5ddeb0a79d1150a8'],Xingchen Song(宋星辰) <xingchensong1996@163.com>,1698721070,+0800,GitHub <noreply@github.com>,1698721070,+0800,"fix(utils): avoid GPU RAM surge when loading ckpt (#2091)

"
0e73873ac59b2f3b339f3fa830d2c4d233ec8e55,a9b035172c4699cb2e4e99be324015c031a02ebf,"['8423e175e4feffa017948a59084eba707f862973', '74a6ebc55175cf7d18f2514b5dd0f6d71152b1bf']",Dinghao Zhou <hamddct@gmail.com>,1758268661,+0800,GitHub <noreply@github.com>,1758268661,+0800,"Merge 74a6ebc55175cf7d18f2514b5dd0f6d71152b1bf into 8423e175e4feffa017948a59084eba707f862973
"
0e7396c82b59ac1e7d9cd734abf27a8a52bdf588,443f4c1c82b2fdb2c3998d5ae57e08f7a05ed508,['b2f59efdc598ac09e2e4acf69e411042e260181f'],Xingchen Song(宋星辰) <xingchensong1996@163.com>,1722950175,+0800,GitHub <noreply@github.com>,1722950175,+0800,"[test] fix version for transformers (#2591)

* [test]: fix version for transformers

* [test]: fix version for transformers

* [test]: fix version for transformers

* [test] fix version for transformers"
0e817e468a7197cad76241f30e1c290f037a68a9,558460e28d5916cbc097d28ee6872d5adccc9b88,['f1d12934879ba390e516ab67924f920ba77e1243'],Adiljan Abuduniyaz <126153483+AdilAdam@users.noreply.github.com>,1744773373,+0800,GitHub <noreply@github.com>,1744773373,+0800,Update bat
0e81840bac6d6d2d8c785e52a907761fd2999e58,052023427eee6399f0874b59da1405134f741635,['e5e36fcee5108995f0d6fc8b2641dd0efae3522b'],Mddct <hamddct@gmail.com>,1714443333,+0800,Mddct <hamddct@gmail.com>,1714447848,+0800,"fix llama3
"
0e959cc895b8e189f951e386f4602940b53305b2,a51e32a81c24e1bd16a44aa58592d8a4be799e6f,['8ebde1b632d315495cffbb0493e84f786ccd46e4'],Lucky Wong <lekai.huang@gmail.com>,1627381971,+0800,GitHub <noreply@github.com>,1627381971,+0800,Fix comment error.
0e9fe4898fb500b62ec07d514a9b46be91a4f9f1,8eee3fd297372ad2f88867607812032db7d272bc,['1c5ba3b5cbe896afe012a9f1d2de26671c404b20'],Mddct <hamddct@gmail.com>,1657271482,+0800,GitHub <noreply@github.com>,1657271482,+0800,"Update README.md

large batch , little large lr"
0eb4775ca7467e0bdb984efc015c8de7d223eb9b,c96663ee9cd77886651cd81b17306119ec2d9328,['69399f98b264fe094272c45958bf25cdc1a856be'],pengzhendong <275331498@qq.com>,1646544110,+0800,pengzhendong <275331498@qq.com>,1646544790,+0800,"fix(decoder): fix check bug of decoder_main in continuous decoding mode
"
0ec3b59fe16ac8ffd6c85fd8bf688bcd32459bf8,47a91f22ef01acb968ed24159bd2254d710c2bb8,['ad0836b75a60a1055b7724451ace29ce590e6a9b'],Xingchen Song(宋星辰) <xingchensong1996@163.com>,1699261577,+0800,GitHub <noreply@github.com>,1699261577,+0800,"fix(train): grad_norm should be initialized (#2117)

"
0eca1d0daa0198c438e52c2bdf5dc1d8ca7a4861,fee0ca773e758c85fe4379bac72b56621a3f5471,['464c3a4aa841338a5a96070174638933f1a563c7'],Binbin Zhang <binbzha@qq.com>,1653317606,+0800,GitHub <noreply@github.com>,1653317606,+0800,"[tools] add srilm install tools (#1160)

"
0ecbd37b1669fccc8c6d1fdcd2ec28af36be3776,1e35f0138e2ec35c55d733b2cd1b1cac25c16a12,['3786e4ae2f172771db33cf90d249290daeb92481'],xingchensong <xingchensong1996@163.com>,1701410410,+0800,xingchensong <xingchensong1996@163.com>,1701410467,+0800,"feat(train): pass jit.script
"
0ed1f94ace26589816f67b46f0334757c8714df9,605079e458fe4ff26bbeb6c0bb81110410dbf37c,['fa39024e578e957f778943b23ba5bee6a1e46e9f'],Mddct <hamddct@gmail.com>,1656384429,+0800,Mddct <hamddct@gmail.com>,1656484157,+0800,"[transducer] unify aed and transducer work
"
0ed7b2a215b2fb0905027a5f187ab20f668b925f,d48a2d0e59ac221c9a8ed38b57b507f62274f06e,['4047c21eb2c05fbb32b7fe4e2e63be11d57db346'],Binbin Zhang <811364747@qq.com>,1612771817,+0000,Binbin Zhang <811364747@qq.com>,1612771817,+0000,"update again and again

Change-Id: I03083d748548282e0f41a9f67084d5b2995dceeb
"
0eecc8f227ee76402c5ba352a998cd39e99fb2e3,11ed235e02ec831705c2322c45213eb417635b1e,['06574048f9a03b4fb037231522b68a393cbd944a'],tjh628 <47770688+tjh628@users.noreply.github.com>,1661318741,+0800,GitHub <noreply@github.com>,1661318741,+0800,Update compile_lexicon_token_fst.sh
0efb1490f5b981155ab84269295e6f7ee61503de,f327140b67d7fdea682c587cc7543cc0d037c3b2,['e40789e041969aa3a7903455217835c7e2691b15'],Di Wu <1176705630@qq.com>,1604894048,+0800,Di Wu <1176705630@qq.com>,1604977451,+0800,"fix some import bug

Change-Id: I207c92dae7d79e2e794265375453298ea7d38991
"
0f00035a5124ccce9fa1d49480bef222488e888f,c3286fad6377390d97cf18d4a4940ad3644eb7d4,['bc2c95006f54a23b90321e63fda84a9f918a5be9'],xingchensong <xingchensong1996@163.com>,1668132582,+0800,xingchensong <xingchensong1996@163.com>,1669893217,+0800,"fest(horizonxj3): pipeline stage && nchw->nhwc
"
0f0c4f6312375e32a7e0b6df1b5c8ff617b6ea7d,f93ad730966f059046537325383196eea3a5e2b3,['e9031f769723810f645e325ae27a95167e6850bb'],Slyne Deng <slynedeng@gmail.com>,1642507878,+0800,GitHub <noreply@github.com>,1642507878,+0800,Style
0f1902a691683a680b342be7ae17ff337059c7b4,a1aedf05f4cc4fb6150c97fdc24caf8df2caf60e,"['4ead7a5e21bf1a757fef76b38f89661470fa6b0b', '630a5916b84204521012ccc35d2618d220290143']",Binbin Zhang <binbzha@qq.com>,1678708996,+0800,Binbin Zhang <binbzha@qq.com>,1678708996,+0800,"Merge branch 'main' of github.com:wenet-e2e/wenet into binbin-module-doc
"
0f1997de5e232897d18e4f83e79042a945850e29,a0325d0563a7631edf62af6f3c6c5c1c2a1b0aae,['703427bb96cf6b919d2ec733455b45b66f39bbf9'],Binbin Zhang <811364747@qq.com>,1610025766,+0800,Binbin Zhang <811364747@qq.com>,1610025766,+0800,"server/client send/recv data okay

Change-Id: Ie36633f95d11b5ac34583dc02781fc18575e04b8
"
0f1ca8e5534455b97dfa6937984796f204f09a35,12c9c9155394af403f68481d1247cbbbcd0d6cb0,['314880f2500c7e6a580163e6b8b66f3c042f2789'],Binbin Zhang <811364747@qq.com>,1616513060,+0800,Binbin Zhang <811364747@qq.com>,1616513060,+0800,"timestamp works

Change-Id: I43bf941e235cd8c4fc838036d1cb18ad7c3a2a65
"
0f1e40363215f4c1d554f940cc5abced8d33ce41,0f85d5e7aa6e94ab194c05981d06a58c03cef071,['bb698d0b25c9653cfcf21c542d4e2dced0f0fd81'],Binbin Zhang <binbzha@qq.com>,1648297251,+0800,Binbin Zhang <binbzha@qq.com>,1648297251,+0800,"fix topo error when rescoring
"
0f27de37226e4422172b370644d08c30974f5abf,87479e50f66e536e0c7cbf836aad22ba4b85b65b,['df3bbcc56ae74b6c084970c354f2dfe9d3fc3fee'],Chen Xiaoyu <jschenxiaoyu@qq.com>,1611045410,+0800,GitHub <noreply@github.com>,1611045410,+0800,"[runtime] add android demo (#73)

* [runtime] add android hello world demo

* add server runtime code into android

* add cpp recognize demo

* add ui and audio record logical

* [runtime] optimize android app demo

* fix bug

* add android assets readme

* fix lint

* CMakeLists.txt style

* [android] modify frozen time of stop record button

* [android] add readme

Co-authored-by: Binbin Zhang <811364747@qq.com>"
0f294f6c6fa088dd0a084e836bf307f276cd5b04,a1bf3138fa8e11ca7534d73a270dd5ecc5346408,['4261a64b7f29c53efdf336502ce6c911bfe49ad7'],Mddct <hamddct@gmail.com>,1706087042,+0800,Mddct <hamddct@gmail.com>,1706087042,+0800,"fix whisper unit test
"
0f2c3855fbc564ef515cf38fedb23c32a47d3537,2ce616f51adda17a30d7729d6c7732244534fa1c,['ce8850f3505c6d4c5175dabd8a0e106e4348a549'],xingchensong <xingchensong1996@163.com>,1698744405,+0800,xingchensong <xingchensong1996@163.com>,1698744405,+0800,"refactor(deepspeed): log grad_norm
"
0f2cd4c3497dd8fe431781b54deb2627729b4d1f,a8a057070d5492878eac647a1b7c1113f6868d80,['6874fe5f88b8115f2496ca9379e4613262617515'],kaixunhuang0 <huangkaixun@foxmail.com>,1691752063,-0400,kaixunhuang0 <huangkaixun@foxmail.com>,1691752063,-0400,"nn bias dataset
"
0f2f3396e6bc05beeec2521d4f6db7eee5942940,25b415d4020207ea3a6fa7d02cadaed937b9474d,['11eb863a4d3ec9995d5dcf33af4c01196d904c9d'],Mddct <hamddct@gmail.com>,1710916960,+0800,Mddct <hamddct@gmail.com>,1710916960,+0800,"unify shuff typo
"
0f46608ce7bca55ec8b75bd66e0037db483b2c25,2b6f10cc0e4de7828e6eb0e101654ad009b84f3c,['3c25400e81238f37b5923beda72a3f0bed03d836'],Mddct <hamddct@gmail.com>,1715065650,+0800,Mddct <hamddct@gmail.com>,1715065650,+0800,"try to fix ut
"
0f467bd60218061787f743924c6acfb39d7cf076,4fcf66e0953a0ba9cf1443bae9326cb7dec76cee,['7239575b06c58f27c52f15d5784c36422093a3a3'],Binbin Zhang <binbzha@qq.com>,1651405178,+0800,Binbin Zhang <binbzha@qq.com>,1651405178,+0800,"exclude musllinux
"
0f767a21844e90d53829b78204610ccb03a3207a,a11b2457f9cf56e1dc5af347b5eb239292187410,['d195b6e3f098f5ffbd817c25e6259614cbf83a1c'],Binbin Zhang <binbzha@qq.com>,1656560693,+0800,GitHub <noreply@github.com>,1656560693,+0800,fix topo
0f931a5b96601d76fe3a0377cd60434b198c31ea,5cd0661707fdd0c9b42efd7edb760ad1d73660ec,['29c7b8e7c37ce574c2b16aab1b242b918e4a8ddf'],Jinsong Pan <761086340@qq.com>,1617089601,+0800,Jinsong Pan <761086340@qq.com>,1617089601,+0800,"fix bugs to support torchaudio==0.8.0
"
0f95f24485d7922a5c84981c95aac984b853006a,4d91fc6d03096bced96d3e3e44ba7ea1ec7b1b86,['b75feecafd62ba26421818aaa49663a8a04b7674'],Mddct <hamddct@gmail.com>,1706026215,+0800,Mddct <hamddct@gmail.com>,1706026215,+0800,"fix ut
"
0f967f84dfd98f560f3a9e989ac63469a6807307,05fc0c23f3958f648f94b1de6f279374c179085e,['03068b8221411de24342569edd48ecc219acc8d1'],Mddct <hamddct@gmail.com>,1708341367,+0800,Mddct <hamddct@gmail.com>,1708344948,+0800,"pass ut on cpu
"
0fa171d19c93a143c26de952d00f7e71bad50c86,37779b3983afd11cec9a6fd845b0f4c1f819ba5d,['b2a06e25e8475eda436c037ed4ebc09ada1c746c'],Meixu Song <songmeixu@outlook.com>,1630226521,+0800,GitHub <noreply@github.com>,1630226521,+0800,"tensorboard: show fig of 'lr' and 'cv_loss' separately (#584)

- so that the visual of lr is not affected by cv_loss
- and add close() for summarywritter"
0fb217c7d67d8b127e1793885ade88a458e77161,e75b03bec6c6b3a14308de11126d81a0c0053963,"['43cbfb212bdd5a13b4f826e45f932db0e5e5d839', '33eeff6adfc1c7c53d57fd1f2e81dbfbb898f7c7']",jinsong <33392010+jinsongpan@users.noreply.github.com>,1637199013,+0800,GitHub <noreply@github.com>,1637199013,+0800,"Merge branch 'wenet-e2e:main' into main
"
0fb52832db42c1f24c47c63f98876c86a378ee1b,2154c65ba00b6ebbcc19ef5435e7f9d661a9f68a,['61ce79defdd47527f19be4761d9501b6d4ffef04'],pengzhendong <275331498@qq.com>,1615808296,+0800,pengzhendong <275331498@qq.com>,1616415680,+0800,"[runtime] add time steps
"
0fbcbc226c195ee8d6904fdc10ac307ae0227b28,18b0bc706a07838b7c2ce4890312a7ddaef95f63,['b75513d6933b0537b7be151502b665e6546b6839'],彭震东 <275331498@qq.com>,1665832779,+0800,GitHub <noreply@github.com>,1665832779,+0800,"[runtime] fix openfst fstscript patch (#1496)

"
0fc8308d58d9c7b2e6acbf69f3fce23faffcdc70,3d81b7f7825beba74e01bf8dcec3ef800bcf90f9,['df342adaabb2ab992904f1c0d9d8217dae5f6194'],YHElaina <68215459+yhliangElaina@users.noreply.github.com>,1636614621,+0800,GitHub <noreply@github.com>,1636614621,+0800,"[examples] add Aishell-4 recipe (#780)

* fix recognize's batch type

* add aishell4 egs

* fix tab

* fix trailing whitespace"
0fc889859e5f80e63a736e24b70e66dc56c51106,b19e948fbaa2ce3c6b98fdc1c550fa6fdf7d6903,['f24d539d7a401a4aa42adc5ce35d4fdcc753fabf'],Binbin Zhang <811364747@qq.com>,1611569490,+0800,GitHub <noreply@github.com>,1611569490,+0800,"[doc] add android prebuilt apk (#91)

Change-Id: I6ff5e6864ce540271337ea3a16b836c6bb1253f3"
0fd6c8976fb2281da4488a95c282f15774fb8360,67be6c9b018787931d1ac6cb53e70565cf685ea7,['7fe373ad21d01e4633890582046fd17d362f89cf'],veelion <veelion@gmail.com>,1660725512,+0800,veelion <veelion@gmail.com>,1660725512,+0800,"before change attention-scoring
"
0fe65a49b214b6ee4fd300840c6663871f8a611d,7a7029e632ebbbd1b1704118a4c50bb770947b81,['b4369201ba64384e46b801ceed470efca9ea3fdd'],xingchensong <xingchensong1996@163.com>,1699267283,+0800,xingchensong <xingchensong1996@163.com>,1699267283,+0800,"fix(cli): let paraformer be a submodule
"
0feeeb4835b72c3bfe724ee7ba1ecea73a553a47,bb367ca658c3000bf3524cb982ba64759b100ae6,['cec345d8fe682eed40241c3a5f5400b01dcb0017'],Binbin Zhang <811364747@qq.com>,1603077906,+0000,Binbin Zhang <811364747@qq.com>,1603077906,+0000,"restore training parameters from checkpoint

Change-Id: Id57e99693531e85d236481f165eaba6663d30afc
"
0ff4b8d4e76e23e0320697d4cd4fe7cc2d5d2162,8445341e4c2a5382d498ff919f3190767a8719cb,['429736b4cd323324ec1617d1954c3cfa0ccbd455'],xingchensong <xingchensong1996@163.com>,1670394243,+0800,xingchensong <xingchensong1996@163.com>,1670394243,+0800,"fix(lint): Fix flake8 lint
"
1030fea1893fbad727dc2ab578b8b1b87fdefd9c,8f1a4c0d352a1472f9def941c4c207390b6b24e2,['0f767a21844e90d53829b78204610ccb03a3207a'],Binbin Zhang <binbzha@qq.com>,1656560788,+0800,GitHub <noreply@github.com>,1656560788,+0800,Update README.md
1051cc436d7a526ad29c12acb738669c23f8f812,3d722689226cc3c76be49133aba92997ebf3076e,['bb7254824f76168c21662dbc692e68a413112576'],Binbin Zhang <binbzha@qq.com>,1704363699,+0800,GitHub <noreply@github.com>,1704363699,+0800,"Revert ""[dataset] change padding value to 0 (#2274)""

This reverts commit bb7254824f76168c21662dbc692e68a413112576.
"
1056114cfe94e40a82ef63129c7f99e98fa0179d,287e8c506efb9234d86f74bba7be1a75568e709a,"['c4a121474b724f8640e94410ed4e71fec5a44519', '9073a16e81007fcd22cbc6b92a7491fb9ca7a900']",Di Wu <1176705630@qq.com>,1618221618,+0000,Di Wu <1176705630@qq.com>,1618221618,+0000,"Merge branch 'diwu-fp16' of https://github.com/mobvoi/wenet into diwu-fp16

# Conflicts:
#	wenet/bin/train.py
#	wenet/utils/executor.py
"
1056712ca6790472ea03adf815ac0515c136b416,428b8c01bf0a24827f4df315bcc7af5ca9b4e79d,['bc6fe955666ca12da6f19cdd801564762b626302'],llleohk <huazaigg111@gmail.com>,1713427771,+0800,llleohk <huazaigg111@gmail.com>,1713427771,+0800,"add noisy_gate
"
10680de2d1626be94fd7ba189b110b540b36baf6,153c96279cde74db9476c88fbf7491f6dcc58135,['7a51c2716df27ab3989798ceb883e66aa5a5b737'],Mddct <hamddct@gmail.com>,1705928798,+0800,Mddct <hamddct@gmail.com>,1705928798,+0800,"sharddatasetsource works
"
106c941197a57776efa445b2356215df8412ada0,7d3631aab499f5c88c5df022dd6f298b84df03ee,['cb14bd063eca258d6617e3e52c8682dd4cdb1627'],junyi <junyi.ducn@gmail.com>,1635328668,+0800,junyi <junyi.ducn@gmail.com>,1635328668,+0800,"use segments to calculate wenetspeech global_cmvn
"
10792bc138e068a483704aca505523253431e69d,6b757705520652232a80e5a2645698c8519885ba,['b771980f7b8a5cefa6d6e4810b12e69e75b7c6ee'],xingchensong <xingchensong1996@163.com>,1702525480,+0800,xingchensong <xingchensong1996@163.com>,1702525480,+0800,"[recipe] whisper aishell
"
107b478a19f51a5790c83d737eb5b2e744cfe89e,e6915e80a6f19d46fc718a5970f4cec62d1e7041,['f316fcca5d52984575af54fd98d911debb79c364'],Binbin Zhang <811364747@qq.com>,1608206926,+0800,GitHub <noreply@github.com>,1608206926,+0800,"simulate streaming by forwarding input chunk by chunk (#13)

* simple transformer demo works

Change-Id: Ie7f0a2e3974db8dda923a3966fd514942bd7dcdb

* remove embeding cache

Change-Id: If99555b7f35093a278a76b162637bad6f265f684

* support simulate streaming

Change-Id: I40c7d09e1e50ad78dded92c893885382d79eec48

* support conformer cnn cache, transformer works okay, export okay, but still have some bug in conformer

Change-Id: I0ecf52946b1c1244d88141465d9df3156e682d83

* remove position encoding cache again

Change-Id: I81a34c9110fd6156fb30df54aaa116de25a5806c

* export interface for c++ call

Change-Id: Iec3cdf204cbc78717cb73b04871179bbf43c4367

* refine style

Change-Id: I8c3ed15972794ee4c04370db544bb654c57ab305

* change attention_cache to elayers_output_cache

Change-Id: I439532b81d2dc6d16c133fa05acc5ae109b7ab80

* refine forward_attention_decoder to batch mode

Change-Id: I7295f9f117f059d8e661581211d9444bebc91d02

* refine comment

Change-Id: I065ee1354ee273db728f3192addbc55fbab20ff0"
107fe564f77c4a72d89f953f4acb203ab63be75a,7cf1746efa3c5a076f3f37e866b7c395c4d3285f,['654824b0a6a38d249661317aa067de7c6c50db21'],Di Wu <1176705630@qq.com>,1611308874,+0800,GitHub <noreply@github.com>,1611308874,+0800,"[doc/conf] add new aishell training config (#86)

* [doc] add new aishell training config

* --amend"
1091d345f4e2f4d8d20f5740341157d1750b7710,db50e4d0b46b1818c7bc0eb9072f26be78bb8083,['6a1c720add9a433a19eec15d9225470942aa3a9d'],Mddct <hamddct@gmail.com>,1656236108,+0800,Mddct <hamddct@gmail.com>,1656239042,+0800,"[transducer] fix sos eos blank id
"
10a4f88fe2eb2ce1356babd03cca82df7a970a4d,4ccb0028ae3c0ccde34d65b6d727bea80ced216f,"['814b9b44b61abbdbe376d9a114bd9170511935dc', 'f65e0a9b1fb5a85085d75b4952a24b8336d5fe80']",彭震东 <275331498@qq.com>,1613815535,+0800,GitHub <noreply@github.com>,1613815535,+0800,"Merge pull request #175 from mobvoi/binbin-left-chunk-runtime

[runtime] support left chunk in runtime"
10b4ae83cec9017ed509adf2b9c57fb3c1ea599a,9775f93655ccfdbb89ebd938d8c7cef2a9a944e1,['ff0e57e7d1b1534ae869c8cf0dc6024e5d2cb2ab'],pengzhendong <275331498@qq.com>,1723019313,+0800,pengzhendong <275331498@qq.com>,1723019313,+0800,"remove empty line
"
10b704570bf2e0b762ab1db715adc895c0464a2d,3109be90a07cd316f95ee9e463729e6f1a07dde0,['033b3c295427cc0a7ef01f69eb41f39f32c481bb'],Mddct <hamddct@gmail.com>,1711682648,+0800,Mddct <hamddct@gmail.com>,1711682648,+0800,"cv works
"
10b82b5c2bb69a8ff3f673628d48326c020fbfd9,c420582f90b7d6b52222d68fc35e538fa24f8b52,['90604a44e4d854100e1d129ee2fae6e97ba0b2fa'],Binbin Zhang <binbzha@qq.com>,1656813139,+0800,GitHub <noreply@github.com>,1656813139,+0800,"[binding] support continuous decoding (#1276)

"
10d798f4041cdf1572f406bed477caa74df5d413,68d77a8de2a696c53a65ff07cdfd4b4afc0edb20,['65b2fce49ac5a6f2ef9f915d7763eb802ae9ba73'],Binbin Zhang <binbzha@qq.com>,1697595192,+0800,GitHub <noreply@github.com>,1697595192,+0800,"[transformer] support batch decoding for ctc_prefix_beam_search & attention_rescoring (#2059)

"
10dc6c8814ae3bf2fb6dee91404d1b76803148be,05691cdab4f8fe757fa5bf32d330a8311303941a,['8d967a7e63314a697ff6efe3afff2aab12c4996d'],robin1001 <robin1001@users.noreply.github.com>,1638611756,+0000,robin1001 <robin1001@users.noreply.github.com>,1638611756,+0000,"Automated deployment: Sat Dec  4 09:55:56 UTC 2021 940dc164e5cfa9b8c0131688f0f9457af9563892
"
10dc9f2fe48c68b489b8633e31f5021419a6a53d,dbad790771acc91ec78e7637289be15a1f0ab5d7,['cd1c418ce1f67169d348f1fd2c72633311a20c05'],Binbin Zhang <binbzha@qq.com>,1650716569,+0800,GitHub <noreply@github.com>,1650716569,+0800,"[runtime] conditional apply postprocssor (#1055)

"
10de94a8b22929415ed360ec7895e346a19029b3,fe8ee9a65721b8c976309857f37d76960e66094e,['137b6fbf6d314206a03044bac6b7d0185e1f6cf4'],robin1001 <robin1001@users.noreply.github.com>,1616591815,+0000,robin1001 <robin1001@users.noreply.github.com>,1616591815,+0000,"Automated deployment: Wed Mar 24 13:16:55 UTC 2021 8562a9a572643221b5a0167c8b990d35d1f15c6e
"
10e6713f1d44a0ef25f7c6333d554fb7c972fe07,164e3d8e1daf4fc7803a7d7bd5f8384ee058b3bb,['a0d4e78f9d9354166b325992ab149bb1602af0ab'],hzhou245 <hzhou245@bloomberg.net>,1706126471,-0500,hzhou245 <hzhou245@bloomberg.net>,1706126471,-0500,"Fix one a bug introduced in the last two commit
"
10e71d073f687b5432ebda5a20e3ee762a514845,de2283a0d4038005d629005558df5600e04a4f09,['a641d789f49f02ec0fb952ec3183f45f7aa5825f'],Di Wu <1176705630@qq.com>,1623998316,+0800,GitHub <noreply@github.com>,1623998316,+0800,Update README.md
10e8defd3615f83354261a81d11836c8d28870a5,df0e9bbe05fb723e511b526f75a75927d08fde4f,['90f7ca34d56942861d5001131163c437b2ca9365'],Dinahao Zhou <hamddct@gmail.com>,1706076676,+0800,GitHub <noreply@github.com>,1706076676,+0800,[dataset] fix comment
10ef2fcf574b7840244e9d36e4c75315a6a03aa2,f9cb8b6dc75820cdadfbafa76dff59d8a3a7eaca,['5be583c0ea21edb5b208e2dd7c34c7bffacf99b3'],pengyi44 <pengyi3@jd.com>,1633965076,+0800,pengyi44 <pengyi3@jd.com>,1634015708,+0800,"add bpe support for online tokenize
"
11025fd4a50ba8bdea71d4554278a653465e736c,be77d51985205fd11c62b641ee1d9dacd6495729,['95441ba170ffdaf8d6abd76c8175ef52db3e8a09'],Chao Yang <385526069@qq.com>,1623380634,+0800,Chao Yang <385526069@qq.com>,1623380634,+0800,"fix typo
"
110859a356f3108d600cd4cef9afa44246570b88,fda92e3c058a7f44a41522cc8840ecc071e54e39,['4fc034d0060f9ef5cfaf691d2b28136b714a01bb'],mackong <mackonghp@gmail.com>,1660827558,+0800,GitHub <noreply@github.com>,1660827558,+0800,"[runtime]: add warmup for decoder_main (#1389)

"
11150e609be33e7c22ea9305c2411362d78dc7e3,bd06c54aef20608d0ad8765622cb644d64568199,['7b923bf5345919429261926be8140ac11810fa27'],learner <yygle@qq.com>,1663155674,+0800,GitHub <noreply@github.com>,1663155674,+0800,Update train.py
1116b788f4ff47663cc87e926a0ffc0bc3ad4e92,80e0d729f5991afdcde4c5d97faa082d863a57f0,['e541418883a9a05d559dce06a52b8e8a55db4007'],Binbin Zhang <binbzha@qq.com>,1658368726,+0800,GitHub <noreply@github.com>,1658368726,+0800,[doc] add news
113e18455eb73b830ba9333cb25c578466917add,245d7263aca239ed99ce67107ae3a7b49cdbeb0f,['448d8ec19a2a0f09b668a441bbc5b60ca0aabdd1'],Chen Xiaoyu <jschenxiaoyu@qq.com>,1610620419,+0800,GitHub <noreply@github.com>,1610620419,+0800,"[lint] update trailing whitespace lint (#56)

"
1140fd25e4eb5bbc8345f334dde35f9b29523ffb,51d0686f5cdae93cb8f6c4ced06d4618b4ff179c,['27652b71d7c1208741f14bf0dfc8f03780620c2d'],ddwkim <dwkim0824@gmail.com>,1659124606,+0900,ddwkim <dwkim0824@gmail.com>,1659124606,+0900,"Fix a typo
"
115029036e5cce347f9e779b069afac859a5ddcd,7f413246160cac04bc62ccc43856525a74be5736,['55086b78b1a35a08a40bb1420dcda4e64e54dee4'],pengzhendong <275331498@qq.com>,1651906611,+0800,pengzhendong <275331498@qq.com>,1651926542,+0800,"[runtime] refactoring cmake
"
115b51ccbfd947e8c45c1fea48457690dd4432ff,69d3c48923c7a3d44c09ff5532685d26bd1d1fa2,['1bcbf305b0f3abfb0d1319586e040eb89938a32d'],Binbin Zhang <binbzha@qq.com>,1679302414,+0800,Binbin Zhang <binbzha@qq.com>,1679302414,+0800,"[workflows] refine unit test workflows
"
116be0cff9e4af099c006517b7959c182df0ca59,2789e97f8d833f0e8da02af65d27fa32facab853,['afc8c2257c6523ac4aa9f263b13b452ea68b6beb'],Binbin Zhang <811364747@qq.com>,1615195996,+0800,Binbin Zhang <811364747@qq.com>,1615195996,+0800,"refine lint problems

Change-Id: I410eab936ed3dfa77fe5d56303e253b2340a39bb
"
116d861fec4c736a4c3fbd8dfa7c2a891d1f8545,3adcf5a3ed8b10c2290ac0bd4fc9e4f197536edd,['d3435e2b07f270214d95f7a72f9a0c9a9a55accd'],Mddct <hamddct@gmail.com>,1654919511,+0800,GitHub <noreply@github.com>,1654919511,+0800,Update README.md
116dd90b08846d37a83581d5e69b6fdc6f97d0ce,458bbd25d7d878953cba7aa64dcae8ff01cc1cf6,['2efb1c23e1484aeac6cf8ce65eed04b2e669d1bb'],xingchensong <xingchensong@users.noreply.github.com>,1710141643,+0000,xingchensong <xingchensong@users.noreply.github.com>,1710141643,+0000,"Automated deployment: Mon Mar 11 07:20:43 UTC 2024 894d7290b34962ad5e9c0b039e8afecac6ca7aec
"
116e4e77b97aae763d0141223bd96e5e5ea95587,391c03c2798de37db61804860ff091aebd1c5093,['4ed81bdff2c0fec6c5ca8990884c4486a5ef52d8'],Di Wu <1176705630@qq.com>,1629732572,+0800,GitHub <noreply@github.com>,1629732572,+0800,Update README.md
117d965a52c355115d316f73b9dc98735470a458,ae9f004894880b75570d254e2b9679365f229109,"['d6ba7f1c56c6c8c2e20eb9e4854f2632b767c997', 'e657753d4d197dbf8481159e5870c6e4aae6a6ea']",Zhouwei <zh_wei1992@163.com>,1682480047,+0800,GitHub <noreply@github.com>,1682480047,+0800,"Merge branch 'wenet-e2e:main' into main
"
11837a0712591556da8723b8c7f9f3539d1027f1,a2b018a7d25176c8915f6133bdedec6649bb31e4,['eb395517fd589d1092ad07dece83d4f5f010fd86'],zhyyao <zhyyao@npu-aslp.org>,1657604559,-0400,zhyyao <zhyyao@npu-aslp.org>,1657604559,-0400,"fix lint
"
11a375c2a10806d8e9950dd4dbf7eae59a6e6b85,2056d91b79ad981f472ceb1562b72f7b9413ee80,['bafff86af37f00a7ae599d110658f94ebb7d931f'],kakashidan <danqing.fu@gmail.com>,1711211270,+0800,kakashidan <danqing.fu@gmail.com>,1711211270,+0800,"[dataset] add singal channel conf & processor
"
11aaea7195ffe1014a4bbd16a1fb47ec7dbee2ac,59f007ff4d644e2da9e5ff19476380186cc8f3c1,['9376e5bdc29e7ce50f1ed83f90795ec59b6c34c6'],Di Wu <1176705630@qq.com>,1621495879,+0800,GitHub <noreply@github.com>,1621495879,+0800,"[tools] add segmented wav.scp support (#355)

* [recipe] add sgement wav scp

* [tools] add segments support

* [tools] add segments support"
11b3654000a04446162ac8e575239661b8a62722,67c012bd5f485248cf683dfc96bc041e5eded2e7,['c45dd140c04ec253838ff21d87473dff7b34ccc4'],Binbin Zhang <811364747@qq.com>,1608880498,+0800,Binbin Zhang <811364747@qq.com>,1608880498,+0800,"add blocking queue

Change-Id: I40560a6ca01643dfbd2d6dce24cb1abbad433ed6
"
11b3ab4f48d49f46ac7f351a66b61eba87e5b28b,e9ee2f71246f7c02f3437695e0be15fe5d99718a,['217bb5e2968d1ed6789d578bfc7505c078904949'],xingchensong <xingchensong1996@163.com>,1702454834,+0800,xingchensong <xingchensong1996@163.com>,1702454834,+0800,"[recipe] refine yaml for gigaspeech
"
11c36abcb3969ebce1e16745e94bad3539aa7f41,0409d300b0701f4e6e0c36e03c21a7bc9b424e1a,['fec42fd09832a9b5936f4575efd789c11bbb475e'],Arkady Arkhangorodsky <aarkhangorodsky@gmail.com>,1615287120,-1000,GitHub <noreply@github.com>,1615287120,+0800,"Update README.md (#204)

Small update to reflect change in paths in the runtime dir"
11d1a86292e583140ea309c4a497e039793091f1,ac1564eabd3b86e0727405023e22aa032794ca43,['7f00996e018839f0e2bb8835ef2452896d74ef1e'],zhendong.peng <zhendong.peng@mobvoi.com>,1624788060,+0000,zhendong.peng <zhendong.peng@mobvoi.com>,1624788060,+0000,"[runtime] update gflags
"
11eaddd765edd0b94216fd9c529b337772816b78,6f2d5e925f7b64bde6d161ac515d9ec07c7a1a98,['7e3c288cd94430cc853c1953fcf9e32abe9f1a51'],pengzhendong <275331498@qq.com>,1613627426,+0800,pengzhendong <275331498@qq.com>,1613627426,+0800,"[runtime] support both wave scp and single wave
"
11eb863a4d3ec9995d5dcf33af4c01196d904c9d,f9bf6616cd70c6155d226e3bf0124f7c7f4cc48b,['605384a5947d101381c53d7ecc1fb422f34da3a7'],Dinghao Zhou <hamddct@gmail.com>,1710908748,+0800,GitHub <noreply@github.com>,1710908748,+0800,"[dataset] fix cycle in recognize.py (#2426)

"
11f4ea800478f38ea206883744bfe3fc58179606,50886a8aaa679cc4dcebf496ee2503e1bc0c0d36,['3c7f291398742aa8fae9dd18725414b1f878df55'],user01 <user01@user01deMacBook-Pro.local>,1699347893,+0800,user01 <user01@user01deMacBook-Pro.local>,1699347893,+0800,"[cli] support context biasing with ac automaton
"
1210184085215264906c01c82dacb408d7f5c99f,ceb694b3e5b21e73cafaf8b6522b70ce832acc3a,['bb755664091598482f2aaa1090402bb8f60719f0'],彭震东 <275331498@qq.com>,1662204865,+0800,GitHub <noreply@github.com>,1662204865,+0800,"[android] fix symlinks (#1427)

"
1214a4757bb281bab481e2936c49bcd1155e765f,cbda0132624fb66243acd042811d47efb89ffa41,['27d06f0e4754a4e5a72f529179b3280ba947bf31'],Mddct <hamddct@gmail.com>,1717463661,+0800,Mddct <hamddct@gmail.com>,1717463661,+0800," fix l r
"
12188601a01327fc261491769049ba8753514d95,4eb23ab28bb4259da53d6ef4e5591b607b9f2f36,['9a8a437c437c4b88d5137843acc9dcb9e69645d5'],Binbin Zhang <binbzha@qq.com>,1652708293,+0800,Binbin Zhang <binbzha@qq.com>,1652708293,+0800,"[binding] add language support
"
1218fd38ee0597bdd5ec17cafdab9fb3fca06800,6656ab7f1632c50fcf97f77371bb222610104ad8,['d7998de34d3323db7bba5b3a2cb38c9f1127e48d'],xingchensong <xingchensong1996@163.com>,1668435947,+0800,xingchensong <xingchensong1996@163.com>,1669893217,+0800,"fest(horizonxj3): add args: extra_ops_run_on_cpu
"
121dc6f0ab173a623f83f466910e7f0726815e9b,d050094f9b16108306a40e6a7adca7389058d37b,['2ab4fb6349182f3f69d8838cf3b8f76cbebadd47'],Joseph Palakapilly <jjp126@gmail.com>,1634174397,-0700,GitHub <noreply@github.com>,1634174397,+0800,"added implementation of compact-T.fst (#679)

"
1230669e9f73c69bf794c8f0c4e25e20836428f4,08e5428d2d37ab24feb888db96ae4b061fac4ff4,['8c8dc2578eb58e88804b19230c23af622c84f670'],Binbin Zhang <811364747@qq.com>,1631786830,+0000,Binbin Zhang <811364747@qq.com>,1631786830,+0000,"add DistributedSampler

Change-Id: I01a02381b7fbe65d0a4c59a2920e2df2bdfc585e
"
1232dbad9a996bd4d112e83a33c00f5a420b692b,92e6b2c4545dfd8a80b2d76881e25a9887c99cbe,['d70388b13beb2f81f55a34d6d8b3447ef72ec7a6'],root <zhangyuekai@foxmail.com>,1622096703,+0000,root <zhangyuekai@foxmail.com>,1622096703,+0000,"fix
"
124172ff785ba38f6b5dd1f36d10e95717e3a0ee,d0e08b75c6796f5c8945fab7371ff2886c773c5c,['4a79d5830a6ed973a3b4cf2181293c0a5fea6e39'],robin1001 <robin1001@users.noreply.github.com>,1656552224,+0000,robin1001 <robin1001@users.noreply.github.com>,1656552224,+0000,"Automated deployment: Thu Jun 30 01:23:44 UTC 2022 f55b5d0ce8f79c1c4dfe5a8e378f04be0423e9d8
"
1249645098162f68e1e1d95a8f3ef6063d53695d,2c4e62c6809b7da1425148a03d3b653c1faf2339,['67127a26ac26ae2f524f0fcad123bb7c737cec76'],roney123 <roney123@vip.qq.com>,1656466310,+0800,GitHub <noreply@github.com>,1656466310,+0800,"[runtime] Optimize feats in pipeline, and maintain the compatibility of all interfaces (#1259)

Co-authored-by: zhangqiSX3552 <zhangqiSX3552@autohome.com.cn>"
12499282bb0476b9a63589d08aecb234680d9bb2,77bddf10077ce08715076f27eeef2241e0ca42f9,['b2da22e8c524cc423dcb3c34c5104dec0b6dc920'],Mddct <hamddct@gmail.com>,1723444950,+0800,Mddct <hamddct@gmail.com>,1723444950,+0800,"[sensevoice] support sensevoice small arch
"
124de8a7a6cd616320ae27734b2d6c8881c528b5,0f46e5f64ab3b9d5cfc6a50c7d875cae8c7f0f63,['2d9305c67a8b8c999436067474963d54493e399f'],Mddct <hamddct@gmail.com>,1712727256,+0800,Mddct <hamddct@gmail.com>,1712727256,+0800,"fix dropout
"
12506a827a4f0bf4045e48e9b3c17ade0fa08e09,5801c7cfaf965c6db863c2320a558913710810f6,['188e5e9c2c3250f4ed44af4a09d2a8866e4a0ab6'],Binbin Zhang <binbzha@qq.com>,1698488819,+0800,Binbin Zhang <binbzha@qq.com>,1698488819,+0800,"[cli] support model dir, add related docs
"
125cd5c8e71aa851193cc2bb15a52cbc934ea4a3,63443eb354416cb7d48c8fcdafa7eee14ab2e12d,['5b6eda3039240e97baea4d1a8cd8829a1b6e9da2'],MengqingCao <cmq0113@163.com>,1719222152,+0000,MengqingCao <cmq0113@163.com>,1719222152,+0000,"add exception handling of device
"
125e6684aa1583d9aa988955a749c44a76f7d419,c51bf63e5ecdc9c9d4cee6f2ee51981d928eae55,['059ce00e47c822010db074710df4aaac68bdd860'],Mddct <hamddct@gmail.com>,1618218187,+0800,GitHub <noreply@github.com>,1618218187,+0800,"Update utils.cc

remove extra space"
12622a6c6eb50f6eb5584d631ad81aec7d5b2805,46c9d0faaa0071bd375cd958d59f2c9b76bee131,['90184b4c79d9d0443f909be40f28058b4a2d9fdf'],Binbin Zhang <811364747@qq.com>,1612771009,+0000,Binbin Zhang <811364747@qq.com>,1612771009,+0000,"[doc] add qr code backup link

Change-Id: I9c611197f1e15741590f1a6b9384568c6012d7c1
"
126674f53218e9e7049279e5fbd82bcc9cd960a5,7ae9541e31af8934b70f5cc74a3f468fe0f23424,['a44c6629b23c29588d8469a1b157943ffa6b84b5'],robin1001 <robin1001@users.noreply.github.com>,1619321760,+0000,robin1001 <robin1001@users.noreply.github.com>,1619321760,+0000,"Automated deployment: Sun Apr 25 03:36:00 UTC 2021 8730ee41401c63819a23dcd3f69b8fb0abb6c73d
"
1268014038320a15ea5496a218a909249a68e2b5,7c4a7d405147b58dc85f2caa11ea403d7abec30c,['2edb7615f6efa888f07788fb250555cbf643bd94'],Mddct <Mddct@users.noreply.github.com>,1691746203,+0000,Mddct <Mddct@users.noreply.github.com>,1691746203,+0000,"Automated deployment: Fri Aug 11 09:30:03 UTC 2023 cbd87d1fd416f09bd4a065816bd0d248a83f88b2
"
1268971362672225e5b8c95f0a3127ba7e48119c,d627afb5df80e6776c5a864c66a5a2c9e17f005c,['38dbeda1bb007375d76349633215d2dd4752b68c'],Binbin Zhang <binbzha@qq.com>,1679407670,+0800,GitHub <noreply@github.com>,1679407670,+0800,"[transformer] add optional source attention to decoder layer (#1769)

"
1269a6e5bbec440302e934f243f623baeebf2758,53bd51ec16df57be3ce608565c5f8b42b80910f2,['ccc425ed40ff4b770678654e306e6d190d379088'],aydentang <aydentang@tencent.com>,1663210614,+0800,aydentang <aydentang@tencent.com>,1663210614,+0800,"update readme
"
126d7400b2558fb0ec1b069d716e84126919653c,7891c42e964eb4cf47310673cd87fcbff087baaa,['05a2579c2fad52633eb23f9a17bcced73c258528'],Mddct <hamddct@gmail.com>,1713530862,+0800,Mddct <hamddct@gmail.com>,1713530862,+0800,"convert llama3 works
"
1270b665b3f8d88cbd1904d26159cacd44f69742,d6e0b55dfeefebdd6f5b2ba153c1f12f2d2dc5a6,['865933bf95789ef0d59aae4284cf869d1e649150'],Dinahao Zhou <hamddct@gmail.com>,1704716534,+0800,GitHub <noreply@github.com>,1704716534,+0800,"[wenet] fix info dict none value (#2283)

"
127c2746dfc14a25933257ccff8e7526b2cf32b4,55622228472730a51556aa0960b2837615e044c5,['ac417750a522f58428958706abe8a3d9809c5ec7'],zhaomingwork <zhaomingwork@qq.com>,1678669092,+0000,zhaomingwork <zhaomingwork@qq.com>,1678669092,+0000,"fix bug transducer init has no lfmmi dir

Signed-off-by: zhaomingwork <zhaomingwork@qq.com>
"
129731d8e4f38c9c75ec95fff9f7798c326631f5,19d5f10c13b749802f3d7c8d5619650e267141cf,"['0d3b5fe3d17d07c8d3e1bf8288f8984d0e355359', '54a0f080367fdd65469ad7097173623b6694991c']",彭震东 <275331498@qq.com>,1615885411,+0800,GitHub <noreply@github.com>,1615885411,+0800,"Merge pull request #213 from mobvoi/dev-randy

[runtime] add recordClose"
12a3ddc77fb497dd113892e6d71c95db2437955c,c05018517b251863fe1a4c920716072f17915eec,['2f8e34aa8618f5efe68e213cc01b4a64573344b5'],pengzhendong <pengzhendong@users.noreply.github.com>,1636166884,+0000,pengzhendong <pengzhendong@users.noreply.github.com>,1636166884,+0000,"Automated deployment: Sat Nov  6 02:48:04 UTC 2021 c4b1b9ffa9ea9f5fc5a533431b13092aecac67c0
"
12a786d024ce2612418f591f1fba64ff757e7a42,bee1c5619177c3892f80dadf2654352bbda958aa,['6b83c34535a79cfdffea85fc2fe8b13b6a955c4a'],Mike Lei <mikelei@mobvoi.com>,1609994211,+0800,GitHub <noreply@github.com>,1609994211,+0800,"[doc] Update README.md (#51)

"
12ab0a08add263dd82e5de0747706aa7d7fb715d,7fa210b800df1dae3d704f858d93330f50d0fc4e,['5eaca8b66e827b94c29dbd124cd10d1c78ab2370'],Binbin Zhang <binbzha@qq.com>,1648541630,+0800,Binbin Zhang <binbzha@qq.com>,1648541630,+0800,"set inter-op thread
"
12c0088e2609f90bc7baa39b1f431d2c26d029f9,76f6b5a3d9f25e8f905e4d9a7841d6ff0112d740,['1347377377a162108915df8644443ece47712a41'],day9011 <329723954@qq.com>,1656931270,+0800,day9011 <329723954@qq.com>,1656931270,+0800,"fix the bug in executor that cv loss use loss dict error
"
12c47fc5363954c3c232d2c725ea9b5b983e1f7a,5efe34590f87b89efe129935e71f226a34bcdb80,['444679fa13cc6c16d0cfc84760174a5d74f30566'],yougenyuan <yougenyuan@tencent.com>,1634808976,+0800,yougenyuan <yougenyuan@tencent.com>,1634808976,+0800,"vkw training
"
12d6ed0cbdb542f37a4db292121f78075baea913,5743f7e624e7a9d122b135d3e4ffb6cee023bb3e,['1dff65d4976b01e3c337ef1bbbb390a9991fb6e3'],Chao Yang <385526069@qq.com>,1609864929,+0000,Chao Yang <385526069@qq.com>,1609864929,+0000,"fix xiaoyu comments; support speed perturb
"
12f69731fd3e2829fe52627baf65ff767dd7fd48,5c8628314cdd01657fd8036e3e427e0fa75a6e19,['e59b33cbfc88294bfafe28844e1781d6b24f7f1d'],aydentang <aydentang@tencent.com>,1648639910,+0800,aydentang <aydentang@tencent.com>,1648639910,+0800,"data2vec training
"
130926a4113e0b758d8e13b4dc310c4409a644fe,18e568bd01b9145139c9355c6bcc49da25fb724f,['1b6bbf2a8e9f35aad5cff0ec55e1a690fc9e1e67'],Di Wu <1176705630@qq.com>,1610710227,+0000,Di Wu <1176705630@qq.com>,1610710227,+0000,"[fix] cmvn bug fix
"
130b29042191ee2a69fa079a1f6de95692e0a494,4356367e7903ac23e32b2ed3bea51111cc1be761,['ea1ae13193709e4145e86448c2286c0530a43d6e'],jschenxiaoyu <jschenxiaoyu@users.noreply.github.com>,1611116040,+0000,jschenxiaoyu <jschenxiaoyu@users.noreply.github.com>,1611116040,+0000,"Automated deployment: Wed Jan 20 04:14:00 UTC 2021 fb8e0f8c12b5d547fc22e62365e1e114f059c609
"
1320b235a2237f6c29c0590da9397d30ba4fa58f,b66c2539cd1c30bd327d59263a7fd9050fec312e,['dfe92a752b8a73c05d03936a7a6ee44eaafc1aa9'],Mddct <hamddct@gmail.com>,1702385122,+0800,Mddct <hamddct@gmail.com>,1702385122,+0800,"[paraformer] fix input length
"
1327b0eff4e998ac6370970af24c06ec0f0bdda1,353a920072613affedc7d38dfa9fea208ec12ab3,['b3b0cbbb69141ed27bf6318d9fc2b220b97f4f24'],Jiyang Tang <21212505+tjysdsg@users.noreply.github.com>,1625641916,+0800,GitHub <noreply@github.com>,1625641916,+0800,"Fix #487 (#498)

* Remove invalid 'r_num_blocks' key in train_unified_transformer.yaml (aishell2)

* Double num_blocks in train_unified_transformer.yaml (aishell2)"
1329090eae3cfe08393a46b850b77f6c82305da9,85504093e303aab6f24fdbc41ff9639c946b41e4,['d710a54ce4c920a516a363be5003e7313d3d1520'],veelion <veelion@gmail.com>,1661409552,+0800,veelion <veelion@gmail.com>,1661409552,+0800,"add is_fp16 to Read()
"
132954a9ce27d0381ed3879c4f43cc158860167e,58b25f17d43661d8d80a13ccea77d37ac756609e,['71110ea48532279e085bf4d81b691a08316d4513'],Di Wu <1176705630@qq.com>,1610712330,+0800,GitHub <noreply@github.com>,1610712330,+0800,"[fix] cmvn bug fix (#66)

"
13324e71b8a63567e15932d085f782271efc8214,c40909669edeb1a11f39eeebbfa4ec33ca95a56e,"['631c86d481d56b71dac4d09fdccaf84384eab922', '8a1cb96795b38ba9aeb23c4005242acd0d9829e8']",Emiyasstarx <emiyasstar@outlook.com>,1648734139,+0000,GitHub <noreply@github.com>,1648734139,+0000,"Merge 8a1cb96795b38ba9aeb23c4005242acd0d9829e8 into 631c86d481d56b71dac4d09fdccaf84384eab922
"
1332797cb57028f2bf070bb9b0f8fabb5b21d588,3b9d5051ff489edbc8ae7797925f279539b2e50c,['40e82c0df361890588868d40106874518b976457'],Binbin Zhang <811364747@qq.com>,1619338137,+0800,GitHub <noreply@github.com>,1619338137,+0800,"[runtime] add timer (#326)

* [runtime] add timer

* add ms"
1347377377a162108915df8644443ece47712a41,ed4d9194dac555bc6220385403bbef60c5c48187,"['4700e8c94476cfc5f6205c79b1190ff28f13a53d', '67fa8f95ecfc416e9c421824cb57f3326168d374']",day9011 <329723954@qq.com>,1656930995,+0800,day9011 <329723954@qq.com>,1656930995,+0800,"Merge branch 'wenet-e2e-main' into main
"
13543799367855691b2de2b8cb80c8a5b0cb88c6,d4409f2ad8a8bcad1fa38f7dc6a1a36df66a8853,['f48dfacf70e64b0553a3071437d61d648e3475ef'],aydentang <aydentang@tencent.com>,1642150412,+0800,aydentang <aydentang@tencent.com>,1642150412,+0800,"support load pretrained encoders
"
135b9c093c23d1f259035a5d5aafde6bab188b2b,68a0c105ef44ddbb67a42102a65be91a5633b8f8,"['25f5ef360159c8842bcf06800f779aa0a852a3cc', 'a30dbb7c1d6cf121d90742fcf5ab2835757030f3']",Mddct <hamddct@gmail.com>,1713405462,+0800,Mddct <hamddct@gmail.com>,1713405462,+0800,"Merge branch 'main' into Mddct-llm
"
137177f6a844e6c2e474c8c0b4bef84a7c547735,b6ec201e3b8f56160eb350918f73f84e00fa219a,['194f60bc08a73e9be852cd008ce03fc3804edb94'],彭震东 <275331498@qq.com>,1625134580,+0800,GitHub <noreply@github.com>,1625134580,+0800,[docs] update readme.md
1375e97571585675e4dbbb94e97086447e514d09,989ba3c54c17787b942d78df1377df83ecb96f28,['d2c41cb34258b4e696bc3e87f88b20ee76e4bae8'],pengzhendong <275331498@qq.com>,1655197519,+0800,pengzhendong <275331498@qq.com>,1655197519,+0800,"[workflows] Update binary path
"
137b6fbf6d314206a03044bac6b7d0185e1f6cf4,fe8ee9a65721b8c976309857f37d76960e66094e,['4a0e23dcec1af73e081752b7b61438f650614bd7'],pengzhendong <pengzhendong@users.noreply.github.com>,1616568301,+0000,pengzhendong <pengzhendong@users.noreply.github.com>,1616568301,+0000,"Automated deployment: Wed Mar 24 06:45:01 UTC 2021 3b984f6e3cdb78e3f467317181716bed22bb59aa
"
137ead0d33ef10f1600bff989e8c0223d6dcd2bd,c76077918772dd5b078243b3edb93faafa6d4d2b,['fac1f0caa1db36d3648526a9c5380cdb9a0b8211'],xingchensong <xingchensong1996@163.com>,1702447380,+0800,xingchensong <xingchensong1996@163.com>,1702447380,+0800,"[recipe] refine yaml for librispeech
"
1384ca7e9b6bbd98c3068040aacdb11e6638ce97,46979affedc401a2e0f85e2d6fa1cf824d045f1b,['ee43964afd8fe1c984f030124075b9d1e463b444'],Binbin Zhang <811364747@qq.com>,1611028499,+0000,Binbin Zhang <811364747@qq.com>,1611028499,+0000,"[doc] add wechat group QR code

Change-Id: I314d956757c970b616907c30ea3edb29da0bb04e
"
139001e23a040ce6695f20935723e1ca12ab794a,50bbd627b01a74b3bc7a80965e459b6489dc8aa3,['f82c4434d2a43e27861b968304f2f4e5541ab62c'],aydentang <aydentang@tencent.com>,1647347262,+0800,aydentang <aydentang@tencent.com>,1647347262,+0800,"update recipe
"
139fc368b68e07a08526f8f749cd148f0a4d282e,03d76d26d9d8c6e57359edbde3c3a2cf54be5046,['6a36c237dc2b9a114f74be44fb667f65a2ba6714'],yygle <yygle@qq.com>,1663234003,+0800,yygle <yygle@qq.com>,1663234003,+0800,"fix formatting issues
"
13a9068ead5eec3e91bb6bf77094ecd48828562e,08ea25b300058456641fc1965f8a515afc943731,['657907b33bbaf021d3987038ed731e88e8055e64'],qmpzzpmq <405691733@qq.com>,1637635479,+0000,qmpzzpmq <405691733@qq.com>,1637635479,+0000,"lint
"
13ced1435ebbcc84780363b1c5a2114bb91097e9,56ee8d3cad0a01c3b24228bb4af34a778086d66e,['150a54589a7d00c90882b402005744f556d5f144'],pengzhendong <275331498@qq.com>,1624256113,+0800,pengzhendong <275331498@qq.com>,1624256113,+0800,"[docs] update librispeech u2++ conformer results
"
13d96000443a3790c3a54e38e385353c3b96a644,389dd7ce4d430095753703bffdebd179493fd313,['f97c460f1522dab2071d392a8959002c376c3d6d'],Xingchen Song(宋星辰) <xingchensong1996@163.com>,1689907524,+0800,GitHub <noreply@github.com>,1689907524,+0800,"fix(utils/string): add try-catch for wstring_converter

Fix issue https://github.com/wenet-e2e/wenet/issues/745"
13ebbfd7a4c406a11b632c15f725323e465ef9e9,c534a131e1f890e838422825293b411d43a6ff20,['cacbfa49b3ce1cb2e1283161dc9a265ea8675c75'],Mike Lei <mikelei@mobvoi.com>,1606708693,+0800,GitHub <noreply@github.com>,1606708693,+0800,Improve wording in README.
140e06f29769bd8f374623a0be433181e4223025,545aac2264da053b5750013dfbd5af2223fde4fc,['8a1936fe37ec4fe4488262b86ec98250e6d84f82'],Mddct <hamddct@gmail.com>,1657528878,+0800,Mddct <hamddct@gmail.com>,1657534495,+0800,"[transducer] tie embedding
"
1416b9ccfb98b86b1b0767e97030463e24d20788,a20609b390279a23fb4b0949cb160e8693a170d0,['0e13def697160cabaed5e2e631a181d27a4571d9'],Di Wu <1176705630@qq.com>,1611893649,+0800,Di Wu <1176705630@qq.com>,1611894069,+0800,"[fix] fix s1 librispeech config bugs
"
142416a41be3d45b4ac2737c9c7876423fcfa73c,deb8974bf4f088f3cc333e17b290b69590d1c86e,['1dbfb92c03e471dff838ef8986612a9f10a91037'],Binbin Zhang <811364747@qq.com>,1609335483,+0800,Binbin Zhang <811364747@qq.com>,1609335483,+0800,"refine disallow copy and assign

Change-Id: I61089e52512488bd47b62f40999a19f8e6702dcf
"
142c063c988027af396aae3c7d1dcc1869109735,ad0a586f27749f63f0103895c5116ae4b3a80618,['0fc8308d58d9c7b2e6acbf69f3fce23faffcdc70'],Yi Peng <hicliff@users.noreply.github.com>,1636620649,+0800,GitHub <noreply@github.com>,1636620649,+0800,"[dataset] fix bug of lowercase to uppercase conversion (#783)

"
142cf494e30d8223983b224517a221b1e11f4efa,0ffcab6c3cb7200c40efb9de16b24f728c1c7314,"['eb81dd5e9f19c141e801206559cbf74b513d17c8', 'a574029146f01b1edb253a9892bbeb8f16c27787']",Xingchen Song(宋星辰) <sxc19@mails.tsinghua.edu.cn>,1635148231,+0800,GitHub <noreply@github.com>,1635148231,+0800,"Merge pull request #719 from wenet-e2e/binbin-tutorial-aishell

[docs] use uio in aishell tutorial"
14352a48fae1ee41f73ed35c5b62a69327d6cbe8,073acd760dfad1e3a66f7411e4a5b6c30657fe86,['3e2820b1082d320226eadfecc086d756a565f847'],Mddct <hamddct@gmail.com>,1704707666,+0800,Mddct <hamddct@gmail.com>,1704707666,+0800,"[paraformer] fix input dim
"
1439c4ddcef06138c65c0b86b78b6c05c1b4dfe7,8c645a95f3023b49e0d9b733042dfe9d53961428,['9eb01c03d3f4be465ef9c21cb7c625e286c285f4'],Menglong Xu <32296227+mlxu995@users.noreply.github.com>,1743240648,+0800,GitHub <noreply@github.com>,1743240648,+0800,"[fix] minor fix char_tokenizer.py (#2709)

"
145fe9c790ed7b01e765f6c3d2d7f37849f68896,aa8933cf8fc67b49718019a8042e411f5aab8c96,['9a059a25cbba7314d1e5df6be48f39bfa89956cd'],yuch <cy823236858@gmail.com>,1670246798,+0800,yuch <cy823236858@gmail.com>,1670246798,+0800,"fixed some formatting issue
"
14613bad036f1255721897ee038934b7f99b4feb,6a6a1347a9968462b265cb82411c3c8ac2f79864,"['8423e175e4feffa017948a59084eba707f862973', 'ec8ca49f69b9f7a4e9d8ec18e0eb537d914b04d3']",james.wang <76176235@qq.com>,1758551717,+0530,GitHub <noreply@github.com>,1758551717,+0530,"Merge ec8ca49f69b9f7a4e9d8ec18e0eb537d914b04d3 into 8423e175e4feffa017948a59084eba707f862973
"
146390291f469184967e877f4c7b76b5d869f172,bee1c5619177c3892f80dadf2654352bbda958aa,['d326cdf270d29d137a02eecd5cf7d7671a4cc386'],Mike Lei <mikelei@mobvoi.com>,1609993732,+0800,GitHub <noreply@github.com>,1609993732,+0800,Update README.md
146d43dc63206b6d94d5b12b72a3b7c41d96437b,7024b1a911c409fe579ffec3e845410e9fcb2ceb,['c7ae295f18900ed40197e34a6d76d17338848ca4'],Mddct <hamddct@gmail.com>,1730430958,+0800,Mddct <hamddct@gmail.com>,1730430958,+0800,"fix lint
"
1479675b003a84f17f69ace128f9c053e9069050,27d67574d3a14810ec07b11fdf5754d6e5e59bdb,['644f91fece045805beb475508f32b28071bc3e11'],Lucky Wong <lekai.huang@gmail.com>,1621773141,+0800,GitHub <noreply@github.com>,1621773141,+0800,Update run.sh
14796ad6fb93cc876dab99ad69fca1a04a5ff91f,cc6b752de956a498c253fb2d39fe9522ee039303,['7ed7f5902c21de9921acd06af72672671bbea7db'],yougenyuan <yougenyuan@tencent.com>,1634805517,+0800,yougenyuan <yougenyuan@tencent.com>,1634805517,+0800,"data preparation
"
147d0cea60053732812151ed08e743d565114986,e303b2a2a835dba90aee63190aa129e706214ef9,['2e0c8ae19ef47212629e6f03c65704f3a678b676'],Mddct <hamddct@gmail.com>,1695812709,+0800,GitHub <noreply@github.com>,1695812709,+0800,add causal comments
148a5dfc5137623638de720d0aa4822ef9198ebc,6308d041f4015ce1de004b22f1513feb80c3bd9e,"['225d88a33e25e402e5ac90f7d0d9aaecb8f073fb', '8c5ffb86c219a2fac744bd832febd18360357f72']",Di Wu <1176705630@qq.com>,1625666218,+0800,Di Wu <1176705630@qq.com>,1625666218,+0800,"Merge branch 'diwu-resample' of https://github.com/wenet-e2e/wenet into diwu-resample
"
1491cceb99c9693e2d421c64fd1955029ba7b7a3,cdbf175995db862e6b0ff474dc79378bdd6a2913,['c381356f416119178bf999ab378a2296075148c7'],Binbin Zhang <binbzha@qq.com>,1632732420,+0800,GitHub <noreply@github.com>,1632732420,+0800,"use unified io by default (#644)

Change-Id: If36228ebaea50ac2e1892714d95611c467bb1ab6"
149889f621cdc3fc68230bad30f3bd49746ed48e,65f201eca5522cdbf147f7e4cb6648463fba5824,['107b478a19f51a5790c83d737eb5b2e744cfe89e'],Di Wu <1176705630@qq.com>,1608264315,+0800,GitHub <noreply@github.com>,1608264315,+0800,"[fix] use ddp to calculate loss of dev set (#23)

"
149acf7f6baadb971d5514a8f1a0cfa9902bafbc,2d9387311b2d85f874f0276460a2ca7fafcf81b2,['0e092741ef233015b6533ba25fb1d7a93d512dd4'],Mddct <hamddct@gmail.com>,1739171129,+0800,Mddct <hamddct@gmail.com>,1739171129,+0800,"000-try
"
149ad7dd9d9be4b7954a85e46bcebecf9e8cc4e8,cdf73730bda0c4ce2f51ba08c8b58da275a9f79f,['907be4d582a28d0ad09d91a32a07cc3a56db16d1'],Binbin Zhang <binbzha@qq.com>,1656921376,+0800,Binbin Zhang <binbzha@qq.com>,1656921376,+0800,"[examples/aishell] support rnnt
"
149d444cf774999d043708380519ceddc3d6518a,4461991c3938625fe3e3f82ee945a1cc087a2aa4,['cb876b9ac9493a9e5c006da981530f85ca619f49'],robin1001 <robin1001@users.noreply.github.com>,1612246875,+0000,robin1001 <robin1001@users.noreply.github.com>,1612246875,+0000,"Automated deployment: Tue Feb  2 06:21:15 UTC 2021 68739d62a96db9fb151fae7a269d1029d948654d
"
14b67e4607efb686a3e0327be84010a3f322a2eb,0f7886d9161b63b658dbbf3569d82e57826b2f27,['bc2c4ea1738b135a5635d658d686f1ffc4f6b034'],yygle <yygle@qq.com>,1667183677,+0800,yygle <yygle@qq.com>,1667183677,+0800,"fix format issues
"
14c0d9a6101d9caec927a94f4d1dc02a1d11f58e,c4908be84e7f2d7a898f3f6ffd01c1ba951e03be,['1d166af03650e803d826e89f5e5da50687efe631'],danfu(付丹青) <danfu@tencent.com>,1710868463,+0800,danfu(付丹青) <danfu@tencent.com>,1710868463,+0800,"[dataset] add list_shuffle and list_shuffle_size config
"
14cd21921beaf9fafb15dc4e14540c7d118b151f,81c8a4f486c9b3b41703521da2b476fe07980bb7,['ce205e4dc7cb9b70fb9f0f3ba96d87e8fd29002f'],robin1001 <robin1001@users.noreply.github.com>,1611568257,+0000,robin1001 <robin1001@users.noreply.github.com>,1611568257,+0000,"Automated deployment: Mon Jan 25 09:50:57 UTC 2021 cb3f056e3b76065cc85215abf97b801640aac583
"
14d38085a8d966cf9e9577ffafc51d578dce954f,028e387510296e5f9d7c2e1b08fd1ad12b574870,"['b5c7f86bbe8346530b2202c071c74fa2813dbc54', 'a241526c9dbdc2761b24ad4a1fc66a098c1fbd6d']",Di Wu <1176705630@qq.com>,1618814527,+0800,GitHub <noreply@github.com>,1618814527,+0800,"Merge pull request #312 from chwma0/timestamp

[fix] append tail blank to last timestamp"
14d6cd58a9d0804cb65c3c74162bdbe79111cf5b,70b733ead0af0766a5e770de6e326df9605600d8,['7d1700a0f6a8adaa106e79756e95675b2921b8ea'],veelion <veelion@gmail.com>,1667454240,+0800,veelion <veelion@gmail.com>,1667454240,+0800,"replace GetInputName() with GetInputNameAllocated(), becaue GetInputName() deprecated in 1.13.1
"
14d9603dd3fcca4382e2d66e3d7965af0d664802,23c919dc9f263dd684d2e38a87fef7d1545e162e,"['4fa2497ecd5de70844abff1e53bb6f4d378e576c', '67b28a50ff452e1133562e4d731d69498a7dc458']",lishaojie <95117087+manbaaaa@users.noreply.github.com>,1701929564,+0800,GitHub <noreply@github.com>,1701929564,+0800,"Merge branch 'wenet-e2e:main' into main
"
14db6f85e7ced64ea25d2cdb6a8ea62375a0e556,81c8a4f486c9b3b41703521da2b476fe07980bb7,['bb81fcc50ce6c34acc27ea9029acafe1c95f5687'],robin1001 <robin1001@users.noreply.github.com>,1611217820,+0000,robin1001 <robin1001@users.noreply.github.com>,1611217820,+0000,"Automated deployment: Thu Jan 21 08:30:20 UTC 2021 c5d911e5b59637cf2caca711770edb3167c0587e
"
14f0865f2d91f415810bf66302deced95574faa9,b3852e7882a3548468b30397aa11f2cd47003cae,['6eff507bcb402eac93372f8460feadb54e0b87cc'],kxhuang <huangkaixun@foxmail.com>,1691079065,+0800,kxhuang <huangkaixun@foxmail.com>,1691079065,+0800,"fix the code format
"
14fe23bf85149dd76e549ef176b4fddfd64eb4e3,e67551347562c5c1417a5b0feaece8a3838e2e5f,['8694a730d66f3a008a540e2e95800d265fa0578c'],veelion <veelion@gmail.com>,1657788775,+0800,veelion <veelion@gmail.com>,1657788775,+0800,"add GPU support to runtime/LibTorch
"
14ffae6087d5ed94c12c2eff98efc69e07f20b63,59d7112a2d7899255abdfa3293f102e31dd2b0e5,['457d9b06db2f729c2e177d687216a39e4cf57962'],veelion <veelion@gmail.com>,1666658959,+0800,veelion <veelion@gmail.com>,1666658959,+0800,"save eos, sos to onnx_config for onnxruntime of C++
"
15059e0408ca7c1003c712986433376dff3d00b5,a8937e3cfbd79e7ac8e9eb5c656a13de7235907e,['b94bf51e771e28f41fc4d21c462f5648742e16c3'],Zhen Zhao (Fiona) <fiona.zhao@intel.com>,1678789246,+0800,GitHub <noreply@github.com>,1678789246,+0800,"Update README.md

Add dependencies installation steps for tbb and pugixml"
150a54589a7d00c90882b402005744f556d5f144,2417f6487ef43537a3841973873b3827b0e34874,"['967c94e437d440c7e78257bd1a26f94901de4a5f', '04281238137dd42e5d3b85233e1ad240baf63b71']",彭震东 <275331498@qq.com>,1623996843,+0800,GitHub <noreply@github.com>,1623996843,+0800,"Merge pull request #465 from wenet-e2e/binbin-readme

[doc] refine x86 readme"
150fce64a9892e21d325b531eeacb29c53b91e12,12c2e7881f11e9a440654dff3312dd054f20373a,"['4bc1d0f2c76f6ce97def5c21d72161f917be9fcd', '23586375ca8e90cd8208ebb15e674b9aec310569']",Zhen Zhao (Fiona) <fiona.zhao@intel.com>,1676948494,+0800,GitHub <noreply@github.com>,1676948494,+0800,"Merge branch 'wenet-e2e:main' into main
"
15297c37623793605e56f71e02d502c57fcc55dc,79c7a97da38c61b139a78281a7f4472ab4e3b150,['6fd03ac7edf47df383ac7d07da55f044ff30383f'],ZailiWang <zaili.wang@intel.com>,1681216626,+0800,ZailiWang <zaili.wang@intel.com>,1681216626,+0800,"Update IPEX README.md;
misc typos correction.
"
152cd929151d0a51c1220d92bb41b6ce15a13cf8,0920015cfa0c7fecc263fec0d5564ddc738d3ba7,"['ed417016e44f81827dc0f4aa13a43cb6e8d8a213', 'ec3d80f32a2411b3a5a3d30b830013d6120ed015']",Mengqing Cao <cmq0113@163.com>,1722935581,+0800,GitHub <noreply@github.com>,1722935581,+0800,Merge branch 'main' into paraformer
155fe8e19ffe8ada750e2957710e2de26e400d92,eb974961d0a87320767deeeeeaf2ae1e77b151ed,"['2f70cec41ebe40c1d28488067addec4892818c56', '1056114cfe94e40a82ef63129c7f99e98fa0179d']",Di Wu <1176705630@qq.com>,1618221882,+0000,Di Wu <1176705630@qq.com>,1618221882,+0000,"Merge branch 'diwu-fp16' of https://github.com/mobvoi/wenet into diwu-fp16

# Conflicts:
#	wenet/bin/train.py
"
15636ba7de221461231d1ca570baf2e4cabb7a34,be6c16c2d0f2e37f85c0a679c579e65b88021b5d,['5f6673c9db7133628f78f6415196ad2868252e70'],Mddct <Mddct@users.noreply.github.com>,1713106839,+0000,Mddct <Mddct@users.noreply.github.com>,1713106839,+0000,"Automated deployment: Sun Apr 14 15:00:39 UTC 2024 9e20eb9c330811e07e8e19dbece397ac0636746a
"
1567b140ee0cd1a82036f1a33bb15179d8322031,cfb76e1fc22610623e7018fa046be737323b38e3,['73a868744af063cc92b1981ea98c8f730adfb629'],Binbin Zhang <binbzha@qq.com>,1659838139,+0800,GitHub <noreply@github.com>,1659838139,+0800,"[runtime] remove server directory (#1362)

"
157a3b4008507d434674205100ac33627f021288,be77d51985205fd11c62b641ee1d9dacd6495729,['30b1943c46d9ad83b9f1e37938c92210cb397bb2'],Chao Yang <385526069@qq.com>,1623381002,+0800,Chao Yang <385526069@qq.com>,1623381002,+0800,"fix typo
"
15832d1006c6074e3a656df7dd2251e253b6e2cf,1b33009f2d16dfd127abb5db550ff817b97bad0e,"['a05ae597172d80120b816af33adb129ff010ac29', 'b7195dfdcc25168592759b5a8ee896c443882e3a']",彭震东 <275331498@qq.com>,1619342256,+0800,GitHub <noreply@github.com>,1619342256,+0800,"Merge pull request #328 from mobvoi/binbin-kaldi-itf

[runtime] add kaldi itf(interface)"
1588b02f2e74b0a1de3f2b4be26951f9bec44745,0dfd6c1dc9904cadda7b1045ded92ef28e73e40d,['b678caf9a8e6391cb6755ddb2daa0545e2b81bb7'],pehonnet <pe.honnet@gmail.com>,1652892063,+0200,pehonnet <pe.honnet@gmail.com>,1652892099,+0200,"adding missing remove_dup_utts script
"
1591868ae83520d060eb1f669373edf95ca87c8f,5053ce441ce6e2c5e23398758446103232897fdd,"['de21463f72de783f37a6059ca6398cf338e42cf4', 'e0244d7ec1b0be5fea61d5a869f291c67f54ef84']",Binbin Zhang <binbzha@qq.com>,1712143577,+0800,GitHub <noreply@github.com>,1712143577,+0800,"Merge e0244d7ec1b0be5fea61d5a869f291c67f54ef84 into de21463f72de783f37a6059ca6398cf338e42cf4
"
15a11d90ba07f92286a1f9edb43f5f8ab26f19cb,07c41c4d41f4e6ce938e1f88cb7baab0b9835d47,['cb94bff98a6d5871b77a2fe9b28b188b79694a0d'],xingchensong <xingchensong1996@163.com>,1700036575,+0800,xingchensong <xingchensong1996@163.com>,1700482052,+0800,"feat(whisper): fix lint
"
15a52944c0ad5777695cfeb0a1dacce136e25b62,05bcfbb749d89b0eacbf91ea27ca8afa0c9c8776,['ab6e255b20ab62fbc009f5c6b9302bbd32d22e94'],Mddct <hamddct@gmail.com>,1657012711,+0800,GitHub <noreply@github.com>,1657012711,+0800,"[transducer] add recognize.py (#1284)

* [transducer] add recognize.py

* [transducer] add assert"
15a8749c3bdf0fc353641ee86b7d5ff6e2744542,d32b04fe67adb7e77b85d3cd7c1ef73d87e2a718,['4870a535e656041f0163c3469e6dfa76bf177237'],Binbin Zhang <binbzha@qq.com>,1673854030,+0800,GitHub <noreply@github.com>,1673854030,+0800,[fix] fix topo error
15b96c6cae4722d3b7e54ee66fa0ed059be51518,b432f545fa789ba88b6fe373cfe99b07222dfa18,['eafcf497364af89f1920d81ab2959c20868472e8'],yygle <yygle@qq.com>,1667032491,+0800,yygle <yygle@qq.com>,1667032491,+0800,"fix format issues
"
15bc346fbd28de4a31b4e3a9d7f45093c0e8972c,ea5190b553e3838fc55d637de71736b31d32af73,['fac35070d6f56ca95229de806bd9d5a7efcfb49e'],xingchensong <xingchensong1996@163.com>,1701833095,+0800,xingchensong <xingchensong1996@163.com>,1701833095,+0800,"feat(decode): refine code
"
15c25b2a532ea9c6407a97c214d9609134f252c2,78490794464d647b0788cfffff23f04f60325cd6,['091df4cbcf342b4f604ae218642acbe90ce670db'],Binbin Zhang <binbzha@qq.com>,1699169414,+0800,Binbin Zhang <binbzha@qq.com>,1699169414,+0800,"[cli] refine hub
"
15c5d03429ae1bfdee70b38536e9b088c02d05e8,92c687ef174eb90c604bf8a2683cc2f3c025f166,['6f16bc6fbe64231f830ebefa63a62a36c1ceaa50'],xingchensong <xingchensong1996@163.com>,1698388130,+0800,xingchensong <xingchensong1996@163.com>,1698388130,+0800,"fix(lint): downgrade importlib-metadata to pass flake8 lint
"
15c8f67e49ead9c4a3c4cf78f0766b7a8f97f9d0,fb2ff3d4cc8b48550448083b349d0dffad6a359d,['7bece3a32de5a36e05281dad5d192256178319a3'],xingchensong <xingchensong1996@163.com>,1702047231,+0800,xingchensong <xingchensong1996@163.com>,1702047231,+0800,"[refactor] make tie_word_emb a member of decoder
"
15ccd07de4ff9c01824de92b9ef721955068e686,3d0099d3d4d873d3f5e1156c554f363652d17f4c,['f19443ba6d78e856a2666626ce5fbe21af8ea0e6'],Xingchen Song(宋星辰) <sxc19@mails.tsinghua.edu.cn>,1631442723,+0800,GitHub <noreply@github.com>,1631442723,+0800,"[fix(android)] init post_processor for android demo (#618)

"
15d35bada759789efcd828a1016d829f06d27cae,abd6402d528505f4fdfd1e26f87e01291297f9ed,['d2e253e15aab684e4e7baeeee16f1879ecf86ee6'],robin1001 <robin1001@users.noreply.github.com>,1699801103,+0000,robin1001 <robin1001@users.noreply.github.com>,1699801103,+0000,"Automated deployment: Sun Nov 12 14:58:23 UTC 2023 9575e613ed028d3c764568d631df855c2f87ee7e
"
15d7957eb110b6ae6d8caf472b3de95e3010b781,d3bc4aa85bd5bd9f20f8b0e72a38508ecd7d15d3,['2e9efcfd3118bec0db3a3f9f157a7e59bacde9c0'],slyned <slyned@nvidia.com>,1653554613,+0800,slyned <slyned@nvidia.com>,1653554613,+0800,"add streaming gpu

Signed-off-by: slyned <slyned@nvidia.com>
"
15d8c0bc3349854dac34890db39334ac40592590,bbd2ba099a63bed2ae86f502c5d019c3428c9c7f,['598eeefbd96b1b035fe107584c95317660cda58e'],robin1001 <robin1001@users.noreply.github.com>,1707122908,+0000,robin1001 <robin1001@users.noreply.github.com>,1707122908,+0000,"Automated deployment: Mon Feb  5 08:48:28 UTC 2024 a6a7f304c2b958b7494a327dc5ac0f256ff9b7dd
"
15da88ae6459f9966b2bc24d379b8c95ff6f1cc4,d55e4f586bd43acebe24e329b3a70ff1b6a31c75,['426d62865c7f09edf093a65786139847e14af4f3'],xingchensong <xingchensong1996@163.com>,1722947284,+0800,xingchensong <xingchensong1996@163.com>,1722947284,+0800,"[test]: fix version for transformers
"
15dbf3cb80252e307a58c9b615a0a23c64c02953,51c08ce1a9e2cc77a2788a914b77a7d63c1aac81,['b95791e2be64b171af320e5ccfefd7e018e7aa6c'],pengzhendong <275331498@qq.com>,1635337792,+0800,pengzhendong <275331498@qq.com>,1635337792,+0800,"[docs] replace 4 spaces with 2 spaces
"
15e3eb5da89597f878fa5e33c9873da51294b89d,8e110cf17bebcb279a37ca1c0a75b01b88ce79bc,['aa33dd2d9389d89ce10c47bda7e1db8826d01f10'],robin1001 <robin1001@users.noreply.github.com>,1715145080,+0000,robin1001 <robin1001@users.noreply.github.com>,1715145080,+0000,"Automated deployment: Wed May  8 05:11:20 UTC 2024 bd22fae233455154db7ba4ead9361363d23351a2
"
15f281021463ed7e65e22eb3a593123ce5d35c43,c72179461fb057a23c9d46481f144da96dd1c8a4,['0cbd663f13e0a61b31b6aa2de52c3c961d4a47df'],Binbin Zhang <binbzha@qq.com>,1652790969,+0800,Binbin Zhang <binbzha@qq.com>,1652790969,+0800,"refine runtime model introduction
"
1621f754d5318b96dcd45cb7ec5474d4b2613d4b,7ae9541e31af8934b70f5cc74a3f468fe0f23424,['dc184a44d2d8bc61dcdef518abad5ce49d9e160e'],pengzhendong <pengzhendong@users.noreply.github.com>,1619342300,+0000,pengzhendong <pengzhendong@users.noreply.github.com>,1619342300,+0000,"Automated deployment: Sun Apr 25 09:18:20 UTC 2021 15832d1006c6074e3a656df7dd2251e253b6e2cf
"
1627cb5c8a04bcdba320f1fa11158819e196a5c6,3abac05f38e542006a2ce510a907fed4fd8035d0,['8af4ac9fb0cdef9633999062b2a614efd66b0a7e'],Daobin Zhu <37605608+DaobinZhu@users.noreply.github.com>,1659624194,+0800,GitHub <noreply@github.com>,1659624194,+0800,little update README.md
163e9cd400803b95d8f85a896647820454a0b73a,9ba059cbef7ab6382fe9bd7bc4b608bd74127628,['fa04bdd99d3fc487a536d5daef0e33cc6eb8a30e'],Xingchen Song(宋星辰) <xingchensong1996@163.com>,1664897133,+0800,GitHub <noreply@github.com>,1664897133,+0800,fix(wenetspeech): Fix dir name
1645608eb258842253dce3599087997dba31bc02,fa26a666ebd32b0151054bcf492c03e0e570677b,['0d20b001f984567542985e836ed5624c58aee06b'],Binbin Zhang <binbzha@qq.com>,1639015074,+0800,GitHub <noreply@github.com>,1639015074,+0800,"[fix] fix bpe bug in decoding in librispeech (#848)

"
165f86d206f7952f7c430bbcfe20ec994218223e,d0a82eda566625d94db9974e835b3c013eebbb4d,['ea27a30cd1866f1d166ba7553ccc74ac51c1760d'],Binbin Zhang <811364747@qq.com>,1619343313,+0800,Binbin Zhang <811364747@qq.com>,1619343313,+0800,"[runtime] add kaldi fstext
"
16601535c714871d79e8cadcfa39a6139d783b91,fcf7da57abeff714a370d82f303f6b3d6f0db12c,['a06531c81a6acc1eb737c6738186b06ecd6a7859'],Max <zhangyuekai@foxmail.com>,1634653963,+0800,GitHub <noreply@github.com>,1634653963,+0800,"Tedlium3 (#695)

* new io segments support

* align

* add nbpe

* change num_worker"
1663990e140c0c009fa7b5c82e15b10e0c05a08a,13bcd86653029f6a6ed4a695cdee1fcbf8073a77,['979b65d6bbb24763cedb2fa670a36eba03e148a6'],Junyi Du <junyidu.cn@gmail.com>,1635509650,+0800,GitHub <noreply@github.com>,1635509650,+0800,"Revert back to calculating global_cmvn with opus, add sampling option (#743)

* Revert ""[examples] wenetspeech uses segments to calculate global_cmvn (#736)""

This reverts commit a778f743eb24adb474805666e01becb3bda487ba.

* CMVN sampling

* change CMVN divisor to 20 and refine comment

Co-authored-by: junyi <junyi.ducn@gmail.com>"
166a78aa0f455d95c8e82c0f3f6e3231e2565a7d,282037531be5ad810d4afd27fcea1fec2684c15a,['c31bc7f65ae86fb931769bcff916fdf77f293aec'],xingchensong <xingchensong1996@163.com>,1700639021,+0800,xingchensong <xingchensong1996@163.com>,1700639021,+0800,"feat(whisper): try to pass unit test
"
1674b578bea11f24f3caabbc69eec8e7ab1cb719,4356367e7903ac23e32b2ed3bea51111cc1be761,['4132f868610312929c76a9f85627706b50e223f1'],placebokkk <placebokkk@users.noreply.github.com>,1610453761,+0000,placebokkk <placebokkk@users.noreply.github.com>,1610453761,+0000,"Automated deployment: Tue Jan 12 12:16:01 UTC 2021 27b854935a3266dcf19cce84cb803e3f7cb26e04
"
167594edd69b29614e234e5c9221a01b76c1ee3d,71251a8eadebf2abdb24bd3aef187b524e389f53,['8f8f76c656bdb268c5c2993f61e143f25be6af1c'],彭震东 <275331498@qq.com>,1653184874,+0800,GitHub <noreply@github.com>,1653184874,+0800,"[runtime] patch openfst before configuration (#1148)

"
1680056d426e0e5093115fa0d1581b72a3a9b6d7,779fa4eee9bea8011a03786061b8c55755759ca9,['98048215e92bcb03b651e98b5c1891630ff17cdb'],gengxuelong <3349495429@qq.com>,1694598091,+0800,gengxuelong <3349495429@qq.com>,1694598091,+0800,"[fix] 修复utils/common.py中pad_list未考虑time维度后可跟其他维度的情况
"
1683016b02a4f48cfe101f57e0daf0913825e95f,acd0ba7aa73a4cfd99a53423660d6f3f8a7b189c,['1c4043b74c443c01f9bb6def15337779b7c077ad'],yuch <cy823236858@gmail.com>,1670233575,+0800,yuch <cy823236858@gmail.com>,1670233575,+0800,"add example toy data
"
168de96bc50f1ac09f48c3163247dfdfe347c57c,245d7263aca239ed99ce67107ae3a7b49cdbeb0f,['9ca09d5d39727c5b903db632f4ea720acadabbae'],Chen Xiaoyu <jschenxiaoyu@qq.com>,1610619806,+0800,Chen Xiaoyu <jschenxiaoyu@qq.com>,1610619806,+0800,"[lint] update trailing whitespace lint
"
16985d6facb355c4b22203022aaee5cde14e5f31,5a19a103a877efdfedc1bceb24546b5ba651276a,['54478b6ec9227d06631a01f046b3719fbbce9003'],tongjinle123 <lancertong@live.com>,1650438052,+0800,tongjinle123 <lancertong@live.com>,1652785707,+0800,"[lint] fix lint
"
16a0846245b8ffef2b6991390b0c3f0de855901e,7ae9541e31af8934b70f5cc74a3f468fe0f23424,['a0453b6f27c3254b58de6b451f20ea0c68283b25'],pengzhendong <pengzhendong@users.noreply.github.com>,1619424095,+0000,pengzhendong <pengzhendong@users.noreply.github.com>,1619424095,+0000,"Automated deployment: Mon Apr 26 08:01:35 UTC 2021 39ae4c867912082f3a498f892374476c9c9ffe2c
"
16c1a4e15f9b7f67be9d94a39d62e63b53524fa8,3a4679b7e31e228762b11055d602b869f507fda6,['3139394b465cdc4438611c2148e3352f89211ac9'],robin1001 <robin1001@users.noreply.github.com>,1757058733,+0000,robin1001 <robin1001@users.noreply.github.com>,1757058733,+0000,"Automated deployment: Fri Sep  5 07:52:13 UTC 2025 6521c82ba6e66aab122a55cc4809313311fe2578
"
16c4ce6963272bfcd1be3acae0ab881d3ed8fb4c,9fc91698de49be7395bc23d6a137c69f90353b4e,['55ee999d5c9085195d020d9a735e099eab081c0b'],Binbin Zhang <811364747@qq.com>,1610103420,+0800,Binbin Zhang <811364747@qq.com>,1610103420,+0800,"add connection handler

Change-Id: I95c6fe573b1ac20192d4c6cbd9d1b410f2fdc85a
"
16c982d048daf443468d571344d1bc2b169c5d8b,6e73cc549abc3f26bf35d8fd3a4e68e41c60127e,['a3137c8233b03524c483b25cfdc9aff0370d878c'],bit-8 <771882370@qq.com>,1686128994,+0800,bit-8 <771882370@qq.com>,1686128994,+0800,"提交run.sh和local文件夹，主要修改了备注，run.sh合并了最新版
"
16cecf5954a5f861b47e68a1b1a23af2cef58c39,4086898916af3b8e2ae476776fb55348cc591cc1,['2d8bb9780f5b23da65abee37fd612a1fa2f2f4e8'],ZailiWang <zaili.wang@intel.com>,1716523176,+0800,ZailiWang <zaili.wang@intel.com>,1716523176,+0800,"upgrade IPEX runtime to r2.3
"
16d6090aae68da66f582384fe97e8ed6af021d2d,81c8a4f486c9b3b41703521da2b476fe07980bb7,['838b3ade7111e6700ac3174a1deabdee5429ae6d'],robin1001 <robin1001@users.noreply.github.com>,1611750583,+0000,robin1001 <robin1001@users.noreply.github.com>,1611750583,+0000,"Automated deployment: Wed Jan 27 12:29:43 UTC 2021 1ea7515e4722f4e05a5985f587120c994a93694a
"
16d97cedbd2cf2ae4fa57ac6a412767bc9f86261,6e46b9cab94028a56c0b77b29bcfc3ab5aaca094,['2e8f0344452b9740ee47c64e4c7bd69912cee47b'],xingchensong <xingchensong1996@163.com>,1701772345,+0800,xingchensong <xingchensong1996@163.com>,1701772345,+0800,"feat(model): support padding mask in flash attn
"
16daf5d41fcbdacf46b9e8a3d9817634c5d827b8,fc1199f8a786520f774b7cdd1571ff1512aad799,['d9fb33c5b74b5294d83f492e4e58718b51c8ad96'],Xingchen Song(宋星辰) <xingchensong1996@163.com>,1701084092,+0800,GitHub <noreply@github.com>,1701084092,+0800,"refactor(whisper): remove tokenizer in WhisperModel (#2172)

"
16db7c1c22cf0cdc4386e5b308704be53c5db2be,70cdd89fa208d6ba8575edd398a9b0d9dab5079b,"['f3ae0d936d4317af0c78c9d36cf9b54d87b759b1', '1fa0892ec98dd6ec129d57ff37ed7f57a4a3b941']",彭震东 <275331498@qq.com>,1617713004,+0800,GitHub <noreply@github.com>,1617713004,+0800,"Merge pull request #278 from mobvoi/binbin-endpoint

[runtime] refine endpoint"
16eeb843889f1c79c84c279b747bb6363c69f2b9,890a60ea6ba444de4b12aea7657907174589ff2b,['435e00f10d38024737c59f2551f323a8aa15705e'],Mddct <Mddct@users.noreply.github.com>,1699878683,+0000,Mddct <Mddct@users.noreply.github.com>,1699878683,+0000,"Automated deployment: Mon Nov 13 12:31:23 UTC 2023 3fd66cbfee03a56c1fd68f0758f01454d64cadc7
"
16ef941c292c0666de51745cc9052fd5b90f2e96,5e0b3ceddb916512df5af5dd6b31371300bfcb11,['616b4b2df6baa73ccc11b7f9ae9586c4ded39013'],马丹 <dan@madandeMacBook-Air.local>,1668095398,+0800,马丹 <dan@madandeMacBook-Air.local>,1668095398,+0800,"Simplify build and fix some cpplint
"
16f0d9de7c9273eba86de9bcde865f909f44fd87,19444a39ca217636bac7e21593849696e5bf2723,['8ba5e0b0ccd2e9091c25e7a9f54a5fcb0016664f'],ZailiWang <zaili.wang@intel.com>,1687980607,+0800,ZailiWang <zaili.wang@intel.com>,1687980607,+0800,"upgrade CPU runtime with ipex to torch==2.0.1 ipex==2.0.100
"
16f48605bfb44b7ecec431ec843cd266dbccb78c,52aadb2eb2d6ca8c36168cf4847c0c112741ea99,['7d880dce5d53080c2c7c393cc2e03924467fa17a'],xu.li <62833389+nuaalixu@users.noreply.github.com>,1742383764,+0800,GitHub <noreply@github.com>,1742383764,+0800,Update cmvn_kaldi2json.py
16fc68ad1c8f843ef9245896e996d66bde35fcc5,2b562995eb35a7eb9652a06aa30c8e545ab877da,['99b5df9f1d8e89a43618b0aa18236e9df342f0c5'],Mddct <hamddct@gmail.com>,1707044072,+0800,Mddct <hamddct@gmail.com>,1707044072,+0800,"[dataset] fix langid forward hang in dataset
"
170847bf3615221f70ca30fc027b0c3be6ca4b04,4147437c77d28510ff6032050c8b4f124c4cfa8a,['093df5425cd0279dc93340f99c132895650c8399'],robin1001 <robin1001@users.noreply.github.com>,1635338591,+0000,robin1001 <robin1001@users.noreply.github.com>,1635338591,+0000,"Automated deployment: Wed Oct 27 12:43:11 UTC 2021 1c44284fc49d00a5b1be4d9592050024af4a85c1
"
17099217947494fa70c56a573125b5384e1bd137,0b077e34bab5a4bd43d8668d9e16a671962c634d,['a20c65152a98f8b67d9d48e92ee0da8665ab4a5b'],Mddct <Mddct@users.noreply.github.com>,1700732772,+0000,Mddct <Mddct@users.noreply.github.com>,1700732772,+0000,"Automated deployment: Thu Nov 23 09:46:12 UTC 2023 eafd44af30e38323ee603e7ceff558f1b532ca53
"
1720389576ec5d5393289236240a956c1df4dfd9,bfeaa473f8ba0276c60c337d3a6ce5b3d57cf248,['3fa75c36e3e110d1ad14f4327cfaacbf58e6eabe'],Mddct <hamddct@gmail.com>,1657274222,+0800,GitHub <noreply@github.com>,1657274222,+0800,"Update README.md

fix lint"
172df757cd38c8c566808509e888e9e98411fdb4,cf3b464048f097df13ef84be0b3a9c88b804449a,['0355919c099d95a67f374e6fb8c2f824f353544b'],Slyne Deng <slynedeng@gmail.com>,1638095934,+0800,GitHub <noreply@github.com>,1638095934,+0800,"[examples] add wenetspeech u2++ model perf (#824)

Signed-off-by: slyned <slyned@nvidia.com>

Co-authored-by: slyned <slyned@nvidia.com>"
1740e398d313ab899ab47d02b5f1cbd63f029894,966e45ecabaf99467a5ec56a5f56289e93e0b6e0,['f7aea43b92440f9c1d67b0e3a4bcdc9d4e68c8ab'],Mddct <hamddct@gmail.com>,1711539806,+0800,Mddct <hamddct@gmail.com>,1711539806,+0800,"fix cv in dtype != float32
"
174f70773e12b666898feb46d82ea7dc2eef7beb,aa4286c0d40de9131b0a4aaa0ffb8068a3738c6e,['0e5de5c1a75b4ac22fc8d92fb25c9da5ffc783b3'],Binbin Zhang <binbzha@qq.com>,1678587259,+0800,Binbin Zhang <binbzha@qq.com>,1678587259,+0800,"fix requirements
"
17537cab3160b2460f08ce52563e128719539886,4356367e7903ac23e32b2ed3bea51111cc1be761,['6040ea426bcccfcbd5272af19b23b78b2eb8b45f'],robin1001 <robin1001@users.noreply.github.com>,1610712121,+0000,robin1001 <robin1001@users.noreply.github.com>,1610712121,+0000,"Automated deployment: Fri Jan 15 12:02:01 UTC 2021 71110ea48532279e085bf4d81b691a08316d4513
"
1754fe124aa92ef19aeaf2e653487e1099131fa4,04a4df3f414ee9ae467ee5ffc768ff12288bb1e2,['139001e23a040ce6695f20935723e1ca12ab794a'],aydentang <aydentang@tencent.com>,1647347591,+0800,aydentang <aydentang@tencent.com>,1647347591,+0800,"update recipe
"
1756db32f2222599f1b1c8e1fd7c215ccaf5d2a2,ba79f8d3f0e0b55bea7480c9361aa8dbdaccb729,['a82912ba7aebffc8ee8deaa776342306cd81ac44'],彭震东 <275331498@qq.com>,1654949062,+0800,GitHub <noreply@github.com>,1654949062,+0800,"[binding] Fix #1180 (#1221)

"
175895d280197c1ba9a1ffc532d94e76f7a8bdbf,c58bc2576c2c1fe29b5d1fe33c657c48aa221abf,['082cf5e3bb7343c3c16d1055ee6ac7ff58c9cbd8'],xingchensong <xingchensong1996@163.com>,1654180863,+0800,xingchensong <xingchensong1996@163.com>,1654180863,+0800,"[fix] offset type check, separately
"
176adf81b8a90994ee0ffe0bd4f4deab37c63d03,516e04bc44af12f157fb2c80faa729ec798fea22,['93091ad1edee9cd1723fc0b595d14edf497094df'],xingchensong <xingchensong1996@163.com>,1699964138,+0800,xingchensong <xingchensong1996@163.com>,1700482047,+0800,"feat(whisper): fix convert
"
176fb6ed5e9b68014f39ab2b3695dca0bfb37f44,734abd6b0ad97abbeb19bb7c4cbfe1fedb40280d,['6bd660a4db01e8d7500ab1a1af278fd3d19f2e63'],Lucky Wong <lekai.huang@gmail.com>,1623817414,+0800,GitHub <noreply@github.com>,1623817414,+0800,Saving init.zip in rank 0.
17700994fccd97a3033a78d5adc03dccc58ab636,c23985059afcd5077d62bc7e208a5c930344d90d,"['282e5f7f795b9272cbd04bc96cf1b5959d90bde7', 'e0f6c51e11adbf4da1db61f5bcab4e92f71d04f4']",Kuang Ru <rukuang10@gmail.com>,1651383736,+0900,GitHub <noreply@github.com>,1651383736,+0900,"Merge e0f6c51e11adbf4da1db61f5bcab4e92f71d04f4 into 282e5f7f795b9272cbd04bc96cf1b5959d90bde7
"
1780d765cca56f3873c9e73b964c1b4786a4f651,47723ed12e995afc2b906200e71cac94daa400cf,['eafd44af30e38323ee603e7ceff558f1b532ca53'],Mddct <hamddct@gmail.com>,1700756887,+0800,Mddct <hamddct@gmail.com>,1700756887,+0800,"[paraformer] auto convert
"
179068c530fe8d7d385db7830198cb06555e6d45,be079f6da2bae56b1ffffe2ba39ce46090236f62,['92ff17358b3d94b7fdaab6082ce61cab1c852cf1'],xingchensong <xingchensong@users.noreply.github.com>,1723177443,+0000,xingchensong <xingchensong@users.noreply.github.com>,1723177443,+0000,"Automated deployment: Fri Aug  9 04:24:03 UTC 2024 b2da22e8c524cc423dcb3c34c5104dec0b6dc920
"
1792a67a168049072a6c33a5438d1acabc93f055,1e26c85bb5331cdcf501074d27eb5e03eb83bf43,['60335e0ac9e10d3266017870e93b5d8441a6016c'],Xingchen Song(宋星辰) <xingchensong1996@163.com>,1713089626,+0800,GitHub <noreply@github.com>,1713089626,+0800,"[train] convert tensor to scalar (#2471)

"
1793d6f4235036965354e59385ffc7132e9648e8,99dc1b53663bdc29c9624c36808ff251d4ac2397,['b5248f448bf26bd52cee69e8d26f9f32fe8695b3'],hicliff <hicliff90@gmail.com>,1672038845,+0800,hicliff <hicliff90@gmail.com>,1672038845,+0800,"fix code lint
"
17977ca134f086154e6904bca97487d6d35f9471,7cbb63e3015051425d61d13ae565ed9876e5ba24,['44094c241188743cad55aef670395ede13ad244b'],zhyyao <94102052+zhyyao@users.noreply.github.com>,1658320474,+0800,GitHub <noreply@github.com>,1658320474,+0800,"Update transducer.py

fix a bug"
179e411d3dfdb1bc28b2a4fefb16e723673ad908,8279bd7e68964f71ad1ffef58ce8d30144ec2a91,['ad8616ed0d853a98754ab2e74c92868e0d680ef6'],Yougen Yuan <yougenyuan@gmail.com>,1634806733,+0800,GitHub <noreply@github.com>,1634806733,+0800,"[examples] add kaldi files for vkw data preparation (#699)

* add kaldi files for data preparation

* modified data preparation

* modified combine_data.sh

* data preparation

* data preparation

* data preparation

* data preparation

* data preparation

* data preparation

* data preparation

Co-authored-by: yougenyuan <yougenyuan@tencent.com>"
17a1daeadf3fe25263f7b2992137bea308f8ef8b,f45e898fea854d4959f96af358553d11eae4d460,['15a52944c0ad5777695cfeb0a1dacce136e25b62'],Mddct <hamddct@gmail.com>,1657104600,+0800,GitHub <noreply@github.com>,1657104600,+0800,"[transducer] first aishell res of rnnt (#1286)

"
17b564098cb707e953fd80ed4be88c938b625b8b,25dd21fc795d68bd4d1e5981d46f07f926f1a988,['063d79b894cc5f282d796d4782a6850c6c343e25'],彭震东 <275331498@qq.com>,1625103275,+0800,GitHub <noreply@github.com>,1625103275,+0800,"[runtime] do not exclude libgcc_real (#485)

"
17c62e45a2949a39dfc16c761f40a041a350b848,749972f21ed163675dfc7c4dfde31c3c549d1c5f,['4541d8e0587829b32c588612451a5424f8cc8a1f'],Di Wu <1176705630@qq.com>,1617070431,+0800,Di Wu <1176705630@qq.com>,1617070431,+0800,"[doc] update multi_cn model link
"
17de50b761db841b84ab179396d693ae96504ad6,8bf2318a1ef4ddccc16ede8ad700682e60498062,['f47fa2dd2aa5740087e60b1177c3d37b0208ca13'],Di Wu <1176705630@qq.com>,1608637891,+0800,Di Wu <1176705630@qq.com>,1608639592,+0800,"[doc] aishell result readme
"
17def7743d158f1ab325bf06ec3e6425078322b4,ffd5f9658f9fc2035590bbb84ad921b9584ec2e7,['83881e944e36e94bda14d3631cb1f3f10cb85d6d'],Mddct <hamddct@gmail.com>,1654916630,+0800,GitHub <noreply@github.com>,1654916630,+0800,"[binding/python] set_context_score (#1218)

"
17e1fa1b08cc3bb285e434d56f57a5bae5833d2b,9537b09748b8b2ea23c9342f2c3c778e165314c0,['dd822f3dba4b870bc60b48c3628fac1881bd89bf'],Chen Xiaoyu <jschenxiaoyu@qq.com>,1614153456,+0800,Chen Xiaoyu <jschenxiaoyu@qq.com>,1614153456,+0800,"add pics
"
17f51b34bfc8d8fbb7a9bb5aeeb5a4d1958cf5b8,0348edb48f9240e307a611cec70bfe56b3671026,"['3fcb4ec8eb4561e96f96ca9a0dca17eb00d270ee', 'c9496837278f246515379fa11d8669524703f349']",彭震东 <275331498@qq.com>,1620380431,+0800,GitHub <noreply@github.com>,1620380431,+0800,"Merge pull request #361 from mobvoi/binbin-fst-tools

[runtime] add fst tools"
18077362a568614072a70e9a94db388f3ff46dcd,d5822173069bb0e3dfb3f5977f84254c36c1fa00,['7ebc37e88eaa5db770e0bc80b5a9d8f20e8faee6'],Liangcd <30542401+cdliang11@users.noreply.github.com>,1649257005,+0800,GitHub <noreply@github.com>,1649257005,+0800,"[examples] add timit recipe (#928)

* [examples] add timit recipe

* [examples] add timit recipe

* [link] fix flake8

* [lint] remove trailing whitespace"
180865e8507e3fcebdd721fb21677d2088f16a0f,004721e8fd85f784979f3bf27755b9dc241c7fea,['149ad7dd9d9be4b7954a85e46bcebecf9e8cc4e8'],Binbin Zhang <binbzha@qq.com>,1656922455,+0800,Binbin Zhang <binbzha@qq.com>,1656922455,+0800,"fix attention dropout rate
"
1816718139bf201c7c112154ecdb66fbbb79a193,49fa85dcfec0f511140de7780019f96f54353980,['7d0ca09f1164bc19ea152eaaddb16543a2f52930'],xingchensong <xingchensong1996@163.com>,1702800453,+0800,xingchensong <xingchensong1996@163.com>,1704535505,+0800,"[text] try to pass ut
"
182ac8df61ed0bba34ffdfe00e13c736c07b9ecb,dfe84b865c04d40428e88d8a2359d15613868db0,['9cf6e1c4e795f6fa1a068fab440faa93f7626484'],Piyal Saha <piyalsaha00@gmail.com>,1678365124,+0100,Piyal Saha <piyalsaha00@gmail.com>,1678365124,+0100,"fixed possible resource leak.
"
183669acd936060124eda0a3b657022b4ef37a22,43c8fa11b66df927ff5f9fd290530127a1085de0,['9ca09d5d39727c5b903db632f4ea720acadabbae'],Mike Lei <mikelei@mobvoi.com>,1610598866,+0800,GitHub <noreply@github.com>,1610598866,+0800,Update README.md
184688ae3dc9d61a94d26d0fa9cbd3d345c7814b,458bbd25d7d878953cba7aa64dcae8ff01cc1cf6,['b75280c0d7f34bc68852f29984e6b1278043809d'],xingchensong <xingchensong@users.noreply.github.com>,1709902780,+0000,xingchensong <xingchensong@users.noreply.github.com>,1709902780,+0000,"Automated deployment: Fri Mar  8 12:59:40 UTC 2024 a93af33afb29585d7398265f1076d6dec1f11ab8
"
185b9714e9e23a87ff11c94093c275dd923936a5,bfd6e2a2d609b1edb176bee25efe3e78682c6576,['312826ada2d33a1ea939940aa1e0018993705c15'],xingchensong <xingchensong1996@163.com>,1702020284,+0800,xingchensong <xingchensong1996@163.com>,1702430768,+0800,"refactor(yaml): Config ctc/cmvn/tokenizer in train.yaml
"
186911676d77f9522a80cc28bd8687ea818231a7,b0d03559c5b53c5e20663474785149b70d9da324,['5a4401e963a75941a4c1e7dd5b1992122c994878'],彭震东 <275331498@qq.com>,1615512565,+0800,GitHub <noreply@github.com>,1615512565,+0800,"[runtime] move LogAdd function to utils (#207)

"
186cb99164dee7fc36372087d2dff7b6059f0488,7734e6d38f05184fa6ecd026bd7f88c2994b5424,['b22b13863a04ac0e694751db7d341239b9bc74d4'],xingchensong <xingchensong1996@163.com>,1688532850,+0800,xingchensong <xingchensong1996@163.com>,1688532850,+0800,"[runtime] Add lint via clang-format
"
1872f80ccc30f07763b7895980a057ea8cfe17bc,ba90515570cde194909ec80383719a459574c7d6,['aa5101bc92e8fb480bef34a8da0085eb10af2959'],Binbin Zhang <binbzha@qq.com>,1757054974,+0800,GitHub <noreply@github.com>,1757054974,+0800,"[fix] rm touchaudio sox buffer settings (#2770)

"
187560c664bb4e9dff3cd1d5028cb4d4159ab652,355147d9672550854e5279920575c9c5f1303f6c,['e3bb1aeafeab171b2e4c85c0dae6570d79c3ceee'],Mddct <hamddct@gmail.com>,1739184826,+0800,Mddct <hamddct@gmail.com>,1739184826,+0800,"stage1 exp
"
1882a4ffbcc0803a39911cc0ef219802b648644e,d84db9dcf4afe210d9cdf59e95c470458628e875,['04f749a80ad5eac355a8ed4d62459156dd2f9bd3'],xingchensong <xingchensong1996@163.com>,1705916885,+0800,xingchensong <xingchensong1996@163.com>,1705916885,+0800,"[examples] update paraformer results on wenetspeech+aishell4
"
188e5e9c2c3250f4ed44af4a09d2a8866e4a0ab6,23cdf4ed0f6e4e7dc2f9380ae41a5c87f49ba4eb,['7b3b4921d9062ff58fa11cf61ee1c101b8dfbaee'],Binbin Zhang <binbzha@qq.com>,1698412934,+0800,GitHub <noreply@github.com>,1698412934,+0800,"[doc] remove python binding doc (#2086)

"
18a13c3d2e3b6f62e3ba0b45af2a4373999a2b14,d17533576c5b1f9d0301c4bf6e61f2fd0e0db643,['20356c0d62e919841d6a7c33eb40fa37c90ae947'],Binbin Zhang <binbzha@qq.com>,1661607540,+0800,GitHub <noreply@github.com>,1661607540,+0800,"[examples] fix build binary path (#1410)

"
18a75244f39b3403ff7b39f791e7af4fb93d4d03,58061ceb3e46a672cc91b7db7f712375de62fe75,['48deb2e1f03c76018db32386992f433fafa22c5c'],fanlu <fanlu7311@163.com>,1614913113,+0800,fanlu <fanlu7311@163.com>,1614913113,+0800,"add new lines
"
18a8966fae0618b06c05d9110db3efae453a7f72,ccf82a98f2e613944b606e8264d284c3d1e9e007,['05eb1134c38d3d4e3d7ca336918c610b52babd66'],Binbin Zhang <811364747@qq.com>,1626836851,+0800,Binbin Zhang <811364747@qq.com>,1626836851,+0800,"[runtime] support nbest parameter in wfst decoding

Change-Id: I762cd3655eb338ecfc73df2acf41fcabdd2f5435
"
18e316815cc018f9e1d188144ef63d69bc5773e3,79aa76ee232391fb52af27301e644fb1e5279349,['b263ef06352f9dab0b7d0ef60e1245b292d6a813'],ScorpioMiku <1056992492@qq.com>,1625535568,+0800,ScorpioMiku <1056992492@qq.com>,1625535568,+0800,"fbank on gpu
"
18f21b24511c110236ca1afc0d27e2173d625d8a,0f4415fdec2a5cdac99747375889604af18ebe95,['908f5f8076ee96817b3f839129d6d42cec421713'],xingchensong <xingchensong1996@163.com>,1706150592,+0800,xingchensong <xingchensong1996@163.com>,1706150592,+0800,"[examples] update paraformer results on aishell
"
19114eefff447a0cb7a5612ba49af93df1209f02,6c8cc4c66a2bf5a4218e8dc1e463e2ff97e0489c,['7a2870193d46b02645f2bc81e1bac58284dc6fd3'],veelion <veelion@gmail.com>,1659692347,+0800,veelion <veelion@gmail.com>,1659692347,+0800,"add batch processing to Python binding
"
1913751ed4844d89275473f11961caf6585bb1a2,5a7685f39cd0e5766475d66fcb148f95b7762969,"['b973aea029d28b821fd57a2affec99661f07c52f', 'c593b01da8fd9fdd7023d6e9871680d54fd3683b']",Kai <kli017@ucr.edu>,1684377330,+0800,GitHub <noreply@github.com>,1684377330,+0800,"Merge pull request #3 from kli017/dev_kai

reuse module from transformer"
191b6a6d5b77ff52882349b64848e8f7279feadc,9c84281eb478af80859be57ce201f3b91517cb71,['af699c5e257477ae1109ad13421b28c877dd01ac'],robin1001 <robin1001@users.noreply.github.com>,1699261602,+0000,robin1001 <robin1001@users.noreply.github.com>,1699261602,+0000,"Automated deployment: Mon Nov  6 09:06:42 UTC 2023 ad0836b75a60a1055b7724451ace29ce590e6a9b
"
19255c4d9b66b4cfd288699e67e45df396b8454b,88c6dfbb008d3713655b22e434f14513d9f3bfda,['a50d4208f13bbf3a0746e606ac29176cd2e87e6b'],Binbin Zhang <811364747@qq.com>,1635139633,+0000,Binbin Zhang <811364747@qq.com>,1635139633,+0000,"[examples] depreate aishell old io

Change-Id: I77da706d7f8c3adbcd3b3c3b0699d1ae421fcf85
"
1947ea4873095b6403d666ff7a2821360108014c,5e9076d73a0538a14f9b49b91a9c05035fbb0fda,['70b25f6ef8602ac78621e5296abe8d1cca33875f'],Kai <kli017@ucr.edu>,1682492008,+0800,GitHub <noreply@github.com>,1682492008,+0800,Update README.md
194b54bbd61030ed04de56a78b37110e3a59506c,d7d41c482a3d2e360d7c3945f79cc67222719975,['abf12fcec413d9a819feb35c9b6a8fc6575b2a99'],xingchensong <xingchensong1996@163.com>,1670085784,+0800,xingchensong <xingchensong1996@163.com>,1670085784,+0800,"refactor(horizonxj3): update doc
"
194ba317104c57a803e6f34f79979402b992c44e,8a08eef888a76640d17389663a49fe75cbbbf377,['64b7140db7e892d7497f799a6db8ef75920f47fd'],Binbin Zhang <binbzha@qq.com>,1632362699,+0800,GitHub <noreply@github.com>,1632362699,+0800,[doc] update pretrained models
194ec719ea5ea654d619f1b4702ceccf14edb079,c66714b34bea676354f4dfe0e3998faf98649e2b,['19fa10278b8517c3d78c52e32b090412222905ad'],double22a <353877046@qq.com>,1620281117,+0800,GitHub <noreply@github.com>,1620281117,+0800,Update train.py
194f60bc08a73e9be852cd008ce03fc3804edb94,c2c0df2e10b5aef5299cc391cc0623af7ed27bc6,['17b564098cb707e953fd80ed4be88c938b625b8b'],彭震东 <275331498@qq.com>,1625133654,+0800,GitHub <noreply@github.com>,1625133654,+0800,"[docs] update readme.md (#488)

"
195a9e355c1a32eee543fdb71af45358f42a00da,c45fb185f4b4baf637bbb8cc6e52dbbf67b7a157,['31d5375cd429e52f90da7ba36ddd547d7573ea11'],Zhen Zhao (Fiona) <fiona.zhao@intel.com>,1676944978,+0800,GitHub <noreply@github.com>,1676944978,+0800,"Update README.md

Add OpenVINO logo"
19618f5241ef147aa8b99990a256f779e197702f,fb129ca529aaade275a5648aae48c2954fccdbcd,['8120005eae18d711502c4905fde0c18e07a7ad86'],Yuekai Zhang <zhangyuekai@foxmail.com>,1686039258,+0000,Yuekai Zhang <zhangyuekai@foxmail.com>,1686039258,+0000,"fix hard coding vocab path
"
19672478989eda823ffd48fbab43eea0a20f3b42,8c95553eb539bfada9bafb8af8039813c556c467,['11f4ea800478f38ea206883744bfe3fc58179606'],user01 <user01@user01deMacBook-Pro.local>,1699348313,+0800,user01 <user01@user01deMacBook-Pro.local>,1699348313,+0800,"[cli] fix lint
"
1975ea9e8bd8fe64a40ed87cabf84fd52e25074b,a15be60dfbfec5120030319c0df9529690d9eca0,['31d7bee1689e11b7a975eb0137d58ff46c9eb063'],learner <yygle@qq.com>,1672042793,+0800,GitHub <noreply@github.com>,1672042793,+0800,"[squeezeformer] Support ONNX GPU export. (#1634)

* [squeezeformer] Support ONNX GPU export.

* fix Lint

Co-authored-by: yuguang.yang@ximalaya.com <yuguang.yang@ximalaya.com>"
1977f2992c74295742c5ae81abf5226a77eb4fda,d34b22248bbc3f10789414d8e9ce6d42af8e2b6c,['14d38085a8d966cf9e9577ffafc51d578dce954f'],Wenjing Xia <827146228@qq.com>,1618998007,+0800,GitHub <noreply@github.com>,1618998007,+0800,"[doc] update aishell2 readme (#315)

Co-authored-by: Wenjing Xia <wenjing.xia@mobvoi.com>"
197b118edf0be1404fc322b974b3db2ba545e45f,1e6997f2f01f56896f914676c8c9507b00b4bc5d,['9b2f0dbbd1f9108670a7ef02bfa12cb95c80aa2c'],xingchensong <xingchensong1996@163.com>,1688528332,+0800,xingchensong <xingchensong1996@163.com>,1688528332,+0800,"[runtime] Add lint via clang-format
"
197e190d3cf3caa7dc2ad2cd6c8bb41d0f02e490,e71c431d4bf3b794ff15a5502e34c56461b19dd3,['700de61684cba98eba88daedd20b2d0f80677ce9'],Di Wu <1176705630@qq.com>,1608273944,+0800,Di Wu <1176705630@qq.com>,1608273944,+0800,"[fix] attention rescoring decode bug
"
197f9eda9dd72a5c4d9724eb834a985ef8bba7a9,ba5c772be65ce9ba58822598ab78fcc7e8abed7e,['a81c94e572acd3caf075a2f6281188dc8ab94230'],Pengcheng Guo <guopengcheng1220@gmail.com>,1638703908,+0800,Pengcheng Guo <guopengcheng1220@gmail.com>,1638703908,+0800,"Fix unit test errors.
"
1983560b62aa27e22e63d8658ab9a5ec6dd31bb8,3a9d12541ec72023f0ccd74f760137c392a7074e,['83881e944e36e94bda14d3631cb1f3f10cb85d6d'],Binbin Zhang <binbzha@qq.com>,1654882131,+0800,Binbin Zhang <binbzha@qq.com>,1654882131,+0800,"[runtime/gpu] update units for gpu
"
199b720b05d123daa09cac570eaa8239ce16ae48,ac66483d00e4baf929b112e51ed43bf4cc845868,['5e2840ee72b0745e4e7d9f46a1625a49bad562b3'],cdliang11 <1404056823@qq.com>,1729233366,+0800,cdliang11 <1404056823@qq.com>,1729233366,+0800,"[runtime] upgrade libtorch version to 2.2.0
"
19af50a6c848e77adb5dfa40a861061c1ae8b78e,db6840f25e9a13b20a0f7e31ef36d7df9f18a39a,['e86e5c15f44137efb8abdf4496238771ddcb4aaa'],彭震东 <275331498@qq.com>,1618194127,+0800,GitHub <noreply@github.com>,1618194127,+0800,"[runtime] simplify the web permission (#302)

"
19b94b2d2a3dd4506e760797f819e4c54285b6b8,6bcc089b99c575f18fd44b0664e7cde002feccf4,['5e6cefb9b9618b19d24d51ef99e22807292d90d8'],robin1001 <robin1001@users.noreply.github.com>,1621474570,+0000,robin1001 <robin1001@users.noreply.github.com>,1621474570,+0000,"Automated deployment: Thu May 20 01:36:10 UTC 2021 9376e5bdc29e7ce50f1ed83f90795ec59b6c34c6
"
19b9995ac2480a20e91fc2093880b8564387d8b1,0867e8f1b32c8c0180f06f59ac61871811117f4e,['41965c2ea9201187bcaea81fbdd5395570ec9dee'],Nickolay Shmyrev <nshmyrev@gmail.com>,1661260170,+0200,Nickolay Shmyrev <nshmyrev@gmail.com>,1661260170,+0200,"Delete file before update of symlink
"
19bad80417f79b6602108a83c7b0dd18053ea29c,46135fb6f70ac6c4d71f5c8c3addb142cda3abb5,['81d600fdbad8590dd3932a039648c28d5a81c284'],robin1001 <robin1001@users.noreply.github.com>,1649250978,+0000,robin1001 <robin1001@users.noreply.github.com>,1649250978,+0000,"Automated deployment: Wed Apr  6 13:16:18 UTC 2022 7ebc37e88eaa5db770e0bc80b5a9d8f20e8faee6
"
19bde9d5308e62883b39c0661384e60c7f4c7741,fa06196a70ba17fb8e780c54670d8cd37e00065d,['53bd6e32c46dbd65dfebd6f9112950198947225c'],slyned <slyned@nvidia.com>,1632798508,+0800,slyned <slyned@nvidia.com>,1632798508,+0800,"add onnxruntime

Signed-off-by: slyned <slyned@nvidia.com>
"
19cfdb2b3608d7acb425affb0f428b237c71573c,99a45da257105d298cbd78fa02f811ca7fa5c2ce,['cf0d0228c15308c7e7c634763d7e5f56eeccb823'],pengzhendong <pengzhendong@users.noreply.github.com>,1617185816,+0000,pengzhendong <pengzhendong@users.noreply.github.com>,1617185816,+0000,"Automated deployment: Wed Mar 31 10:16:56 UTC 2021 bf69f6ba292d59a39862d4e1e6ba2e7660ff7f46
"
19d5f7668bfb88f08b8f53ca8d703535a37884bc,79a81e28f56cd35d098dceed18c20ca45f78a531,['a153237ac98ab0156f5656c49652fcf9d5153c50'],robin1001 <robin1001@users.noreply.github.com>,1627354418,+0000,robin1001 <robin1001@users.noreply.github.com>,1627354418,+0000,"Automated deployment: Tue Jul 27 02:53:38 UTC 2021 36d934e651c78a758c6f5d1c9c3a4d1e3a841b24
"
19d7268f6ed1c2b1ac04645f1232514826632c50,918e5f1b77d3de2fe27aea5b79a8e4f080106b70,['7512e209d4b6d2772fc30a8f033232c169f5b43d'],Binbin Zhang <811364747@qq.com>,1612365310,+0800,GitHub <noreply@github.com>,1612365310,+0800,"[fix] fix conformer JIT export bug (#139)

Change-Id: I2c399e5d82266505e3834472b2646b9758ee5891"
19e13f1e3407d4b1ec9774d53c1519ad87866a42,7d734dc43eff65c94d63e013be4b18afc040fa66,['3ec55492524165b8adf1cf8afd7e7a75aea0ac85'],xingchensong <xingchensong1996@163.com>,1704461659,+0800,xingchensong <xingchensong1996@163.com>,1704461659,+0800,"[decode] fix blank_id
"
19e5d64bee762a0c64e87e283da2733aac1ddf5e,ab42bcb807c490266cd6f6a75740d79656252caa,['1cd30b74aed2ebc61e6df4812a6fb69eaf7bbc9d'],Mddct <hamddct@gmail.com>,1652242544,+0800,GitHub <noreply@github.com>,1652242544,+0800,"remove unnesserary torch header

remove unnesserary torch header"
19ed1f1d318b6be5d4765072517b88b4d2225250,ee462d341d99fdc4dc9ee3ed4fbef589cf4419ee,['3cb4006f9280972737084fae76ad547ef65bb6f0'],robin1001 <robin1001@users.noreply.github.com>,1632362980,+0000,robin1001 <robin1001@users.noreply.github.com>,1632362980,+0000,"Automated deployment: Thu Sep 23 02:09:40 UTC 2021 70dbaf11b24bf4e30760fb7a13f1dd22ed89e74b
"
19fa10278b8517c3d78c52e32b090412222905ad,779015d9bb03a3a41abca2173074b035ae7b7c1f,['38f2ef0dbb2352baeaa92388ed5f008773bea978'],double22a <353877046@qq.com>,1619659225,+0800,GitHub <noreply@github.com>,1619659225,+0800,"Update train.py

print the number of model parameter"
1a024674b12d60c4009d4376890e3bb6a2f6d616,3568edc10e879a36b72bf05bccf5dbfdb40dbef0,['d508589797f0c3eb1bf99c3431f2aa112cee8557'],Mddct <hamddct@gmail.com>,1702570212,+0800,GitHub <noreply@github.com>,1702570212,+0800,"[transducer] refine forward args to dict (#2245)

"
1a04689bfe4ef590f103cfa26e1d43fb6ccb1483,4afdd2cab6167c1b58e92bf549c1550fe7b0492f,['807c8744619a6fb7fb3e622d4441564e94bf469f'],xingchensong <xingchensong1996@163.com>,1702038371,+0800,xingchensong <xingchensong1996@163.com>,1702430768,+0800,"refactor(yaml): remove lfmmi
"
1a0acd3af73f5700bb810919809c4dff37968852,243b1736de0bada2e687b5571979ed1ee83d9565,['4f4b922f3af3b720d6179ab5f82403cefaf0d96c'],Binbin Zhang <binbzha@qq.com>,1757210723,+0000,Binbin Zhang <binbzha@qq.com>,1757210723,+0000,"fix change
"
1a10d1b5f26303527e496784129a0ac4c3aeb3f1,3a4679b7e31e228762b11055d602b869f507fda6,['f8262a5bc968120e3c1ae097fe76d0229bf7017c'],robin1001 <robin1001@users.noreply.github.com>,1757054727,+0000,robin1001 <robin1001@users.noreply.github.com>,1757054727,+0000,"Automated deployment: Fri Sep  5 06:45:27 UTC 2025 aa5101bc92e8fb480bef34a8da0085eb10af2959
"
1a3633a6d613bb4342f8b75982953c9b57e4765c,d27fed065244a7bc30e997f27d7fcc932ee2d60d,['5dfc9dcbd4f6fa050baa297b9d0fe2e38a4aaa0b'],Dinghao Zhou <hamddct@gmail.com>,1708598217,+0800,GitHub <noreply@github.com>,1708598217,+0800,"[conformer] sdpa default to false (#2362)

"
1a3e3c19ae92d24ad202f437333591fbee2174bc,79a81e28f56cd35d098dceed18c20ca45f78a531,['98a42a1f36af3bf2e2c302738b1bfa6e55ee6052'],whiteshirt0429 <whiteshirt0429@users.noreply.github.com>,1625801132,+0000,whiteshirt0429 <whiteshirt0429@users.noreply.github.com>,1625801132,+0000,"Automated deployment: Fri Jul  9 03:25:32 UTC 2021 867fa266950356331b685ac5c0f1d37969bbfde4
"
1a46945029e9e3c02ca286088c53b52f54ef7f5d,c2bd805e7892b4a6b84d6c4bcdbfa99f2c63bac4,['d483613d4234482e1c9be1a3890184d89b185f43'],learner <yygle@qq.com>,1671615125,+0800,GitHub <noreply@github.com>,1671615125,+0800,"[fix] undefined value chunk_masks (#1629)

Co-authored-by: yuguang.yang@ximalaya.com <yuguang.yang@ximalaya.com>"
1a46b93c5b63066175ca0d37230c3d1b4b857bdf,a73d41f1f2d1c3f01662711461d25c6245e583da,['a332081acc40d86ba38f3af20ab4fbd9729e9c30'],Binbin Zhang <811364747@qq.com>,1612577525,+0000,Binbin Zhang <811364747@qq.com>,1612577525,+0000,"[doc] update wenet index in readme

Change-Id: I45020edac68f28b4e1f3e46a04250f7cedcb9493
"
1a5b1d3cea73f824ae2278dd1fe8ce59b2e7d7a9,ef26bf9187fe7487bf54dd51746ece806b3ad8b3,['a184bbb3c337648e749337f013f88293960e962a'],xingchensong <xingchensong1996@163.com>,1699890703,+0800,xingchensong <xingchensong1996@163.com>,1700482046,+0800,"feat(whisper): success load
"
1a5cf91181c5e5f6f54ecb8c824acf9e6f22ad32,7efac4304e9cd36e599ba363f451951b8e263e79,['b81583b0f364bced9ba76a120af130029cac29d5'],hzhou245 <hzhou245@bloomberg.net>,1706036820,-0500,hzhou245 <hzhou245@bloomberg.net>,1706036820,-0500,"Refactor how params are passed in
"
1a603a797f189fbf5ad196ba2484723877c39628,6a943e668c4a4e29d677e781145190ce01bcb31f,['e98c7a3f690cf5a3fb2bba935c47e4f52dea8fbe'],Di Wu <1176705630@qq.com>,1616162112,+0800,GitHub <noreply@github.com>,1616162112,+0800,"[fix] conformer batch padding mask bug fix (#223)

Co-authored-by: di.wu <di.wu@mobvoi.com>"
1a6be31ffd6b0971d013ad8a8f067bf2b8e13a76,db254111e3565f95c49c13d1803dfbc0ac802053,['94becc64c6d5f64255ad91a864bb9cfa57d13206'],xingchensong <xingchensong@users.noreply.github.com>,1701070327,+0000,xingchensong <xingchensong@users.noreply.github.com>,1701070327,+0000,"Automated deployment: Mon Nov 27 07:32:07 UTC 2023 d9fb33c5b74b5294d83f492e4e58718b51c8ad96
"
1a6dcfe6097e91b3c45d7f7724383ad501464984,8b85e1c8f7fe8777107fc8051249e8d8762de515,['ea6ff5319660402a176b4651fe7f8dbf8435cdb3'],Dinghao Zhou <hamddct@gmail.com>,1709703271,+0800,GitHub <noreply@github.com>,1709703271,+0800,"[paraformer] fix some bugs (#2389)

"
1a6ec37dd5f35cb84443ec6c936c4d90651732ff,76e29bb8db222af12d5afefe4308529e831cf3d0,['4ebc73fc1fbb79c1abc897b97980cdc84f43b2a0'],aydentang <aydentang@tencent.com>,1646825837,+0800,aydentang <aydentang@tencent.com>,1646825837,+0800,"openasr21
"
1a7e0139c3ef2f0872788501c1de166040bf3681,2ed2e2ad55b6c81be656b483ecc4408b7b436fb3,['b699473f11c60691bee377473bb0790d90b29591'],xingchensong <xingchensong1996@163.com>,1625568956,+0800,xingchensong <xingchensong1996@163.com>,1625568956,+0800,"[runtime] upgrade openfst from 1.6.5 -> 1.6.7 for thrax 1.2.9
"
1a91314db94478400deb4175a6de0b3ad250ef93,bbd2ba099a63bed2ae86f502c5d019c3428c9c7f,['15d8c0bc3349854dac34890db39334ac40592590'],xingchensong <xingchensong@users.noreply.github.com>,1707127453,+0000,xingchensong <xingchensong@users.noreply.github.com>,1707127453,+0000,"Automated deployment: Mon Feb  5 10:04:13 UTC 2024 331c41408ecba0ddaae9bc6c403ca40249faa9f0
"
1a94771df418325fd335b0b53776f83d74a8111d,124283539ce40f0dcb35ffe6aa35f32eda9ee9c5,['548109fc2dcfa049349fb5d9284420c21f615ca9'],Dinghao Zhou <hamddct@gmail.com>,1740214643,+0800,GitHub <noreply@github.com>,1740214643,+0800,"[cli] fix missing dependencies (#2696)

"
1a9b73c4c1726a0dc7d8ceb7a7448e9ae0ffee00,e8bf98f5c0ec3bad82813cb3aa38df3970c1b1ae,['3fb529049257cf60b13944e9f2716a6c5287b187'],Mddct <hamddct@gmail.com>,1699873916,+0800,Mddct <hamddct@gmail.com>,1699873916,+0800,"fix init_model
"
1aad40afe95de23edc664407331413bdeb177632,bdfba426e81d3ce1590bbe446f2a8fe285d24748,['8d7242e974b59ed9503af1d582469e58af6b0de1'],Di Wu <1176705630@qq.com>,1615881707,+0800,GitHub <noreply@github.com>,1615881707,+0800,"[recipe] mul_cn and unified char and bpe data format (#210)

* [recipe] support multi_cn recipe

* add tal data and migrate zh and en training

* remove magicdata_data_filter.py by using tools/filter_scp.pl

* remove unused script

* fix format

* add new lines

* [doc]&[recipe] add mul_cn char modeling unit and unify data format

Co-authored-by: fanlu <fanlu7311@163.com>"
1aadcf79ed709d4a7a6ad1f8afaa1fccee6ee1e0,323bfc439d6b0f472fff08f3172516ac2ef93aa6,['3ab6718466af071170d76dc908047ecfba2082e1'],Xingchen Song(宋星辰) <xingchensong1996@163.com>,1701225159,+0800,GitHub <noreply@github.com>,1701225159,+0800,"fix(train): Fix step & destroy group (#2168)

* fix(train): Fix log

* fix(train): Fix log

* fix(train): fix log

* fix(train): destroy group"
1abd4ab3edd3b4f4f01e6a6202aacb34dba29d6e,918e5f1b77d3de2fe27aea5b79a8e4f080106b70,['7512e209d4b6d2772fc30a8f033232c169f5b43d'],Binbin Zhang <811364747@qq.com>,1612364946,+0000,Binbin Zhang <811364747@qq.com>,1612364946,+0000,"[fix] fix conformer JIT export bug

Change-Id: I2c399e5d82266505e3834472b2646b9758ee5891
"
1ac1f79e862b8664843b8a4a457ef06541df934a,bbd2ba099a63bed2ae86f502c5d019c3428c9c7f,['fac19ee06512938d4f96f0867a624eef68f09964'],Mddct <Mddct@users.noreply.github.com>,1708501648,+0000,Mddct <Mddct@users.noreply.github.com>,1708501648,+0000,"Automated deployment: Wed Feb 21 07:47:28 UTC 2024 87831da744e2b934c58ce1a73fb5d3ddb94a9e49
"
1ac7a399e8348885204868395ef5a52b8e58787c,c90dff3b7f253c0e609a99831ec6403ccb4d51eb,['a3fbf41abc0d7aa027772fc51ef376be1fdd4514'],xingchensong <xingchensong1996@163.com>,1701238406,+0800,xingchensong <xingchensong1996@163.com>,1701238406,+0800,"feat(train): add ssh-launcher for multi-node multi-gpu training
"
1acb2efc7aa880ec299772a9f0f1a5ae9aa9dc49,e42cdd8d007ad2f5b8f46c2bfe6e7ba60028c7c5,['4d388d5330e30736788e517b3330e240bae1295c'],robin1001 <robin1001@users.noreply.github.com>,1738999137,+0000,robin1001 <robin1001@users.noreply.github.com>,1738999137,+0000,"Automated deployment: Sat Feb  8 07:18:57 UTC 2025 0e092741ef233015b6533ba25fb1d7a93d512dd4
"
1acd1b6743a9426d90c8d7bdee6f866a90040a35,2b9db074a7cebda2b2b3fee95c1e488484a0bf5e,['774634b76142f6f50a88625cd470504aee95a3ad'],Xingchen Song(宋星辰) <xingchensong1996@163.com>,1702456241,+0800,GitHub <noreply@github.com>,1702456241,+0800,"[examples] refine yaml for gigaspeech (#2230)

* [recipe] refine yaml for gigaspeech

* [recipe] refine yaml for gigaspeech"
1adc16172ad406020f14c0221e2aea1a36214ee7,9b4e0e855a20666b06781585292f365f77f7cc9c,['937fc2a95902102560e2eee944439f45ff9e364e'],Mddct <hamddct@gmail.com>,1713203650,+0800,Mddct <hamddct@gmail.com>,1713203650,+0800,"[ctl] unify
"
1af0d47338cac192a0666ad195dc7ed5b296ca73,ff5abf3f2b07a49c7c46fe0274b3b437c65c71c2,['e0f746ac497036b1539c55ba2a169ac5bbbb7ff0'],fclearner <614478391@qq.com>,1723385865,+0800,fclearner <614478391@qq.com>,1723385865,+0800,"fix init_dataset
"
1afd9def5350895f37c0c0e9c38601a0be540288,50de9ac32335b0a359c824989da918a55744554e,['4d20b6945b11402c436b64e84d2d5eb14cb62cb0'],Mddct <hamddct@gmail.com>,1708923124,+0800,Mddct <hamddct@gmail.com>,1708929627,+0800,"support rms norm
"
1b0418bcea9e8e110a23d7f4f0fd6d38c947bf5b,563f7be80e65c8de8203a773d72982e6e16e86bf,['919f07c4887ac500168ba84b39b535fd8e58918a'],Di Wu <1176705630@qq.com>,1612176886,+0800,Di Wu <1176705630@qq.com>,1612177461,+0800,"[examples] refine s1 config
"
1b08e207fd1172f4ce07fe68e105770b16a1925e,3ecf88348376a1924545d357bcc76b88503ae7d7,['c189b9996b93bdf953b214bb519735311c325c64'],yygle <yygle@qq.com>,1666754855,+0800,yygle <yygle@qq.com>,1666754855,+0800,"fix formatting issues
"
1b09f50d7f3945d84137f1d733c0ec7cf421c8bd,8381298df45be5e26aa3f43e8f33f239d30aee48,['ae52150ab0f108767f33147d9fdb3aefb346ccb8'],aydentang <aydentang@tencent.com>,1640246539,+0800,aydentang <aydentang@tencent.com>,1640246539,+0800," update w2v conformer
"
1b0b601a59665e9bc18a243cc263c0b91b76539a,e3497db78ec1a13d580df2104197053ec0179d03,"['2f70cec41ebe40c1d28488067addec4892818c56', '1056114cfe94e40a82ef63129c7f99e98fa0179d']",Di Wu <1176705630@qq.com>,1618221882,+0000,Di Wu <1176705630@qq.com>,1618246488,+0000,"Merge branch 'diwu-fp16' of https://github.com/mobvoi/wenet into diwu-fp16

# Conflicts:
#	wenet/bin/train.py
"
1b0fdebbe337a990cffce306a3cd5c6b9836aa13,5c55846f195e54b87929b166df284170864b5fda,['477fbbf1044a112bd290ee03c41b0341a084086e'],xiangru.meng <meng1984>,1693534979,+0800,xiangru.meng <meng1984>,1693534979,+0800,"first commit
"
1b195d00b140e726ce4f03fc69740db289ae4cd6,1f820382a7d33a9f7fc9ccbd002ae9d9653cef31,['1bcf4f844158ca67547a2ec0f822250764e41fc9'],Binbin Zhang <811364747@qq.com>,1609725178,+0800,Binbin Zhang <811364747@qq.com>,1609725178,+0800,"refine build hdrs style

Change-Id: I1b9916e05cda382b15586bc816f9463c7394b836
"
1b349819f1640617e48c5d71ee2b5ec84601ed5f,1d56b6da4e4219166e1df88adcf7978960d4a355,['4ac70502d5041f759df3562325dad82dd4d69d07'],robin1001 <robin1001@users.noreply.github.com>,1617067357,+0000,robin1001 <robin1001@users.noreply.github.com>,1617067357,+0000,"Automated deployment: Tue Mar 30 01:22:37 UTC 2021 921f7648e8ced3f7711dfb6ecdc54e99533f337d
"
1b3cb56699e965cb30977e482334d12d00a61eb2,6db3522d585122dac90b44c3f4a5f638870e0240,['5887279abaece9e3f2ec4cc32e1dfd987ff5f639'],Mddct <hamddct@gmail.com>,1702395945,+0800,Mddct <hamddct@gmail.com>,1702395945,+0800,"[paraformer] refine model class
"
1b66a2a8f6625f1a557545aeb685a5a852947e0c,524d609690b4cc3cab7c036cfbd06f4d34445205,['68739d62a96db9fb151fae7a269d1029d948654d'],Binbin Zhang <811364747@qq.com>,1612254450,+0800,GitHub <noreply@github.com>,1612254450,+0800,"[doc] update android app (#132)

Change-Id: I1cbd2ef5430ec57fb9974ff70c9789f70f30b246"
1b67db011de2a1850d71fef878ddc1f24406a721,469eb843ee174b8d00b9f149f1e2e1ebf46c4efc,"['186911676d77f9522a80cc28bd8687ea818231a7', '6271a83e66c437195a9471af7d2bfc11d96690f6']",彭震东 <275331498@qq.com>,1615794101,+0800,GitHub <noreply@github.com>,1615794101,+0800,"Merge pull request #209 from mobvoi/binbin-x86-web

[runtime] add frontend for x86"
1b6bbf2a8e9f35aad5cff0ec55e1a690fc9e1e67,f73bd0b35c6238d159020294ab9bcad08e97a469,['2e8b0eb474fd4bb58b273ca0688f771cdd1e8089'],彭震东 <275331498@qq.com>,1610697085,+0800,GitHub <noreply@github.com>,1610697085,+0800,"[runtime] set FETCHCONTENT_QUIET off (#61)

"
1b7b716cdec7bb35fd5bf8e42ac0d842309f0ac0,3910b2bfd86b3f1fdf99375b6906bf790a87d856,['84c427568b7bb91661faaa5069aa7cda6f24b427'],Mddct <hamddct@gmail.com>,1700477600,+0800,GitHub <noreply@github.com>,1700477600,+0800,Update README.md
1b868798cbf01b7ec86365dbd315bb8e1abc655b,14e65d6072f9e1530f6e44c3710bb051cc3f542d,['7392e6b07317bf02022fba63bf6984dfe628c118'],xiang.lv <xiang.lv@ximalaya.com>,1621430205,+0800,xiang.lv <xiang.lv@ximalaya.com>,1621430205,+0800,"add grpc interface
"
1b89c1a0275169e95433d2a74982e609d4eff833,4deb1f5fa1d4e728660232001a1f592a88c44215,['61ed45524438ae91ac10ad6e6c8d24a34a41bd77'],tongjinle123 <lancertong@live.com>,1651200752,+0800,tongjinle123 <lancertong@live.com>,1651200752,+0800,"[example] add support for librispeech
"
1b8a3c1bfc0b5409456c6733ce353a0e5eeaf379,f8e359a9a7381e3347c19f5ed15d9f45b814d5eb,['7137ba75c37a10af940607f529c0919a52e43a82'],pengzhendong <275331498@qq.com>,1669189077,+0800,pengzhendong <275331498@qq.com>,1669190028,+0800,"[workflow] fix wheels
"
1b8bd394098ce75f4b400f88e152a7d04551bd68,79f335831db2993e0b5e26ba0376ae425b645b8d,['5b4a10291b48279ad5a4fccca4289235cc25d502'],Binbin Zhang <811364747@qq.com>,1631864378,+0000,Binbin Zhang <811364747@qq.com>,1631864378,+0000,"training works

Change-Id: Ib24008ccab278f60641bb853a4c31257b5e829d8
"
1b8c513ae2000c3b02fa8750012784897d293320,3aba5f70f100f74a3a685f97dd9a9a5e4fc394b5,['0e5f793bc708709c233304a0e1b0968190781945'],Binbin Zhang <binbzha@qq.com>,1649558413,+0800,GitHub <noreply@github.com>,1649558413,+0800,add nbsphinx version
1b9554a22b9206179026255f93b2f311de22128a,14594ce636a7aa4897f3f567d4674052b69cb464,['d0297f282028dc9029ec860bcad4adb4b37673b4'],zhouwei17 <zhouwei17@58.com>,1676957198,+0800,zhouwei17 <zhouwei17@58.com>,1676957198,+0800,"[EfficientConformer] support ONNX GPU export, add librispeech results, and fix bug of V2 streaming decode
"
1b96b33f0445b06661253a0c8c2f2b7039282ec4,de95851a9e9d882b8a994b32295d540b7b0652f8,['e09600f472d50af594c152dee7ecd294bcf9fa27'],Fiona Zhao <fiona.zhao@intel.com>,1677652803,+0800,Fiona Zhao <fiona.zhao@intel.com>,1677652803,+0800,"update and fix pr review req
"
1b9f21e6fd93ba019b1c548efd6bcbd0d7c56e25,2cce51d7ca2638c8ed0c5186268047280b84b023,['7a578cef99e7e11719410fac21c835bd8139a616'],Di Wu <1176705630@qq.com>,1621946755,+0800,GitHub <noreply@github.com>,1621946755,+0800,"[doc] add description for gigaspeech (#406)

"
1ba7c46f323ead7b71c4fc96105c566a3f7bab05,c7e25b6377391e24a16d389da7349ad0edc4420e,['377e7205f422202ccd69a0aa4a42634673b3ce99'],Mddct <hamddct@gmail.com>,1711710157,+0800,Mddct <hamddct@gmail.com>,1711710157,+0800,"fix step in continue training  in steps mode
"
1bb79c352e3443bd3625ea6cb3813eb45d45595a,6d6fea9d022060fb741f77bd09c3360dff67492e,['6a3251c73d7277a2b95b10ede8da77e19e9a989d'],slyned <slyned@nvidia.com>,1653555887,+0800,slyned <slyned@nvidia.com>,1653555887,+0800,"remove tabs in README.md

Signed-off-by: slyned <slyned@nvidia.com>
"
1bbc371b16965fd35d4420f558439c03d4e84d74,d348519393dc6c40c836259229d5a2b1b1a441ab,['7c4a5ee19ea28bb5a9b56c612aaca559233fbd19'],Chao Yang <385526069@qq.com>,1611217188,+0800,GitHub <noreply@github.com>,1611217188,+0800,"[fix] remove long or short data (#78)

* add remove_longshortdata.py

* fix flake8 error

* Update remove_longshortdata.py"
1bc7c7bb8904501579ca67eaccbdaa5d5cfafc7e,9b2d43545bcf96fdb42741b790be2274da1fbe04,['6956ace9f11b20ba595572ee75a363aa2435af42'],Binbin Zhang <811364747@qq.com>,1621922023,+0800,Binbin Zhang <811364747@qq.com>,1621922023,+0800,"refine to fix column
"
1bcbf305b0f3abfb0d1319586e040eb89938a32d,b22847ae17ee5ae173813292e71c1e14bb723b32,['da092100b18514dbc4711838758d0b19aabef598'],Binbin Zhang <binbzha@qq.com>,1679303829,+0800,GitHub <noreply@github.com>,1679303829,+0800,"[wenet] remove typeguard since we use jit for type check and inference (#1766)

"
1bcf4f844158ca67547a2ec0f822250764e41fc9,d80e11a1be0e874ebbfb15db9d49260b251164cd,['73d58228caaeff45cc66ec28299d745d18112b99'],Binbin Zhang <811364747@qq.com>,1609402635,+0800,Binbin Zhang <811364747@qq.com>,1609402635,+0800,"refine memcpy in fbank and lock in blocking_queue

Change-Id: I67a17eabbe6ead714bf4797cb0fedb10ceca80a4
"
1bd6942537dc8e6432a67ccbed5706989696f0cc,b6a90865261ca7bef6fbf7d70c8218ddd43df4c2,['55bd8c70431af1627451ad8db0282fd9e41914b6'],slyned <slyned@nvidia.com>,1632386512,+0800,slyned <slyned@nvidia.com>,1632386512,+0800,"change decoder interface to BxT

Signed-off-by: slyned <slyned@nvidia.com>
"
1bd70b01070a7b1603f58dc4d1231b5fbe1ef7c6,7beda4ba7a76bbb386ebc07a75706c3060ca52a9,['808d6179392e8584f5b9d8a97fc4df0006fe0a6c'],Yuekai Zhang <zhangyuekai@foxmail.com>,1675341099,+0800,Yuekai Zhang <zhangyuekai@foxmail.com>,1675341099,+0800,"update config
"
1bf9d1d082383e7b2d03ab40930df6b079a0a092,469eb843ee174b8d00b9f149f1e2e1ebf46c4efc,['473e7c92664acdf7f533849ebe080b12cc99a215'],Binbin Zhang <811364747@qq.com>,1615542216,-0500,Binbin Zhang <811364747@qq.com>,1615542216,-0500,"add frontend resource
"
1bff635c2aa424097fca5689cab1079daaef6ea7,445b80d26085fa996ef60d8c3a74ea7e84314400,['202e3b55eeea019de3f2250da045d7b1b1199dab'],Chengdong Liang <30542401+cdliang11@users.noreply.github.com>,1691985342,+0800,GitHub <noreply@github.com>,1691985342,+0800,"[fix] fix typo (#1946)

"
1c0264f9db5ad6f935e8a7062f7f2a4f5b796b4a,1b217eaf9acd35f995d9a5b7cb7a3888b50124e4,['8664d7a2223076ad9fb11b7920fc24fe67fb26fd'],Chen Xiaoyu <jschenxiaoyu@qq.com>,1613638024,+0800,GitHub <noreply@github.com>,1613638024,+0800,"Update issue templates (#170)

"
1c0890fec97a6787d422231f3fc97a0cb1567e88,818cce5475fa23ca1b91ff357ccbd0767a5d8fb0,['1663990e140c0c009fa7b5c82e15b10e0c05a08a'],uloveqian2021 <88141320+uloveqian2021@users.noreply.github.com>,1635509746,+0800,GitHub <noreply@github.com>,1635509746,+0800,"[dataset] fix a write error (#750)

Co-authored-by: wangbingqian <wangbingqian@boe.com.cn>"
1c1300e4e351f8e22007c73904c7b8584fb9b29e,ccbf1b325ec8d1baa59a535ed0cafaf8c71c2d0b,['223d284206a48733c260dc27f3baa5b67f2fb26e'],fclearner <614478391@qq.com>,1723507464,+0800,fclearner <614478391@qq.com>,1723507464,+0800,"format codes
"
1c139a3050561679454cafaf8efa8bb044bea119,d6f9868073d9067684c6de09378f5a641609203f,['abb64c3c4694ba7ab6e4b27eaecaecd4dea7c460'],victor45664 <blu45664@outlook.com>,1653483154,+0800,victor45664 <blu45664@outlook.com>,1653483154,+0800,"remove trailing whitespace
"
1c2266bcc7bc49c232d7bcd1a02b7395104e0458,ab571973588dceac986cf861f00053939919c07b,['9b5fc9667a0ca13435c9b4672d0d24ed609e85ba'],xingchensong <xingchensong1996@163.com>,1713837208,+0800,xingchensong <xingchensong1996@163.com>,1713837208,+0800,"[deepspeed] update json config
"
1c2c96f20439fa2a76a896d1ff0c21a4721b9d64,340ed70cafa9600f80a75c44378fcd489138d5f9,"['c115339435e048be71a9081a40e6c6bd3790d3e0', '356a8c1756eb6586611a495ad48d8504b1771c03']",彭震东 <275331498@qq.com>,1623221548,+0800,GitHub <noreply@github.com>,1623221548,+0800,"Merge pull request #436 from wenet-e2e/binbin-wfst-rtf

[runtime] refine blank frame skipping"
1c2e7c2819bb4c3ccc0a882c1096eb238b2646d3,b234d611918faec7fbb37ab14f54649b66dbb1ab,['919f07c4887ac500168ba84b39b535fd8e58918a'],Binbin Zhang <811364747@qq.com>,1612254291,+0000,Binbin Zhang <811364747@qq.com>,1612254291,+0000,"[doc] update android app

Change-Id: I1cbd2ef5430ec57fb9974ff70c9789f70f30b246
"
1c4043b74c443c01f9bb6def15337779b7c077ad,ef95f00b9b90d9996cdae689516a5cefd0120be2,['bd3614983132c767209f77d55105bad7de87b965'],wd929 <dingwen929@gmail.com>,1670227678,+0800,wd929 <dingwen929@gmail.com>,1670227678,+0800,"Update README.md
"
1c44284fc49d00a5b1be4d9592050024af4a85c1,924a32340a20f32e8b38faf62d71598e1bd6cc8e,['0829f067b65665fb499db46a5c7ce84d336bf25a'],彭震东 <275331498@qq.com>,1635338539,+0800,GitHub <noreply@github.com>,1635338539,+0800,"[examples] replace 4 spaces with 2 spaces for librispeech (#739)

"
1c47f6b33db5d3f29050fddc95ed27a1588988c1,04e84b0a56fbfeffdb05ad27ed5344d92a31c957,['4f112ef33266a53cdd4bc738cde5d3e51bd4cfb6'],xiangru.meng <meng1984>,1696730535,+0800,xiangru.meng <meng1984>,1696730535,+0800,"first commit
"
1c48068fa180cbdc2af1fa563bc1e7bd2e57b584,1655e9dfcf2ef21d176ffa3956d3b40de115c4b6,['02f3f09407be4230a0911228c2261f9c106bebf2'],Binbin Zhang <811364747@qq.com>,1610447885,+0800,Binbin Zhang <811364747@qq.com>,1610447885,+0800,"move constructor of ConnectionHandler to cc file

Change-Id: Ic34333e60655f064aa0251cc5175ba62e09fd355
"
1c5948bebd61102aa8427697518b98505c2f09b1,cbb995f38f5d7a7b1896332a5628bd65b196b021,['2934c7d8ddb0e8277db18371ec6b0b76a8a82324'],zhyyao <94102052+zhyyao@users.noreply.github.com>,1657710544,+0800,GitHub <noreply@github.com>,1657710544,+0800,"rnnt prefix beam search & ctc+rnnt generation nbest for rnnt attn res… (#1297)

* rnnt prefix beam search & ctc+rnnt generation nbest for rnnt attn rescore

* fix lint

* fix lint

* fix lint

* fix lint

* fix lint

* fix lint

* fix lint

* add __slot__ to Sequence to save memory

* fix lint

* run.sh fixed

* fix args name

* fix arg question

* fix help description

* fix lint

* fix a bug

* fix a bug"
1c5ba3b5cbe896afe012a9f1d2de26671c404b20,e452bf7b457d46c0406fa1b75a4fbac64e74c1c4,['386ceeb20b6608341126fe6ea324b2d3a0d82fec'],Mddct <hamddct@gmail.com>,1657196364,+0800,GitHub <noreply@github.com>,1657196364,+0800,"Update README.md

add ctc and rescore"
1c5caabf800ad82e64b09692bf14205c5a8fcd40,3ccbabd49657d40decbb09a6f18adae586f7ff65,['14d38085a8d966cf9e9577ffafc51d578dce954f'],Di Wu <1176705630@qq.com>,1619005851,+0000,Di Wu <1176705630@qq.com>,1619518708,+0000,"[runtime] bidirectional rescore runtime
"
1c66043d728148ee13fbfa0c37296e941fdb6e32,8865f0930ccea193641e73d0b248f65eddad0ceb,['cacc562e268c1d190c20d897701585cfb0d2a975'],Binbin Zhang <binbzha@qq.com>,1704336474,+0800,Binbin Zhang <binbzha@qq.com>,1704369163,+0800,"[vits] add vits support
"
1c692706b0e982332345eb67bba3b404ab1a9a87,1cff9841e8e5f32f36222b0d43708efa819fc7d5,['b0f6ab8d4096454c31e4e61153e8ca7e48d6681f'],robin1001 <robin1001@users.noreply.github.com>,1632732472,+0000,robin1001 <robin1001@users.noreply.github.com>,1632732472,+0000,"Automated deployment: Mon Sep 27 08:47:52 UTC 2021 1491cceb99c9693e2d421c64fd1955029ba7b7a3
"
1c6f387e77b36731205802c9cccdd5aff97850b0,e5e8863e62b3371e544d80bd70413756ffc826f5,['5ce9c199b3b29befafd3673c5bd37eaece289ed6'],Dinghao Zhou <hamddct@gmail.com>,1711510241,+0800,GitHub <noreply@github.com>,1711510241,+0800,fix list_shuffle in cv_conf
1c741a611653ee5dba3ac3ce7285a42ad63a5f9a,c534a131e1f890e838422825293b411d43a6ff20,"['cacbfa49b3ce1cb2e1283161dc9a265ea8675c75', '13ebbfd7a4c406a11b632c15f725323e465ef9e9']",Mike Lei <mikelei@mobvoi.com>,1606709463,+0800,GitHub <noreply@github.com>,1606709463,+0800,"Merge pull request #11 from mobvoi/mikelei-readme

Improve wording in README."
1c79a0cd8722f2f4c595b7dc5f980d9dc8247edf,b83ebba04c3cf094c69ed3f6edf4cc1b476d8d56,['76956fdb3953672ab74c83d9ea156c4e3bb0534a'],funcwj <funcwj@foxmail.com>,1636544461,+0000,funcwj <funcwj@foxmail.com>,1636544461,+0000,"finalize recipe
"
1c8cfb0320b27bf87758e1441e4ffd723cdcfb03,82ea30b9469e3a8fbe9cee2de43cd514c3bcae6c,"['17f51b34bfc8d8fbb7a9bb5aeeb5a4d1958cf5b8', '07f0a75e96965fedeec5ca576271b80702282a66']",彭震东 <275331498@qq.com>,1620445397,+0800,GitHub <noreply@github.com>,1620445397,+0800,"Merge pull request #362 from mobvoi/binbin-make

[runtime] fix linking error on linux"
1c92d10c3a87d4f7727855925967d97710ad6da2,1ccdad5fd5c2fe858e5c181555133617ab00547d,['c1c117546e650b76900a1cca2c25b409e12474a2'],kobenaxie <572745565@qq.com>,1655967548,+0800,GitHub <noreply@github.com>,1655967548,+0800,Fix absolute position encoding in conformer.
1c933ffa1c30db845ad3cec7acb7ad89e1cdaf7d,0a8dbed99f441de3719e3d94b57726696ea4508d,['428bc1daf5b412e6f5b5623e2c0e2cac5aee46a7'],Shengqiang Li <1312246931@qq.com>,1638504676,+0800,Shengqiang Li <1312246931@qq.com>,1638504676,+0800,"modify README.md, tool, wenet
"
1c956e73efd9f91d969e57ba2d7f748141d80959,6ad323e03e43e3ece24fdba4ae3d4edd369f463a,['fdd7ee8a0ba003ae33b5472cb319564cdb9ffee9'],YYTtyy <535046587@qq.com>,1699518494,+0800,YYTtyy <535046587@qq.com>,1699518494,+0800,"Refine the code of contrastive learing for unified ASR models
"
1c9ccdcc84c53513f94348da4529b0b66c2b39c6,bada03a5d5480ff51034ed928a9cb9d03b7c27f6,['554d1733f9a7b0d782d0337a473aa1a1a39366ee'],xiang.lv <xiang.lv@ximalaya.com>,1621590041,+0800,xiang.lv <xiang.lv@ximalaya.com>,1621590041,+0800,"fix-ximalaya-corp-name
"
1ca866d7916ca3d3b6f26a9581adb84a89b80f02,9f198a5c602a645c4d3ce419be323d1dec465c86,"['0e48e5d2ec825e85f4ee508e231ee7afcb0d8d06', '1ee07cde69c883638b40f89e34a120ba6a8b5020']",Zaili Wang <109502517+ZailiWang@users.noreply.github.com>,1685945238,+0800,GitHub <noreply@github.com>,1685945238,+0800,"Merge branch 'wenet-e2e:main' into main
"
1ca8bfef12e4454deb353f3c62f57f0a467f12e3,40f95f93375fd3d6807ac28c29b0d8547a476a71,['c449647d067a7a0b947e13a9539d1249f28bca1e'],彭震东 <275331498@qq.com>,1612100518,+0800,GitHub <noreply@github.com>,1612100518,+0800,"[fix] fix apk crash bug (#121)

"
1cc8bc8068c5cf624ea44918f12a212deea7e410,3ca12aba6bed401595ce33a22fdf05762747de5c,['2d9219c60bc3ae318e4e5d4ec614ffaf00f1275b'],robin1001 <robin1001@users.noreply.github.com>,1762131953,+0000,robin1001 <robin1001@users.noreply.github.com>,1762131953,+0000,"Automated deployment: Mon Nov  3 01:05:53 UTC 2025 bb43c3f3799deca1fc639c7e8176173e6326a2b3
"
1cc8d526fde3bd5bd380b83122b9bbf88573b649,2cad62ad42225a48084f44e9188430c05beaca99,['af604d35c469f91a0ed7c3852f0da727cac4d68a'],Binbin Zhang <811364747@qq.com>,1617787071,+0800,Binbin Zhang <811364747@qq.com>,1617787071,+0800,"add openfst compile comment

Change-Id: I766814d4636c2ce9371b1f1d511aea5920164660
"
1cd30b74aed2ebc61e6df4812a6fb69eaf7bbc9d,fdd2279b22719705113f3f567b7dccd6c4c3566d,['082ff21deaabe36714c6e81cfeab382775b760ad'],Xingchen Song(宋星辰) <sxc19@mails.tsinghua.edu.cn>,1652113840,+0800,GitHub <noreply@github.com>,1652113840,+0800,"[refactor] bugfix for export onnx_cpu (#1094)

"
1cd74bb34a9bfe0092eb3271e44b7a271278a56f,0ff14b60f7e7ce991461b98f8bc358fa0a2d64b8,['6478db3114eb51d5d4c04b06887a09ff54e86b99'],chenht2010 <chenht2010@yahoo.com>,1626947675,+0800,GitHub <noreply@github.com>,1626947675,+0800,"fix an error (#532)

Co-authored-by: chenhaitao <chenhaitao@qiyi.com>"
1cdd6e0cf25df2818c2d0b214fd16fdd184ddcc5,69ddc7f6706b5719b45aa899f900334eb6d814ff,['978e8ba8d34839310daa184ceff23a831e4d2970'],YHElaina <68215459+yhliangElaina@users.noreply.github.com>,1640228979,+0800,GitHub <noreply@github.com>,1640228979,+0800,Delete text_normalize.pl
1ceb388e4aa43aeadd105270e40744afcda642b6,eac8f9c5c2a08130a68764ca8e897fa90222fb15,['9e5dffda5dc91aa9eb48c4bcdd5f6af566acfc2c'],Di Wu <1176705630@qq.com>,1625479513,+0800,GitHub <noreply@github.com>,1625479513,+0800,Create README.md
1cfe930906aa7779f638aee858fbe94b593143e4,8bd5730e1bc871e6e2e70fa065a4d63f805ecb43,['8c9ac74cb1aefe415adc235941cc6065c3c27057'],Binbin Zhang <binbzha@qq.com>,1678433898,+0800,GitHub <noreply@github.com>,1678433898,+0800,"[doc] Reduce readme (#1731)

* [doc] Reduce readme

* fix

* fix discuss

* remove README_CN.md since it's no long maintained"
1d045af2fb16abd3941dae5aae29d80c51c7c617,f5f0c4ae43d175ccaec92c8617dba36941118a8f,"['4fd5d87ce1b6532ac236f2355eacaf9e3129fa96', 'c6ba987978ce37507292083cca8674aba74d47c8']",Di Wu <1176705630@qq.com>,1622170666,+0800,Di Wu <1176705630@qq.com>,1622171163,+0800,"Merge branch 'diwu-birescore-v3' of https://github.com/wenet-e2e/wenet into diwu-birescore-v3
"
1d14c725baad71c5983f92df9996d87dcb9e92bb,652b1536c8453ca08eaa87b3a86633aa327f7510,['fd40269ae425f81a4f5560e339bdc8fbaaa8d0dc'],junyi <junyi.ducn@gmail.com>,1634611096,+0800,Junyi <junyi.ducn@gmail.com>,1634611228,+0800,"Rename output_candidates to output_nbest
"
1d166969d149290bcafaf046bd274c0735e78690,1dbb252b1014d6cbd5391539578d1acda17ab5a0,['dd363055427f977d40a5815f05e3e59027854027'],Mike Lei <mikelei@mobvoi.com>,1609393085,+0800,GitHub <noreply@github.com>,1609393085,+0800,"[doc] Update README.md (#42)

"
1d166af03650e803d826e89f5e5da50687efe631,6c6dab850302c67546978278d9242da69485790a,['417b5f8d83ab1914dacfa004de874b8ae18326f9'],danqing fu <danqing.fu@gmail.com>,1710849937,+0800,danqing fu <danqing.fu@gmail.com>,1710849937,+0800,"[dataset] add shuffle at shards tar/raw file level
"
1d16a15995bd94ba99994e5b51c77055abfd6678,4eab2f709421a0bd2064e6525e6595646811f926,['cf44b6a2413d0da0b1c34ae18a5d715fee6746f0'],Binbin Zhang <binbzha@qq.com>,1651334180,+0800,Binbin Zhang <binbzha@qq.com>,1651334180,+0800,"add torch dependency
"
1d24d859193d0d47868f35742be8b167abce2cff,fdcf907261fcb8c5af4039f4363c01eae1cc6fbc,['3b63e4372666d5829eb565ff69a0a8481cc84cea'],Lucky Wong <lekai.huang@gmail.com>,1622152117,+0800,GitHub <noreply@github.com>,1622152117,+0800,Update train_unified_fastconformer.yaml
1d353102ef1b5e9847a21fb3518056fc19da1e5b,34c5b76a695df2c3f46aabb28b11d62ecc9e7303,['3ae9e730dbfcf1cf04296bed7bccf37d818e5ef4'],Binbin Zhang <binbzha@qq.com>,1736479341,+0800,Binbin Zhang <binbzha@qq.com>,1736479341,+0800,"fix python version
"
1d4bbfeeab0af3acb62d253a340d0ae05852dae0,901574b042cc82820968a080cb4fe11950c331ed,['eb81dd5e9f19c141e801206559cbf74b513d17c8'],Junyi Du <junyidu.cn@gmail.com>,1635159399,+0800,Junyi Du <junyidu.cn@gmail.com>,1635159399,+0800,"Adapt multi_cn recipe's run script to UIO
Remove variable `feat_dir`, store dataset to `data_${en_modeling_unit}` instead
Make calculating global cmvn into a new stage
Adapt multi_cn's configs into UIO
Enable the use of bpe model in training & testing when `$en_modeling_unit`
is set
"
1d4c61d590ffb74516d5926b41422c4c3eb0aa57,67a0c7c878f831178a0487ebd2753b8aefb764e2,['0c63ea020dcc8095d2493fe67a4d692c9b3b2bd4'],彭震东 <275331498@qq.com>,1612107281,+0800,GitHub <noreply@github.com>,1612107281,+0800,"[fix] fix description of argparse (#122)

"
1d4eb1b6bc0c94b6f5aa83eaacbb17b872e2b87c,1e26c85bb5331cdcf501074d27eb5e03eb83bf43,['60335e0ac9e10d3266017870e93b5d8441a6016c'],xingchensong <xingchensong1996@163.com>,1713088806,+0800,xingchensong <xingchensong1996@163.com>,1713088806,+0800,"[train] convert tensor to scalar
"
1d51214dedf50b34efb19743e0cd495feca1065c,3e6cf0b968527537a8b3ab081afd02d5fd30cd9a,"['3e29129f914e6b45cd321c7972f7d508f475c4e7', 'cc412274639648e76e0bbb2a8269114cf98d3b89']",Di Wu <1176705630@qq.com>,1621104799,+0800,Di Wu <1176705630@qq.com>,1621104799,+0800,"Merge branch 'diwu-bidirectional-rescore' of https://github.com/mobvoi/wenet into diwu-bidirectional-rescore

# Conflicts:
#	wenet/transformer/asr_model.py
"
1d68d5cd80043c87facc26fc9da2659b1288b997,f36e434853d0358624e3f0fee8e0d2703a9b856a,['d9e5ee904417ea70e4a9c021be40f5e37f1b5f4f'],Dinghao Zhou <hamddct@gmail.com>,1714102682,+0800,GitHub <noreply@github.com>,1714102682,+0800,[wenet/utils/train_utils.py] fix log
1d6c721725b38b707c04a863c2bb7184f560d496,5a7b3b223d6f33caecb70ebdd1ca550aab7b73cf,['04acbfb324cbd52447b35db8bcec6970fb38f926'],fclearner <614478391@qq.com>,1721560740,+0800,fclearner <614478391@qq.com>,1721560740,+0800,"fix lora parameters and description
"
1d72c9e558f64cac39a071641cbd4f2189e80711,8519f4cad49f000f04540e1561bbf1831ae49922,['374d0f4a71964de1f493f504db878efccb21ea53'],Binbin Zhang <811364747@qq.com>,1634181839,+0800,Binbin Zhang <811364747@qq.com>,1634181839,+0800,"[tools] support segments in make_shard_list.py

Change-Id: I70f4c74e1a0cb744823465f8e637caa55cba4ff7
"
1d74eef2f2f3d281918a90ea6a64aea7ac750ccb,04ea00f5e56e89aa76b780f80c8453422bedcf13,['cd0d9cbe340db0c63a8dc4bc64e70a02be97dc91'],pengzhendong <275331498@qq.com>,1670044225,+0800,pengzhendong <275331498@qq.com>,1670044225,+0800,"[runtime] fix onnx asr model
"
1d7a2960b1bf72be795feef25d48c86162454a24,165705ad312d22c9512da7700b5694cd4ae1cddb,['1913751ed4844d89275473f11961caf6585bb1a2'],Kai <kli017@ucr.edu>,1684377412,+0800,GitHub <noreply@github.com>,1684377412,+0800,Delete attention.py
1d7fdfc7530adea00112bb4e4eabd818af24dff8,e48b9aa3feb4fa8a002bfb4b83d751832b12ceab,['b6e2274c40d7be15887e2d2b7016c570d5f55782'],Mddct <hamddct@gmail.com>,1688972135,+0800,GitHub <noreply@github.com>,1688972135,+0800,"[transducer] support k2 rnnt loss and delay penality (#1909)

* [transducer] support k2 rnnt loss and delay penality

* fix lint

* fix lint

* fix lint

* fix lint

* fix smooth pruned_loss_scale"
1d8c60d3bfb53479daae2c62fd30c9f392e6e691,c895903cb860f6b06452d9c408583d67e99a5f14,['e01f7ecccddb2f42ba67acd7181cdca7a9225a7f'],Binbin Zhang <811364747@qq.com>,1613807055,+0800,Binbin Zhang <811364747@qq.com>,1613807055,+0800,"[runtime] left chunk compile ok, but fails for conformer

Change-Id: I3738928e0a76f55066a3c01801753624350bdd64
"
1d989734625ab59126c5b4e4ecabc04b83c5ccce,bbd2ba099a63bed2ae86f502c5d019c3428c9c7f,['a5f6f4b95e8885ff904607ca92f8f2c739f6a8fd'],xingchensong <xingchensong@users.noreply.github.com>,1708563755,+0000,xingchensong <xingchensong@users.noreply.github.com>,1708563755,+0000,"Automated deployment: Thu Feb 22 01:02:35 UTC 2024 5dfc9dcbd4f6fa050baa297b9d0fe2e38a4aaa0b
"
1d9b0bf066aae3170c8c084ead6260f1f76b4fe5,1b6eca4ef9bee34aa7a30d86a29aaaff954e4bb4,['693a216efa1a990782d122646a041ed32dfa1362'],learner <yygle@qq.com>,1667891089,+0800,GitHub <noreply@github.com>,1667891089,+0800,"[wenet/squeezeformer] compat with websocket server (#1544)

* [update] compat with websocket server

* compat with decoder chunk size -1

* fix format issues"
1d9e1621c8983692797af83b773eb2e63323835e,3ac76812faf550716cf83a7b8562ef7beca7f135,['02d4c9c90ec1cad67cb72f985c0ba00c6c0972e9'],zx1116 <2015301500028@whu.edu.cn>,1658303119,+0800,GitHub <noreply@github.com>,1658303119,+0800,Update README.md
1da0acccb5464f40e697f2879fbf8234e2bd3dd6,b1a11c189b35bc79a3b321e0e734495865833dfd,['99cc64bc8cd7acc480f2090c441cf37bc7055962'],彭震东 <275331498@qq.com>,1669304290,+0800,GitHub <noreply@github.com>,1669304290,+0800,"[runtime] update libtorch to latest version (#1582)

"
1da83dfbe604f20d1a0fab2173c202f6ca1f8dc7,943e5e5df822a170c417abc44ed0bb18eb0188a0,['5af9a5ac6050b22d25ca9a19026d6b9a70938086'],陈杨 <77878123+chenyang399@users.noreply.github.com>,1693551583,+0800,GitHub <noreply@github.com>,1693551583,+0800,Update ctc_util.py
1da8b0ba17b1a9dfc7180ee68b69df80b4fb7e0b,23ecb2f306b8190820dd29be3f28e3f7ddd20a8e,['01ada04ebc39680ae57128ef88c93635f826697f'],Xingchen Song(宋星辰) <xingchensong1996@163.com>,1712718017,+0800,GitHub <noreply@github.com>,1712718017,+0800,"[env] update python version and deepspeed version (#2462)

* [env] update python version and deepspeed version

* [env] fix lint"
1dbfb92c03e471dff838ef8986612a9f10a91037,6ed6ff90ba632561bf6eb8c03fa8bd21a0e2657a,['4a06015ab4be1e71a7d6ce5e9bb057583ac2f552'],Binbin Zhang <811364747@qq.com>,1609335219,+0800,Binbin Zhang <811364747@qq.com>,1609335219,+0800,"[runtime] refine runtime style

Change-Id: Id2f9c014b9683a85ef3c401f81cf5c1135f25f44
"
1dc2d7990489954c0cda4b3952da4ecc8f3954e3,d57d49f9fcc0db3dd33d8087025b2381e555ea28,['51a10fad657218237992f4b22a156dbcaea1e544'],Mddct <hamddct@gmail.com>,1701148807,+0800,Mddct <hamddct@gmail.com>,1701148807,+0800,"[text] fix none type in test_whisper.py
"
1de724021a587b707aa064e38b3850db1045e371,86d17a68881340366e705826e1ddad7a7791c45a,['9958a559a8f5e5815acb09471390dfcd7f5b97c3'],Mddct <hamddct@gmail.com>,1712904204,+0800,Mddct <hamddct@gmail.com>,1712904204,+0800,"fix positoin
"
1de72b18b2310de99d4b736183fb62de1b7249fd,6dabd55e52a894b7de56eb6a6bade581930e0c8c,['79bbaddd4983aabfaa4b795cfc162ccedc1233f2'],mackong <mackonghp@gmail.com>,1660724460,+0800,mackong <mackonghp@gmail.com>,1660724460,+0800,"[doc] update onnxruntime README
"
1dedc452bad32b62ece258c23352843d0351a166,ed416d8a0ea491c303d2f2c981b5c7251f562150,['6171577777e6dca47d10a68da544353ecd55edf0'],彭震东 <275331498@qq.com>,1634983828,+0800,GitHub <noreply@github.com>,1634983828,+0800,[examples] remove useless feat_dir
1df1f84058b73fc0af963dc732fda963ab053af8,3928e9e3ad3f87c7bcd23e479762cf3555c7e423,['79d192c51d63899ec6ba8bac8bef51c4167c212f'],Binbin Zhang <binbzha@qq.com>,1634288966,+0800,GitHub <noreply@github.com>,1634288966,+0800,[doc] add license on pretrained models
1dfbffbd6ace65a7fc2b3acbb2ce832bbd914de1,d2c4c69a31d37998c63f6b88d6a4983fde57c1a7,['3c88883069fe0ab633572feef77018660349de01'],Di Wu <1176705630@qq.com>,1612243413,+0800,GitHub <noreply@github.com>,1612243413,+0800,"[doc] recorrect s0 librispeech model link (#130)

"
1dff65d4976b01e3c337ef1bbbb390a9991fb6e3,696f977a7b773a8ddb1133a3811b3319e9608301,['5557f46e960cc1fbe4cca7340b4518e939c576c8'],Chao Yang <385526069@qq.com>,1609826778,+0000,Chao Yang <385526069@qq.com>,1609826778,+0000,"add cmvn file and script
"
1e0a140a9b6c017b578d6244a0dc1f98abe3245d,631b2668d118b21b472e75d5845f6f5aeae2e328,"['a316408b6167744a016b93f1f38278e7cfbe4bc5', '7f09827b1a35a900e6e76a2c1f4f0bc7715414bc']",tongjinle123 <lancertong@live.com>,1652764368,+0800,tongjinle123 <lancertong@live.com>,1652764368,+0800,"Merge branch 'graphcore-support-libri-aishell' of https://github.com/graphcore/wenet_dev into graphcore-support-libri-aishell
"
1e13400e408ca69b8201e73184da6e82f669a06b,8bd5730e1bc871e6e2e70fa065a4d63f805ecb43,['c44526f68e9d3f21f487c1121ebc9a3dd2114827'],Binbin Zhang <binbzha@qq.com>,1678433584,+0800,Binbin Zhang <binbzha@qq.com>,1678433584,+0800,"remove README_CN.md since it's no long maintained
"
1e24b5086a4ee1bfc057017722eddef87264edc4,3b315bded0236a9931ae489448f6b15918edd572,['1ed0e6bfc011fd28d78c493f5da20bb23e0ca7c4'],Binbin Zhang <binbzha@qq.com>,1658369969,+0800,GitHub <noreply@github.com>,1658369969,+0800,"[doc] add news (#1323)

* [doc] add news

* fix whitespace"
1e2af87bcfb6fee06aa0bf8c10df7f4b4a394634,1a5a20a10ccb2eb7515f2ee7246d998f5af2e426,['e8a0a2480adf35f5288b2e947c0a7b2ec221ff9e'],veelion <veelion@gmail.com>,1667534266,+0800,veelion <veelion@gmail.com>,1667534266,+0800,"change reference to pointer of non-const object
"
1e2c7e0da9f52be08e94aabc43a78a66be1c7ed2,b043f981ee7ff89cc33e05ba9177ca55d7679d4b,['3dfb0a0b563f2493cecc19d6de3c0a09b97a7f00'],ziyu.wang <ziyu.wang@gpu-dev035.hogpu.cc>,1630403256,+0800,ziyu.wang <ziyu.wang@gpu-dev035.hogpu.cc>,1630403256,+0800,"Add support for distributed training based on HDFS
"
1e3997f7a0078d7cd22af71674b5bcbe7bef0e9b,1bf497b3e7d6def346928896ec38c1ad7b1590dc,['5d363fa2fd5932e3afd9619679fdc7c22045653a'],Binbin Zhang <binbzha@qq.com>,1653016109,+0800,Binbin Zhang <binbzha@qq.com>,1653016109,+0800,"[doc] add wenetspeech pretrained models
"
1e3a74fb8bdcf25e00071730bacc7e2d7638c9f1,6bcc089b99c575f18fd44b0664e7cde002feccf4,['8ba722a89757293a5b2a5f519199535688c9008c'],pengzhendong <pengzhendong@users.noreply.github.com>,1623221598,+0000,pengzhendong <pengzhendong@users.noreply.github.com>,1623221598,+0000,"Automated deployment: Wed Jun  9 06:53:18 UTC 2021 1c2c96f20439fa2a76a896d1ff0c21a4721b9d64
"
1e41401196c0b4a68500f70dece6f79cf3f945a0,546b511d4ae2a412c3a00a9d8ef9dccf07845837,['a125d58a03e38c5445c721c712b15bd299e9f710'],Mddct <hamddct@gmail.com>,1708517669,+0800,Mddct <hamddct@gmail.com>,1708517669,+0800,"rm print
"
1e4b079a714db57ffe92b5a73b5cd09012d7b4e9,7b43a7b77edde90da004e25c33c715614846bb4a,['ef6e9af95bbf5a3aacd240f27f1dfb23f4cc1cdc'],Chao Yang <385526069@qq.com>,1610421808,+0000,Chao Yang <385526069@qq.com>,1610421808,+0000,"use torchaudio recipe as s0
"
1e50eaad07d2a152eb300262dfbadb6727b7ad9b,8e110cf17bebcb279a37ca1c0a75b01b88ce79bc,['81e48d85d05ac58c107f049f9b573be372bedcea'],Mddct <Mddct@users.noreply.github.com>,1715481448,+0000,Mddct <Mddct@users.noreply.github.com>,1715481448,+0000,"Automated deployment: Sun May 12 02:37:28 UTC 2024 704a5bbf3e06386748bdb8ec959b973b2ac8b1d5
"
1e6ad68e9eee6e0accf84c2b9774e00d0ca07052,ebcf0e79943608374193b9ac8cc25e2503932ffe,['e232e6d88d2051b279161fd092b48998fc09f300'],Di Wu <1176705630@qq.com>,1621909503,+0800,GitHub <noreply@github.com>,1621909503,+0800,"[examples] add gigaspeech recipe (#395)

* [recipe] add gigaspeech recipe

* [recipe] add gigaspeech recipe"
1e6ae6a2addb29d78020f7fb5310b5ba55d22de4,087bd6c0e9115ec90573afaac595aadd305c6c4e,['fc105e8e8d42a4d586aa52eca947e2027aeb77b2'],Binbin Zhang <binbzha@qq.com>,1650884019,+0800,Binbin Zhang <binbzha@qq.com>,1650884019,+0800,"refine
"
1e6f751e1783c6835be5e4a0cb5e45424dcfc07e,f1b6e1111cdb4aadbe02e21b53d3ba3f3dca90ee,['d5a565e490c9a020c048e1c917918e6938dfebf6'],彭震东 <275331498@qq.com>,1649343039,+0800,GitHub <noreply@github.com>,1649343039,+0800,"[docs] update docker image name (#1020)

"
1e8cbb6a8df0bfa0acc535fe47e23b56e4b8422d,c5459a309de5e126204a03804af2a3c1b54dc2cd,['2a1ef2b849af1fa66dcddcb382cf380efb675353'],Binbin Zhang <811364747@qq.com>,1607681918,+0000,Binbin Zhang <811364747@qq.com>,1607681918,+0000,"remove position encoding cache again

Change-Id: I81a34c9110fd6156fb30df54aaa116de25a5806c
"
1e98be2f19cd89fbc4c4959dae52203c876a24c8,79a81e28f56cd35d098dceed18c20ca45f78a531,['c02297f13055b60d51ee92e6cefca150b476a185'],whiteshirt0429 <whiteshirt0429@users.noreply.github.com>,1628673705,+0000,whiteshirt0429 <whiteshirt0429@users.noreply.github.com>,1628673705,+0000,"Automated deployment: Wed Aug 11 09:21:45 UTC 2021 23a61b212bf2c3886546925913f5574f779f474a
"
1e9faaf4ff483fb467ef49a0803b2cb1d51ece1f,39e418caa9e396d248bbd5c2ce2d56e7c22c3a52,['14ffae6087d5ed94c12c2eff98efc69e07f20b63'],veelion <veelion@gmail.com>,1666663664,+0800,veelion <veelion@gmail.com>,1666663664,+0800,"transformer decoder has no 'reverse_weight' in confi
"
1ea0876bb6f68b9789936d32d1a04ff253459918,fdad630a4290532a30297bdc78c44d84595131a6,['de5ae8f9a72d17d8440216bc381249c6a2503aa9'],robin1001 <robin1001@users.noreply.github.com>,1674970536,+0000,robin1001 <robin1001@users.noreply.github.com>,1674970536,+0000,"Automated deployment: Sun Jan 29 05:35:36 UTC 2023 f80814109851f79002c163b34889cec9d0caf777
"
1ea6f572b75193a656cb0f771753dc93215c3953,597a4e103d07870c4af90e25575fe5d2967d3d32,['d3f4a66f7aba75bb5a9e8223a5fa2f33b3248a8b'],robin1001 <robin1001@users.noreply.github.com>,1642658596,+0000,robin1001 <robin1001@users.noreply.github.com>,1642658596,+0000,"Automated deployment: Thu Jan 20 06:03:16 UTC 2022 b3d3901710e87c3bb6fbc534295267aaac3759aa
"
1ea7515e4722f4e05a5985f587120c994a93694a,8d179c0d56b319194f02a89c752414176cf6d397,['a42643917aadc1aeccfad38b0c359dcf771e1585'],Di Wu <1176705630@qq.com>,1611750529,+0800,GitHub <noreply@github.com>,1611750529,+0800,"[doc&tools] add librispeech recipe (#104)

"
1ea804b0f613bce4f45e0a205189f1eb9623ff19,1aea599948c4d028c65587d3d8240cdcf1deb0f7,['3756b077d6215bf9df2f990ff0cb0c78af5fb511'],chwma0 <75061355+chwma0@users.noreply.github.com>,1614954783,+0800,GitHub <noreply@github.com>,1614954783,+0800,"[fix] Polling gpu (#192)

* [fix] poll for gpu id when decoding librispeech test data set

* [fix] poll GPU value by index"
1eb67470484fd979ae0f46a6ad509b7c15968d78,c1f574afe4d30657718b49950717860f6f7ff36c,['cbb4b379e9fb9ed8fb48732145ae5c2dcec5024b'],xianchao wu <wuxianchao@gmail.com>,1639699221,+0000,xianchao wu <wuxianchao@gmail.com>,1639699221,+0000,"update code format following flake8
"
1ed0e6bfc011fd28d78c493f5da20bb23e0ca7c4,65a477cf10697413b31115c86a57fef5294f1da8,['e541418883a9a05d559dce06a52b8e8a55db4007'],Binbin Zhang <binbzha@qq.com>,1658368647,+0800,GitHub <noreply@github.com>,1658368647,+0430,"[doc] add rnn-t in roadmap (#1322)

"
1ed21e543a067d0880344577ab5912cf7dc45e10,93ae731decf48b7320cbd0045831420f46195f65,['ea9fd51e5d91d240663375877958c3ffef57fdb0'],slyned <slyned@nvidia.com>,1636027380,+0800,slyned <slyned@nvidia.com>,1636027380,+0800,"remove trailing whitespace

Signed-off-by: slyned <slyned@nvidia.com>
"
1ed29727631337bc76edc72af0ce08320b20886d,7ae9541e31af8934b70f5cc74a3f468fe0f23424,['860b73a350ddec6ab8a42c715dd5fd92c1dd71f2'],robin1001 <robin1001@users.noreply.github.com>,1620270212,+0000,robin1001 <robin1001@users.noreply.github.com>,1620270212,+0000,"Automated deployment: Thu May  6 03:03:32 UTC 2021 0b4a63d71801224c0bcdc433b48ebcbab80f456f
"
1ed2c1e51f418339f541ce0a4150b27b00a4a87a,e7859be659aaf96cdebe840a7434aded6cd2bb81,['a95baf0cccc3bd58fed512438772618e1af8ea37'],Binbin Zhang <binbzha@qq.com>,1679285566,+0800,Binbin Zhang <binbzha@qq.com>,1679285566,+0800,"[cif] remove concat after in cif
"
1edd6ce1dc4924b6d767889f0a2cd82ba3b20573,42aa1a20fd899762409bb56825c973c71e344ca7,['220caf685f0e38c07010049e93b8aab7a9440741'],Daobin Zhu <37605608+DaobinZhu@users.noreply.github.com>,1706865746,+0800,GitHub <noreply@github.com>,1706865746,+0800,"Update transducer.py

fix 'th_accuracy' not in transducer"
1ee07cde69c883638b40f89e34a120ba6a8b5020,9f198a5c602a645c4d3ce419be323d1dec465c86,['abcc9c57acbb534ae761b0fc61ef86c7610d2d94'],Xingchen Song(宋星辰) <xingchensong1996@163.com>,1685924692,+0800,GitHub <noreply@github.com>,1685924692,+0800,"[doc/onnxruntime] Update README.md (#1874)

Remind the user to align the chunksize in the decoder flag with the chunksize used for exporting ONNX models; otherwise, it may result in a segmentation fault."
1ee78223cc1efad9b51a57285691d724d704f85b,936fa078a68be6b80c228505f61fcd06bbc4bf4d,['ffee0e17b4bb49f8c00bbdc24da8e68cdf51f63b'],Xingchen Song(宋星辰) <xingchensong1996@163.com>,1702461926,+0800,GitHub <noreply@github.com>,1702461926,+0800,"[examples] fix bug for bpe decoding (#2234)

"
1eebda820c24ea26d2fba62219da60c033fcb41a,6532b1cca50bebe5321378591c2e9184b325b889,['890d4bacb23a71f5ca9e39a5a1af32541473a14c'],彭震东 <275331498@qq.com>,1621236566,+0800,GitHub <noreply@github.com>,1621236566,+0800,"[runtime] keep change log of the patch (#384)

Co-authored-by: zhendong.peng <zhendong.peng@mobvoi.com>"
1eec95b373e22e9a0c6686dd87636d47ad04ab3f,8e1eef40466563badfe25ef69835fe6e9a2fbd54,['604231391c81efdf06454dbc99406bbc06cb030d'],彭震东 <275331498@qq.com>,1629091323,+0800,GitHub <noreply@github.com>,1629091323,+0800,"[docs] update multi_cn unified_conformer result (#568)

* [docs] update multi_cn unified_conformer result

* [docs] update model name"
1f0fba41419ab0b38f818a8a8ea07053954bc043,42b044981497035c89b6afbaedfd00f0fb516501,['6aae6efb74571b2d185899fbc72987e1a495c857'],Dinghao Zhou <hamddct@gmail.com>,1713330577,+0800,GitHub <noreply@github.com>,1713330577,+0800,"[ctl] simplified ctl (#2483)

* [ctl] simplified ctl

* [ctl] unify"
1f2a91e8dc6288f8b68db08850f131da65f2a450,098d2967ae7b3898d3a2be7a8757c8027f152ac0,"['a76e19faed39d1079e521db9f33d3435b9e1e65f', 'aab4c3e8a6a0ace5571f416e8718b9cdebe227f0']",Di Wu <1176705630@qq.com>,1622461694,+0800,GitHub <noreply@github.com>,1622461694,+0800,Merge branch 'main' into diwu-bi-runtime
1f2c8c0c1b9aa99a42b9a180ae9309fd6b52090e,be955dedeecf13a65e19f4438575c8a525242b36,['29c7a933c7b9265a41ff8cc2b23352ff6230c410'],robin1001 <robin1001@users.noreply.github.com>,1678851618,+0000,robin1001 <robin1001@users.noreply.github.com>,1678851618,+0000,"Automated deployment: Wed Mar 15 03:40:18 UTC 2023 c945638dd910edcbe407244cc081ba32f3a68226
"
1f3fdf8cf21feaeaf91788f28a6a77ca46bd38fe,c6837c5e3e679bf1abbce738aab627dcc8fffdeb,['a2ea4b8e007ba2a13346a44941e3a76b43449335'],robin1001 <robin1001@users.noreply.github.com>,1659664903,+0000,robin1001 <robin1001@users.noreply.github.com>,1659664903,+0000,"Automated deployment: Fri Aug  5 02:01:43 UTC 2022 5c456868732bb32c438b989de3dfa256e74fdc95
"
1f4389dfcd6aaa3cb527061208f1b13d8d119f71,cfc2e85f32f5dd07abca7a0e6fb098ee16e35040,"['aee043b6942a834f6e6bc2435a9f205292cdfdcc', '92ac245dd67ea18e9088ed4e6740cc5376dc842f']",彭震东 <275331498@qq.com>,1617158580,+0800,GitHub <noreply@github.com>,1617158580,+0800,"Merge pull request #268 from mobvoi/binbin-update-readme

[doc] Update Readme.md"
1f49fb6afc042cbdd8fa0a006b790c67ea9e0b31,5e38bb87005b7988236efb6cd22fe92057005653,['5ac0ba7eb03ca7533b80f33c608f209f33b9faf9'],qweasdzxcvde <35418904+qweasdzxcvde@users.noreply.github.com>,1660299440,+0800,GitHub <noreply@github.com>,1660299440,+0800,add incremental_context_score
1f4a8b3b6337482013f564440e4bfe23ead64f40,85afda730ea20c28063353495a29263cc509c5b3,['084c8436a181831ca8a0ce09dffe0837f0cf2331'],yygle <yygle@qq.com>,1663244467,+0800,yygle <yygle@qq.com>,1663244467,+0800,"[update] change residual connection & add copyrights
"
1f57f5828a10669a31cbb8b2125cd88433b0b41d,b09f82066b9abe0f5c07dab07653699f4fc80df1,['26f129e1ba53c99ba7e8e0aaf3d0e4b7402b7401'],lsrami <getwebshells@gmail.com>,1723536365,+0800,lsrami <getwebshells@gmail.com>,1723536365,+0800,"[Fix] fix code style check
"
1f5f7d6c559740a93b855036c56d7dc62d45f1b0,566252fe218219893ecb55ef464c60ccce0e0d51,['9230888b649c66ebcaabf1a61a74edb459873e32'],Di Wu <1176705630@qq.com>,1616081802,+0800,Di Wu <1176705630@qq.com>,1616120570,+0800,"[fix] fix bpe model load tag
"
1f63b3dd39c7aa9651b09d72bd640a826a1826a0,429e86041704347c4fdef7d4d4cb824194561d45,['5664ece7738faf783d540ee7219e0ae5672d181c'],Chao Yang <385526069@qq.com>,1624000547,+0800,Chao Yang <385526069@qq.com>,1624000547,+0800,"refine
"
1f75098458ac51a874ba67eed326720f5e7ad5eb,032e829481724655113dfe324c80b9a3bc56c979,['a332081acc40d86ba38f3af20ab4fbd9729e9c30'],Binbin Zhang <811364747@qq.com>,1612751472,+0800,GitHub <noreply@github.com>,1612751472,+0800,"[doc] merge develop to main (#155)

* [doc] add new s0 aishell non-streaming result (#143)

* [runtime] use release package instead of git repo (#145)

Co-authored-by: Di Wu <1176705630@qq.com>
Co-authored-by: 彭震东 <275331498@qq.com>"
1f7737332d3c456c3144722257f76c0d4bcd26fd,258779e837b7e5da983af6cf6656919f70cfc5c0,['0e6d329643495e91b97d4219b3d054b33d454b2d'],Mddct <hamddct@gmail.com>,1698736058,+0800,GitHub <noreply@github.com>,1698736058,+0800,"[paraformer] delete training relatd and simplified paraformer (#2093)

* [paraformer] delete training relatd and simplified paraformer

* fix lint"
1f77733837b50baad13e5a40403804a00966a33a,a11b5dc20020d84bcab460352074fac9dd7765c2,['d904209a7e8b3dbe2c2586c4b77d00cb4dbf60ae'],wrz1999 <609519258@qq.com>,1651253433,+0800,wrz1999 <609519258@qq.com>,1651253433,+0800,"debug_14
"
1f850992be8715882be1568a626ab86d99a9ef7c,108be9944a6df74afb5ea0d0b7cb3a1b35250515,['b6fb05b61fdf5061cf4e96cb29decfdc62158dc7'],Xiang XYQ <xiangxyq@foxmail.com>,1648175166,+0800,GitHub <noreply@github.com>,1648175166,+0800,"fix export wenetspeech wav format error (#983)

Co-authored-by: chenjiang <chenjiang@huya.com>"
1f8e1c51f4f685282b30077642c701837265925f,ddd898934647d7b3be67dd70276c22e3f212bb35,['67b28a50ff452e1133562e4d731d69498a7dc458'],lishaojie <95117087+manbaaaa@users.noreply.github.com>,1701941278,+0800,GitHub <noreply@github.com>,1701941278,+0800,"fix bug (#2200)

* fix bug

* fix bug

* fix lint

* fix bug

* revert the modification

* fix lint

* fix bug

* fix bug

* fix bug"
1f987e23d3a2b40c4d39421a2a785534ad341afe,2e78fe27818deb3a054050435d5b202cc7a2666b,['61021fdbb64883d042119dafb93a5e6e28cc2e65'],yougenyuan <yougenyuan@tencent.com>,1634795591,+0800,yougenyuan <yougenyuan@tencent.com>,1634795591,+0800,"add related kaldi files for data preparation
"
1f98dac55573fdc561c43b599a878f81932eff51,2863903ec0dc3c177c8fecc4bbb055614bb30592,['bb0c68beee5cdcfaba18ed558a794a0be4db5622'],xingchensong <xingchensong1996@163.com>,1700051175,+0800,xingchensong <xingchensong1996@163.com>,1700051175,+0800,"fix(example): correct symble table
"
1f9cbfa209cc3647bb73a72a5065bf1993f08a03,a295b9f92981b4171539c1fad3202028ee7c02eb,['fe0e9e09a519b637c0f4d06f6d642b3442a65ebb'],xingchensong <xingchensong1996@163.com>,1702359473,+0800,xingchensong <xingchensong1996@163.com>,1702430769,+0800,"[refactor] try to pass ut
"
1fa0892ec98dd6ec129d57ff37ed7f57a4a3b941,70cdd89fa208d6ba8575edd398a9b0d9dab5079b,['f3ae0d936d4317af0c78c9d36cf9b54d87b759b1'],Binbin Zhang <811364747@qq.com>,1617712914,+0800,Binbin Zhang <811364747@qq.com>,1617712914,+0800,"refine endpoint

Change-Id: If35a8f00218346b42bf8cdd2f77e34d7ed8e44bf
"
1fafec369ca6365dd19f1ee9805a08ea3c91f41d,38cab382180df8541332faabcb910ca77f02a2fe,['f40bddf6fd6bad743f0391dfb2cfaffe55e42b46'],Binbin Zhang <binbzha@qq.com>,1757496461,+0000,Binbin Zhang <binbzha@qq.com>,1757496461,+0000,"[cli] add whisper family models
"
1fbcf7daeaf4da2fab015a13484b355d0b10b039,3fb592c64655edad42bc7cef272b0b2802498c0c,['d01276ac43b7037436cd29eeb25090fc4d8de7d9'],Binbin Zhang <binbzha@qq.com>,1637286941,+0800,Binbin Zhang <binbzha@qq.com>,1637286941,+0800,"fix lint rule to avoid false alarm success
"
1fc933332f3b3d6d1416bb3900e1f6dc727b3f05,045d64035eda2b27147550970c514c79540330d6,['5cd3c57b9d01eb49c5be80731cc85baef4e5847b'],Binbin Zhang <binbzha@qq.com>,1693320915,+0800,GitHub <noreply@github.com>,1693320915,+0800,[fix] fix python binding version
1fca39e458c7fc1593102022b637cc63faff0127,b2d67ea0a6cce29645e5a7a7f60d36435b34a344,['1f49fb6afc042cbdd8fa0a006b790c67ea9e0b31'],qweasdzxcvde <35418904+qweasdzxcvde@users.noreply.github.com>,1660562926,+0800,GitHub <noreply@github.com>,1660562926,+0800,Update context_graph.cc
1fd7c970b80010fea5f48ae84c0a098355132c18,3634b4a292476330642975356b6e47c5ec44805d,['26ba7d1332026ba5941e6ecb1a03abd06e091c27'],xingchensong <xingchensong1996@163.com>,1713085276,+0800,xingchensong <xingchensong1996@163.com>,1713085276,+0800,"[whisper] limit language to Chinese
"
1fde275c2258c9d38f72dad2175bd4e8cf0f661c,369f7ba7f708cff1711e717182b06f23fe6d351a,"['e8cacab22943a1ff85abbb39944e5e037d2c0489', '6aae6efb74571b2d185899fbc72987e1a495c857']",Mddct <hamddct@gmail.com>,1713331871,+0800,Mddct <hamddct@gmail.com>,1713331871,+0800,"Merge branch 'main' into Mddct-simple-ebranchformer
"
1fe49f59f35a143ed7d3a87aedb4432882331517,b86d98494bdef118e77ffbbeddd3d0a31ae5ce1c,['2f9d14067b3b114d60b0b9c07bc124fd28936a74'],Mike Lei <mikelei@mobvoi.com>,1608783902,+0800,GitHub <noreply@github.com>,1608783902,+0800,Update tutorial.
1fe749f3c54ef68e29b9e49f2397ea09b7d74134,7688e4bbc5fbb23dde7a038187b378e8720f18d6,['f346e8192fbac800750ae0eb6950be8ad60ab375'],pengzhendong <275331498@qq.com>,1723018559,+0800,pengzhendong <275331498@qq.com>,1723018559,+0800,"[utils] use force_align of torchaudio
"
1feea35a91ec61ef826cf0ac18ce3013b0dcc321,47e869a6a0cbe3615db47f81fead9d70f9ae501c,['f3a434a769b5771ec5112b7feb630865b5b49bf6'],Dinghao Zhou <hamddct@gmail.com>,1712050064,+0800,GitHub <noreply@github.com>,1712050064,+0800,"fix export_jit.py (#2455)

"
1feec1c63c705b42db4f3f8afed50afee19d34df,edcfb09f179a8b92636868499eab2cdf6e1c30fa,['65270043fc8c2476d1ab95e7c39f730017a670e0'],Genjun Liu <genjun.liu@liulishuo.com>,1623306790,+0800,Genjun Liu <genjun.liu@liulishuo.com>,1623306790,+0800,"[runtime] thread safe fft
"
1ff7607963ea12bc37c80d5f14c0bb8de4fcc033,1cff9841e8e5f32f36222b0d43708efa819fc7d5,['e48f9c5d274685e09b08b98e7eebf8451980f7df'],robin1001 <robin1001@users.noreply.github.com>,1633662324,+0000,robin1001 <robin1001@users.noreply.github.com>,1633662324,+0000,"Automated deployment: Fri Oct  8 03:05:24 UTC 2021 374d0f4a71964de1f493f504db878efccb21ea53
"
1ff987a4f7bd5cccb48be5701f7d2c99734c0bd9,df569b82834ebb9024e4fcc9c932d25f0a36abc0,['4ebc73fc1fbb79c1abc897b97980cdc84f43b2a0'],Emiyasstar <emiyasstar@outlook.com>,1646838991,+0800,GitHub <noreply@github.com>,1646838991,+0800,"[examples] openasr2021 recipe (#972)

* openasr21

* fix

* fix format

* fix

Co-authored-by: aydentang <aydentang@tencent.com>"
200b08553ea9f7cd1b6be79c88e1c627d78682fc,5609782dad50bab80191fea059ab1b3ba1601911,['ba27ffea9c4996658be7189d474d74c20588d7e4'],robin1001 <robin1001@users.noreply.github.com>,1757117314,+0000,robin1001 <robin1001@users.noreply.github.com>,1757117314,+0000,"Automated deployment: Sat Sep  6 00:08:33 UTC 2025 f88c4130662c8d8eb1c9f617c287dc89e9c8c2ea
"
20146f45c8c4f366939f9e3f02787c61450e9eb1,78779171c09254f5568c174c22537e7dac3691ce,['30b5677652a119230ce87bed68a34e140ba77c14'],Mddct <hamddct@gmail.com>,1698143796,+0800,Mddct <hamddct@gmail.com>,1698143796,+0800,"cli work
"
20221ba27508273ce06c2eb863bca7ecc90fdf27,a9cbb8cf3126a9bc1244af118f57b28816269576,['01e8e54cd5cefbd56b5d083d9377216bbcabe04f'],hzhou245 <hzhou245@bloomberg.net>,1706047839,-0500,hzhou245 <hzhou245@bloomberg.net>,1706047839,-0500,"Remove unused arrays for debugging
"
20233b64995165949eaeac3e38b0d52c10475601,69a451d8698bd18d99daf31e4097e52650a4425a,['b1c52ad49376b27d7d99343ce994cfc4b348c7be'],wrz1999 <609519258@qq.com>,1651243979,+0800,wrz1999 <609519258@qq.com>,1651243979,+0800,"delete space
"
2023876662996a371c7b0c67871c1481d84a7529,8f6fd84b7da9d4e60dc0eb48c03af1b6566de637,['5bd2d17750141b8eade1adfa1cf35ecb459177b9'],Mddct <hamddct@gmail.com>,1739972865,+0800,Mddct <hamddct@gmail.com>,1739972865,+0800,"[firered] support enctor speech enc from llm base model
"
20254c9817f49a8d43432df10bee9785869a423c,f0531a00899321f5105393a52a1fd891a2ec253e,['aa5afd77073b9dde76fc79376eb989e1263c2bf7'],jinsongpan <761086340@qq.com>,1638716013,+0800,jinsongpan <761086340@qq.com>,1638716013,+0800,"replace unclear images
"
2029feabb12ac60c871c30cf1fe984b4dbd2bcbf,54db1465b305e44efb997cc2e6c619ae2e9d0847,['3bafe240c128c58c24bcdb7cb55370f240831020'],Shreekantha Nadig <3745694+sknadig@users.noreply.github.com>,1740799950,-0500,Shreekantha Nadig <3745694+sknadig@users.noreply.github.com>,1740799950,-0500,"Add an API for search method
"
202e3b55eeea019de3f2250da045d7b1b1199dab,caf6f573e28bf1a5287d9fccd3f8ca05af7e6f5d,['c9ba8a37ad2080b1ffc88a5696a3f333da46726f'],Mddct <hamddct@gmail.com>,1691985306,+0800,GitHub <noreply@github.com>,1691985306,+0800,"[transducer] fix dup code (#1947)

"
2034c894c4a236e3fae10021869fdb693bf9e1ec,b8e5251ceca27908fa33364d4705ab0409419bfe,['8e49dda8d5cb843a68063491acf5f5738cd051eb'],xiangru.meng <meng1984>,1692953054,+0800,xiangru.meng <meng1984>,1692953054,+0800,"first commit
"
20356c0d62e919841d6a7c33eb40fa37c90ae947,ebd2b9c038c84e7bd7eaa7cc3a90779d8422b03c,['c691cd47549c4df2e5d2fb59f5f8465ce4cd1a86'],tjh628 <47770688+tjh628@users.noreply.github.com>,1661573005,+0800,GitHub <noreply@github.com>,1661573005,+0800,"[examples] edit path.sh run.sh (#1409)

* Update compile_lexicon_token_fst.sh

* Update run.sh

make_tlg.sh生成的文件，放到 data/local/lang_test下面，比放在 data/lang_test 下面，更舒服些

* Update path.sh

增加${BUILD_DIR}/bin ，否则 stage 7的时候，找不到decode_main

* Update path.sh

做了简化，更好些

* Update run.sh

恢复"
203601d73f714372824efce5f0259e14a8eb9df8,f9bfd24dcb112d5d70c4b339848aa103e47ed1a3,['0f27de37226e4422172b370644d08c30974f5abf'],Binbin Zhang <811364747@qq.com>,1611114170,+0800,GitHub <noreply@github.com>,1611114170,+0800,"[network] add global cmvn module (#75)

* add cmvn module and run training okay

Change-Id: Ifc1eb734c5c9382a763b37d78f1c4d555a40b5c2

* remove cmvn/splice/subsampling in dataset

Change-Id: Ia5631a891691816fdab959348804d93e7a17ba6e

* refine model initialization

Change-Id: I4d10129e5f6fb5a65ce2bb22d04fe24b08a37a32

* update run.sh

Change-Id: Iba5ed9bc882f5fcb2bb7c329f62fd14afc211936

* fix asr_model import conformer bug

Change-Id: I2544158edb20fe5b0ef4522b711d2eeb5e7d2773"
20398e1a586c392e5abecfb9b748c88eb4b1214e,f9bf6616cd70c6155d226e3bf0124f7c7f4cc48b,['605384a5947d101381c53d7ecc1fb422f34da3a7'],Dinghao Zhou <hamddct@gmail.com>,1710908214,+0800,GitHub <noreply@github.com>,1710908214,+0800,[dataset] fix cycle in recognize.py
203e06750d9cf451a75dc0a038a12541b2158fe2,3f16fa94b74517ddcb4e737c05f6d58ef5f8ea94,['8859bf2b748ca56e5655409a39748390e18544cd'],sirui.li <48873278+lsrami@users.noreply.github.com>,1723634723,+0800,GitHub <noreply@github.com>,1723634723,+0800,"[add] Use shard data to calculate cmvn and extract text (#2609)

* [add] Use shard data to calculate cmvn and extract text

* [Fix] fix code style check

* Update compute_shard_cmvn_stats.py

* Update extract_shard_data.py

改为四种提取模型：flag参数
只提取文本: text
只提取音频: audio
只计算时长: duration
提取所有内容: content

---------

Co-authored-by: lsrami <getwebshells@gmail.com>"
203f07fb5e33f825437fd1d60296a3378a798d19,11b108ee0198ba07a868d565d552b7646533580f,['16601535c714871d79e8cadcfa39a6139d783b91'],yougenyuan <yougenyuan@tencent.com>,1634796991,+0800,yougenyuan <yougenyuan@tencent.com>,1634796991,+0800,"basic commit
"
204ab02ee22febf5104220ce49b97104712a7412,82885ac88ef06c3bcf198f13fedaffdcc3a48958,['32f08b2e18e313c81d485f64678b22e0852618d0'],Binbin Zhang <binbzha@qq.com>,1692930183,+0800,GitHub <noreply@github.com>,1692930183,+0800,"[binding] add python binding command tool (#1963)

* [binding] add python binding command tool

* fix lint"
20552fe33774335afdacff4d2ffc1dbe0d30d88e,faa0109f6c715700a3ccae954810ee5f64037cae,['d2f19bb2d5f3d4a875a73c10b4eb6c8d7aea46c9'],彭震东 <275331498@qq.com>,1651543448,+0800,GitHub <noreply@github.com>,1651543448,+0800,"[runtime] update CMakeLists.txt for Windows (#1076)

"
205e33dde3fc5e0bfa2c7408dbc037f4f401a6f8,e2ced80270bc43d4bead8fa56c5035b3a96c19b2,['33af4231f8beef6640f32211d22ae4e9aa5fb9cc'],Lucky Wong <lekai.huang@gmail.com>,1623842381,+0800,GitHub <noreply@github.com>,1623842381,+0800,"Save init.zip only when rank is 0. (#456)

* Using the standard Multi-Head Attention when there is no positional encoding.

* Saving init.zip in rank 0."
20713cd68e2a280147496e8a4e67d0245463bf63,860181171fcfddb203e9f6a3148e26ee75db2cb9,['b3b0cbbb69141ed27bf6318d9fc2b220b97f4f24'],tjysdsg <tjy1018543509@163.com>,1625639953,+0800,tjysdsg <tjy1018543509@163.com>,1625639953,+0800,"Remove invalid 'r_num_blocks' key in train_unified_transformer.yaml (aishell2)
"
207adaee11875f15c301ae961cfd40784b412293,e1cfae624bf399ddbc695ff547aababd01f77418,['9c51aa5fe650c5757ea9f890c93c79195aaa1601'],Binbin Zhang <binbzha@qq.com>,1698380901,+0800,Binbin Zhang <binbzha@qq.com>,1698380901,+0800,"fix lint
"
207ed6263f51b26a2d1b03724de05d7f15974980,5d0642025aa6e5d11f691b6113b9adb0fdc931c1,['7529289924ec64974912b7b76ec60254f3661773'],王盟 <wmnwpu@gmail.com>,1693709904,+0800,王盟 <wmnwpu@gmail.com>,1693709904,+0800,"fix >1.9 onnxruntime bug
"
20967cfdbc6442a9f7ab2fa23cf1d2b2724ce63a,cf33e7f739f2141f2c7d87086e2bb24f3670f75e,['1c79a0cd8722f2f4c595b7dc5f980d9dc8247edf'],funcwj <funcwj@foxmail.com>,1636544601,+0000,funcwj <funcwj@foxmail.com>,1636544601,+0000,"fix tab issues in run.sh
"
2098a0d2196d90a79e48167acb81db6f1bfda803,d647e7a57e98331c9f9366e8aff229c0b068ee4b,['f65946a9f6919b88f82248b8c8069d25aeadec60'],彭震东 <275331498@qq.com>,1623564369,+0800,GitHub <noreply@github.com>,1623564369,+0800,"[runtime] change openfst to pre-built library (#453)

"
20a607e83e381121216f85eebe7c1e05e6428d2e,c05018517b251863fe1a4c920716072f17915eec,['09775f0b0b5d2b7f73902111591c37515cb8726c'],xingchensong <xingchensong@users.noreply.github.com>,1637052165,+0000,xingchensong <xingchensong@users.noreply.github.com>,1637052165,+0000,"Automated deployment: Tue Nov 16 08:42:45 UTC 2021 c25ccafc36552222b86e6085c831873cef55dda8
"
20b47026d568ca8f2e3d301712435bf8e9eb8ff2,a1b3051d1d9b6a3ebe79dbc0f4e36d4f5858800f,['d62c425a1052e9c1edfbd8e5806c3acf979de168'],fclearner <614478391@qq.com>,1716277811,+0000,fclearner <614478391@qq.com>,1716277811,+0000,"simplify&&fix lora args
"
20c8bafee5aed17c984fed88c71d7d8955524717,b84ec6403c364e0a6030d18fab0a307647c38b74,['cce20d6691df4228d50001f6212a0c3e1a4fbe63'],彭震东 <275331498@qq.com>,1679129459,+0800,GitHub <noreply@github.com>,1679129459,+0800,"[runtime] update dockerfile (#1758)

"
20e033afad5574d569080346b7817d76a3d63227,25c9eceeaa2279e0a365acd9e411f551c2b7242a,['5f008721e89145c09b50817aee0edd8105d15878'],wangsenmao <wangsenmao@haier.com>,1673229281,+0800,wangsenmao <wangsenmao@haier.com>,1673229281,+0800,"fix indent format
"
20ec6adee3f905fbfa5c984624dbe9fc807f2751,0f9d62faff51f33913f708018503ddec782fe10d,['a247e186da7e88e18b7991d4ce77221fa63f1b25'],Binbin Zhang <binbzha@qq.com>,1689921968,+0800,GitHub <noreply@github.com>,1689921968,+0800,"[runtime/fix] fix style (#1924)

"
20f1af37357977c0eb65ca09a48929113a005b7c,b7732394a150bd94012978a52d534c8f85cfed6f,"['6cbc27b780c7a3a29c8fad4a818ba02b3426892f', '3dd186087c34b734757623c468885c866f56150e']",Di Wu <1176705630@qq.com>,1616671905,+0800,GitHub <noreply@github.com>,1616671905,+0800,"Merge pull request #237 from whispercosat/main

[fix] change ch_char_en_bpe to cn_char_en_bpe"
20f95236d4f3e416c7e728066935c3278e955caf,39ba9b576883a9d583c9093dee621fe4024d4d0f,['8545e98a90a95f01b04b1008fd3f0f0badf3de58'],Binbin Zhang <binbzha@qq.com>,1652933930,+0800,GitHub <noreply@github.com>,1652933930,+0800,"[doc] add horizon contributors (#1134)

"
20fb854f9d113692eae0a212118f31c5c99222d9,7f8f052599c70797e5603c4c66b20fdeee61f61c,['d17e64e838d62f7879d5ccbe7912348a502fe815'],Binbin Zhang <811364747@qq.com>,1610677469,+0000,Binbin Zhang <811364747@qq.com>,1610677469,+0000,"refine training parameter, change layernorm to batchnorm in conformer

Change-Id: Ic6a9821c2c41a20e96585b3561c23a48cffe1a53
"
210b56008c0cb496d4a675a83039d2cbc178948a,a1a337b481a9b59bfec10693e5ff63577ab0d678,['1a6dcfe6097e91b3c45d7f7724383ad501464984'],Dinghao Zhou <hamddct@gmail.com>,1709878898,+0800,GitHub <noreply@github.com>,1709878898,+0800,"[transformer] support bias (#2394)

"
210c332d0f706766a3e718c28a4ffbcab7f9bf72,fe8ee9a65721b8c976309857f37d76960e66094e,['38450c9caf9030349d06ec45df50993c9e76fd54'],robin1001 <robin1001@users.noreply.github.com>,1613734807,+0000,robin1001 <robin1001@users.noreply.github.com>,1613734807,+0000,"Automated deployment: Fri Feb 19 11:40:07 UTC 2021 e6480982851cd8a4d0e249727a8cbe4eeba518e8
"
21251d63d734a24732074ae7f4db4f2d4eb769d1,fe1a6f885123232415e40aa18609cc94bb500e02,['c8dfffcc5d9531e8c00f4e496715093a139e205c'],Binbin Zhang <binbzha@qq.com>,1692806608,+0800,Binbin Zhang <binbzha@qq.com>,1692806608,+0800,"[binding] support all kinds of input audio by librosa
"
212efb0755caa6bc36d9544f71bea3c7aae484bc,e16ee9a6314a6220f0f888f04ea4c989c74fd5ad,['4d6c144f0153696a6bc6c4c111a1d8f40259974f'],Binbin Zhang <binbzha@qq.com>,1680176289,+0800,GitHub <noreply@github.com>,1680176289,+0800,"[install] fix install, fallback to 1.13.0 (#1799)

"
2144b9d129bb61e03a59a8947998227875376bdb,3ddc8403bb6b8f49d6908ed4d03b6aa0ec0cd883,['ddc1a2d30021fc7657a774bdcb299d1c387a3add'],xingchensong <xingchensong@users.noreply.github.com>,1697855161,+0000,xingchensong <xingchensong@users.noreply.github.com>,1697855161,+0000,"Automated deployment: Sat Oct 21 02:26:01 UTC 2023 e8be0e009bb60062c8b9075b2654d2b90dbde1b2
"
21487513c38fdf622efc8a0bc4b5dd84b8f49fda,c05018517b251863fe1a4c920716072f17915eec,['87b3fc8ef2e31c668b4b5635f0ef6c3438bbe2d8'],robin1001 <robin1001@users.noreply.github.com>,1637055188,+0000,robin1001 <robin1001@users.noreply.github.com>,1637055188,+0000,"Automated deployment: Tue Nov 16 09:33:08 UTC 2021 2b050023d910c96ee534c9f354d4e008a346e52d
"
215a66b9a0df19ea30de89d84b297885d62c1c81,706908e19c20ec5a815cc8a8d7c0759d5c19001c,['c33130864662e7a06a5702e0dc76c09ad71f9903'],wrz1999 <609519258@qq.com>,1651254011,+0800,wrz1999 <609519258@qq.com>,1651254011,+0800,"debug_16
"
215aec4404b4ee82546a506768bdd7acbbd47dce,dc6e0acc6c3de4df40bbfab1bd3c60df8b04d5fa,['09229823be83b5bcbcfef5297c9b1afc37e93fd7'],robin1001 <robin1001@users.noreply.github.com>,1699369920,+0000,robin1001 <robin1001@users.noreply.github.com>,1699369920,+0000,"Automated deployment: Tue Nov  7 15:12:00 UTC 2023 704c6961362c567863c20f4f5fdba24ad37b08d7
"
21607aa9fcb00c15b8e961fe25877d10c34c6499,9f2f087b3291c3f5d4ad099891c319a60b1f896c,['b85b1c25548760997160aad63a880c7dc157e248'],xingchensong <xingchensong1996@163.com>,1697967619,+0800,xingchensong <xingchensong1996@163.com>,1697967619,+0800,"refactor(deepspeed): tcp for multi-node, file for single-node,add some notes on multi-node training
"
216a4786e127b59cc26fee515ea4f97eee5ab6d3,975f2077ea4470dec3d6df1b6b73e9ea4db6c4a0,['3e5fb565d35e345f0069d93f85ca5190c3016c38'],mashiro <mashirorin@qq.com>,1622963307,+0800,mashiro <mashirorin@qq.com>,1622963307,+0800,"add scipy to requirement change speed_perturb way
"
217bb5e2968d1ed6789d578bfc7505c078904949,387fef4b512fe884d0a29683e1509af19d5e6366,['4f35139c5338306b0d40ccc86a0eac712284fa0f'],xingchensong <xingchensong1996@163.com>,1702454751,+0800,xingchensong <xingchensong1996@163.com>,1702454751,+0800,"[recipe] refine yaml for gigaspeech
"
217c3361631fc47ea455ac1af91204f3877ce6a3,880898a5e767e642bafe59285c2751391bafb0a7,['cd0d9cbe340db0c63a8dc4bc64e70a02be97dc91'],xingchensong <xingchensong1996@163.com>,1667220267,+0800,xingchensong <xingchensong1996@163.com>,1669893217,+0800,"feat(horizonXJ3): export onnx and convert to bin
"
217ccaf980e2657476a54d3c4af50e319f7ddf8b,1cff9841e8e5f32f36222b0d43708efa819fc7d5,['3e551cde33daaf754140cbc5a32bc4a2602db952'],LIZHICHAOUNICORN <LIZHICHAOUNICORN@users.noreply.github.com>,1632966439,+0000,LIZHICHAOUNICORN <LIZHICHAOUNICORN@users.noreply.github.com>,1632966439,+0000,"Automated deployment: Thu Sep 30 01:47:19 UTC 2021 f23cc227ef5354fea29722db7987d8a7c97940e6
"
217d97ec4682e7f37bb451044cdc6fdc6f6f3a6b,dd1f90b6ed1547c8cc3d7395d25f4451c05f4d44,['b4885b957e0b13568f67be192c84a7250c662cea'],randypeng <275331498@qq.com>,1616932972,+0800,randypeng <275331498@qq.com>,1616932972,+0800,"[runtime] refactor prefix score
"
218c3f8cc56ec822cf62afd3cae1eee5480316ba,79a81e28f56cd35d098dceed18c20ca45f78a531,['a1fc704f8f2d5047955626c2ede528120fc14511'],robin1001 <robin1001@users.noreply.github.com>,1623564423,+0000,robin1001 <robin1001@users.noreply.github.com>,1623564423,+0000,"Automated deployment: Sun Jun 13 06:07:03 UTC 2021 2098a0d2196d90a79e48167acb81db6f1bfda803
"
218c59419b1551e75717a603d9228fb1de7a5474,6bcc089b99c575f18fd44b0664e7cde002feccf4,['ed8a71e9744461ac3947a11e587bdeb96457f8ec'],robin1001 <robin1001@users.noreply.github.com>,1623374661,+0000,robin1001 <robin1001@users.noreply.github.com>,1623374661,+0000,"Automated deployment: Fri Jun 11 01:24:21 UTC 2021 4c4e6ca8878b984ae6eb557bd265b7e80652eabe
"
2195dc14de6c0fb50fb1d40e359868f39e36581c,67ccfdb7ade73ae61baa4f01fd8a7f9ecc16b60a,['52fccceaae2282529735621b7ec625d91a025758'],robin1001 <robin1001@users.noreply.github.com>,1704364164,+0000,robin1001 <robin1001@users.noreply.github.com>,1704364164,+0000,"Automated deployment: Thu Jan  4 10:29:23 UTC 2024 a4a1e482025d3b7498c91dcdc6762adc664a46f4
"
219698aa426639477e27e2d4dfc65feb971e6afd,4e3afd40b24870655a14bab661c3627c8adc055a,['398f8e75254ba44b9ef2f433b45d76631232b7d2'],Binbin Zhang <811364747@qq.com>,1620716402,+0800,Binbin Zhang <811364747@qq.com>,1620716402,+0800,"fix topo
"
21a67ff03ec37481e48d317efb6191364ca0514d,7ee83bdb34038250cdeb7a7afe86ef85e8867e23,"['7e06bd6f3e04850bdef853aa54bd0b1c86093980', '5963ef7a26a78c6b91a305de97abefd9a3afa647']",Di Wu <1176705630@qq.com>,1622283098,+0800,Di Wu <1176705630@qq.com>,1622283098,+0800,"Merge branch 'diwu-runtime' of https://github.com/mobvoi/wenet into diwu-runtime
"
21af20055c6084eb4457dc59c76418ddde055563,2485d092ddaebd4f481b8fed319b70b54a546fa6,['d75754ae337b1d176d881306a1ba2d4ffa2fe45a'],Mddct <hamddct@gmail.com>,1713202324,+0800,Mddct <hamddct@gmail.com>,1713202324,+0800,"fix ut
"
21b2ec43dcd9cfa1be0c62c02ed5ef556ba5c92a,241fb977986d82d0f5926fa09c3d01efe7d7f3e7,['6b23fa820344689ae9c8017da71da0bcb514713a'],Binbin Zhang <811364747@qq.com>,1619409265,+0800,GitHub <noreply@github.com>,1619409265,+0800,"[doc] add kaldi acknowledge (#334)

"
21b9abccd19077188f4434277833ebf5f7e83cef,6888363c2a23dcc7f35852cf7bf943bdeb02d212,['afa4097e26623df179cccd2512e6a279d4cd3b4b'],Fiona Zhao <fiona.zhao@intel.com>,1674975311,+0800,Fiona Zhao <fiona.zhao@intel.com>,1674975311,+0800,"Fix x86 OV install
"
21bc59c15f50a92b446f1153e5b3e55fadd68c4c,ee84e512b52416739564edbfda0e9d3bdf3d7380,['1a6ec37dd5f35cb84443ec6c936c4d90651732ff'],aydentang <aydentang@tencent.com>,1646826030,+0800,aydentang <aydentang@tencent.com>,1646826030,+0800,"fix
"
21c14c1a0e8a126852f182420a238ee518fe8fc9,8b87e4993885383f86462cb915c0ac0d3b864c8d,"['bf154e1e03eaf98da72078bb6ef72b1f4dcf64fa', '699acb0e7b24a3bddaddd33ee2535d6a57780e09']",Di Wu <1176705630@qq.com>,1616730210,+0800,Di Wu <1176705630@qq.com>,1616730225,+0800,"Merge branch 'diwu-alignment' of https://github.com/mobvoi/wenet into diwu-alignment
"
21ccd79615e6e129f68658257078e9b3a76e58ed,42c42419bcde09dba31da58b7b2a3bad2a7bd5eb,"['6b85207ca794ed71f23f7fb3af770390028450cb', '410fa300bcc6e3928d2e369fd026a1d9c71304f4']",Di Wu <1176705630@qq.com>,1618304434,+0000,Di Wu <1176705630@qq.com>,1618305904,+0000,"Merge branch 'diwu-fp16' of https://github.com/mobvoi/wenet into diwu-fp16
"
21ccf677f3fe4e1d6b7c059fae14564830532019,e469791f1fc798a2af3ba6e978e13fbedee421be,['aa73dfae3cc6ca6f7c17f7ee3d3f8736cd423edf'],pengzhendong <pengzhendong@users.noreply.github.com>,1660880371,+0000,pengzhendong <pengzhendong@users.noreply.github.com>,1660880371,+0000,"Automated deployment: Fri Aug 19 03:39:31 UTC 2022 9b32e01c836c99d6dcd8ebcbc4d80ff1ecffeb93
"
21d41499308a1f4be6af9eaf55b08a0a68d772d3,5238249c79fe84667fc43b66c02ecfc1ed596f4b,['6abd0f3c4ec4ca26286c91d1569b48325a4a31e2'],wrz1999 <609519258@qq.com>,1651246573,+0800,wrz1999 <609519258@qq.com>,1651246573,+0800,"debug_2
"
21e51ecc5ac173c3f34544113f28b7aa55434fe0,8638f8c8792283f2e27ec07a6b48ca101131358e,"['cf2a781e8020b624e07a799e2df7ee65b974993d', '7e3c288cd94430cc853c1953fcf9e32abe9f1a51']",qmpzzpmq <405691733@qq.com>,1613628566,+0800,qmpzzpmq <405691733@qq.com>,1613628566,+0800,"Merge remote-tracking branch 'origin/main' into gpu_fbank+resample
"
21f389f493e78d298d224e56831d0c3d6a9eea8a,a6c6bc717397e695e3676b23422cf340517ad8a3,['e4240afbdc1f3a48a01ed0ef9b2fce9e45af32af'],彭震东 <275331498@qq.com>,1662956485,+0800,GitHub <noreply@github.com>,1662956485,+0800,"[android] support 32 bits (#1440)

"
220caf685f0e38c07010049e93b8aab7a9440741,3965a10929845fe83e53479490e8863eeee1400b,['e589f21c15067798e0e4e695a0a77d42b2b5f5b8'],Xingchen Song(宋星辰) <xingchensong1996@163.com>,1706762068,+0800,GitHub <noreply@github.com>,1706762068,+0800,"[bin] average model step-wise (#2332)

"
220d7b2f2d859ec30d2ebf4df390a4b32d3159fc,a765c46620ad34aa8d5eca27575fe1dbee0ff3e8,['d1399161e2f62def2a52bcbd6bc4541901930b3e'],yuch <cy823236858@gmail.com>,1670223906,+0800,yuch <cy823236858@gmail.com>,1670223906,+0800,"add NST module
"
221908d04ed927655120e27ff54938b48b5a9ed8,9f198a5c602a645c4d3ce419be323d1dec465c86,['abcc9c57acbb534ae761b0fc61ef86c7610d2d94'],Xingchen Song(宋星辰) <xingchensong1996@163.com>,1685890428,+0800,GitHub <noreply@github.com>,1685890428,+0800,"[doc/onnxruntime] Update README.md

Remind the user to align the chunksize in the decoder flag with the chunksize used for exporting ONNX models; otherwise, it may result in a segmentation fault."
222b3c2dfb106af93f681f4dce8102ed05e5e033,6bcc089b99c575f18fd44b0664e7cde002feccf4,['f882eaefce09d0a8f61b38ae6214043a4aed31c2'],pengzhendong <pengzhendong@users.noreply.github.com>,1622537880,+0000,pengzhendong <pengzhendong@users.noreply.github.com>,1622537880,+0000,"Automated deployment: Tue Jun  1 08:58:00 UTC 2021 e6a0273215408e08a8f22b9c651bcd3948e68bda
"
222ee54b061005c40a26e267df07f07667943ecf,7ae9541e31af8934b70f5cc74a3f468fe0f23424,['710afa218e31c031a75554fb0b312dc5b226848c'],pengzhendong <pengzhendong@users.noreply.github.com>,1619576762,+0000,pengzhendong <pengzhendong@users.noreply.github.com>,1619576762,+0000,"Automated deployment: Wed Apr 28 02:26:02 UTC 2021 437743c2701af674f9468db4dc565fa291f09681
"
22381a4d9259ff0a94a31cf0aaada5ef484740f3,7e54df855744062c91076d7ddb661c216d1d89eb,['116be0cff9e4af099c006517b7959c182df0ca59'],Binbin Zhang <811364747@qq.com>,1615292236,+0800,Binbin Zhang <811364747@qq.com>,1615292236,+0800,"lm works for the first time

Change-Id: Icba54280c191f55015cd35cf4c49202150360806
"
223d284206a48733c260dc27f3baa5b67f2fb26e,236ed49130dc9a4ff7779a2131950122a4e1e0b5,['1af0d47338cac192a0666ad195dc7ed5b296ca73'],fclearner <614478391@qq.com>,1723506886,+0800,fclearner <614478391@qq.com>,1723506886,+0800,"save lora-ga init model for w0=w0-A0*B0;tiny fix
"
223f5c7e538df540dda5dcc6270db1f791cdab98,8e3a5930b4b9c43bf9a2cae896ad8ef27b54a8ca,['378aa1a11c3ffc5bb8993737fd10a557f8b6cc00'],Xingchen Song(宋星辰) <sxc19@mails.tsinghua.edu.cn>,1649249140,+0800,GitHub <noreply@github.com>,1649249140,+0800,"[dataset] specsub (#1013)

* specsub

* config for specsub"
2253536c2bc247ee9e3f684e7cfbee725452ad97,b8197a67d564458de92736db89de47db0c132ae9,"['aa4a103defd0fd9c4fe2794441bb0c81eae2874d', '24375c51c8ccbf1dac0724f5734a6eae4ac9c428']",fclearner <614478391@qq.com>,1722764934,+0000,fclearner <614478391@qq.com>,1722764934,+0000,"Merge remote-tracking branch 'origin' into LoRA_fix_args
"
2258c7258bab5b6bfcab7849b4692bc2f346e46c,81bb8ab534cd43a90dbd47a5bf9ef239ae5931a1,['bd22fae233455154db7ba4ead9361363d23351a2'],Xingchen Song(宋星辰) <xingchensong1996@163.com>,1715149392,+0800,GitHub <noreply@github.com>,1715149392,+0800,"Revert ""fix mp in DataLoader (#2506) (#2507)"" (#2521)

This reverts commit 5576e6f4bf7da28232a60167b74cd0217df320d8."
225d88a33e25e402e5ac90f7d0d9aaecb8f073fb,6308d041f4015ce1de004b22f1513feb80c3bd9e,['44aaefc1c193be832172aafdfe08c62d257e461a'],Di Wu <1176705630@qq.com>,1625642164,+0800,Di Wu <1176705630@qq.com>,1625666189,+0800,"Update run.sh
"
2261b86f0ec6651924b5480127c618d7c4b5b0d9,b06820173f37459b7148f35b63ac0501fadd77de,['a609c7d22a2849ba7788c697d0f4081d3634478c'],Binbin Zhang <811364747@qq.com>,1635130046,+0800,Binbin Zhang <811364747@qq.com>,1635130046,+0800,"[dataset] fix same name bug
"
22642e445dd2154adc26696b451ccbc2115e5ea1,d1676643b123d4f7debb9dc84d75a4f9e583b02c,['4c81459f9bf12bc0d9b2c2381b3d003c764bdb1a'],Qiaochu Song <qsong6@stevens.edu>,1706752427,-0500,GitHub <noreply@github.com>,1706752427,+0800,"Fix eot (#2330)

Co-authored-by: Varia <Varia@VariadeMacBook-Pro.local>"
2289c79189fe6c20d94f891e7720862c88fa36da,ca770ce7bf6a36cacec5d386db22366e6d41868d,"['09188428ab109b53ea306440facc14da8ee2720c', '3b6e69ba4008c479c24d039622cc7927ad669de0']",yuch <cy823236858@gmail.com>,1670397789,+0800,yuch <cy823236858@gmail.com>,1670397789,+0800,"Merge branch 'main' of https://github.com/NevermoreCY/wenet
"
229e66e4b8377cd8e9abef600ec74ce07bcd6084,7047c1233b18c6d0f827fb8534e41cbc36838c10,['e657753d4d197dbf8481159e5870c6e4aae6a6ea'],Slyne Deng <slynedeng@gmail.com>,1683178686,-0700,GitHub <noreply@github.com>,1683178686,-0700,"Fix - FLAC ERROR whilst decoding metadata

Check this [issue](https://github.com/pytorch/audio/issues/2948)

I encounter this issue by using shard to do training on flacs files...
Notice the issue only occurs when using torchaudio to load a file-like object not a file path."
22b8232385eab9303bbbe175db512b3a5d4b8ea0,aac5880a854dd6a5dd95afad03d112a2807493b1,['312826ada2d33a1ea939940aa1e0018993705c15'],Mddct <hamddct@gmail.com>,1702431286,+0800,GitHub <noreply@github.com>,1702431286,+0800,"[paraformer] refine model class (#2226)

* [paraformer] refine model class

* rm comment

* fix blank id

* fix fbank conf"
22c10ca9286ccddb6d7b5d145f6d0b5d3c8ed00d,0a046351bdd44c7b5a761071a9f57bac04e20441,['87c394644364538379c10297c6bd0160d7dca6a7'],xingchensong <xingchensong1996@163.com>,1625578546,+0800,xingchensong <xingchensong1996@163.com>,1625578546,+0800,"[runtime] fix lint
"
22c1b56b0362f0d5288305c86c8d2ec76f61a136,de86d8223f06a49f6a81236616aaabf6e2763a37,['bcb276c40bbff3e57e0e9f98631185f52b9d7318'],xingchensong <xingchensong1996@163.com>,1620718070,+0800,xingchensong <xingchensong1996@163.com>,1620718070,+0800,"fix cpplint warning
"
22d417498c2793d4315e0664181d7b8b1f1b1ec8,dd4c92475d13d4ee80f63e86c64c9e79a2670636,['4a2060705a0d299bdda67bf2f8df8e4ed7a36fd8'],Mddct <hamddct@gmail.com>,1655817182,+0800,GitHub <noreply@github.com>,1655817182,+0800,"[binding] fix compress bug (#1243)

"
22d9a2bd6013c828a0f6b556a0d0ed4695e634d1,15e17b370e2b25dc01a9066b44a911158f074875,['efedcf2350e7e7804c8c2607173bb7bc0f6e4624'],pengzhendong <275331498@qq.com>,1616669149,+0800,pengzhendong <275331498@qq.com>,1616669149,+0800,"[runtime] print timestamp
"
22e7c2b3d4d2f3267bb9b50ddd4f001e3f7c8c89,e7938028e1a1959b9518de8e0bdd9233b4a93cdb,['5d1ca3af11f9df40c9e9228700ce58f7cc798c5a'],Fiona Zhao <fiona.zhao@intel.com>,1674995416,+0800,Fiona Zhao <fiona.zhao@intel.com>,1674995416,+0800,"Update to enable OV by source
"
22f3870b5d1e2d25bc9db43a058ae65239d96aad,31dba6f8befd7b859b485735cacea9368972a422,['756fbc353a08598af5da4b4775fc9148798fbaf7'],Yuekai Zhang <zhangyuekai@foxmail.com>,1634023851,+0800,Yuekai Zhang <zhangyuekai@foxmail.com>,1634023851,+0800,"add local files
"
23123e5e3dc7143e97e4ada821af37d8ecd97b6b,7cddc1807c9b9a775550ece221dc4983434ca102,['daf4158ed3dc52ccc2a8ac219748bdc462593b39'],wrz1999 <59393703+wrz1999@users.noreply.github.com>,1651245317,+0800,GitHub <noreply@github.com>,1651245317,+0800,Update tmp.py
2327b35c13f30337d2e07e185c876730a96d5888,4172502b63ef638f3e676d218209e10a900b7d9b,['5182a6a00542426fed5990dbfd07f343045e36c4'],user01 <user01@user01deMacBook-Pro.local>,1699799699,+0800,user01 <user01@user01deMacBook-Pro.local>,1699799699,+0800,"[wenet] support context biasing in bin/recognize.py
"
232adabc19da70a39c1d8c4da5267b18836441cc,affc5cbb6875331dedac2ae7414ee1e35e1438ce,['7f3dc66cb37b38ee5a71d62a135b84e97f074645'],Binbin Zhang <811364747@qq.com>,1629960055,+0800,Binbin Zhang <811364747@qq.com>,1629960055,+0800,"[doc] add pretrained models page
"
23304e933fb13bf03a642d2e343ca50464f81c21,4d8c3c409166fcba3001829b1c70bd436bdf40fe,['b079d17a7818a20a79601746179f42bcb35f1f00'],xingchensong <xingchensong@users.noreply.github.com>,1704872502,+0000,xingchensong <xingchensong@users.noreply.github.com>,1704872502,+0000,"Automated deployment: Wed Jan 10 07:41:42 UTC 2024 b2d4a7853a5f0961e7d7d3a4d7dc18fb87fa4837
"
23498881302a45d3659de464b7ad3ad1efda565c,2bcc831bf35f7ef508d3462472a9c71b20f7ca64,"['571f2d03c08811cea68b6f24002ace22029ea681', '71312f457cf152811502e7e4371e448a21e2e271']",彭震东 <275331498@qq.com>,1624012189,+0800,GitHub <noreply@github.com>,1624012189,+0800,"Merge pull request #472 from wenet-e2e/binbin-readme

[docs] fix English space"
23586375ca8e90cd8208ebb15e674b9aec310569,c27484473cd95f5ea3e6e6d1a79dcbe24f9afaba,['a983da996ed3391998ecaba33e7f561f3289b5f2'],Binbin Zhang <binbzha@qq.com>,1676948408,+0800,GitHub <noreply@github.com>,1676948408,+0800,"[doc] remove sponsors list since we have quite a lot of sponors and developers (#1699)

"
235b07a95bceea37807524ebd9ec0a8c5cdf05da,e69fed13f15c6275013058b6a839d5126287cc58,['80109a1edac3cec78b3aa17de8d4bc1a20c26185'],robin1001 <robin1001@users.noreply.github.com>,1662706675,+0000,robin1001 <robin1001@users.noreply.github.com>,1662706675,+0000,"Automated deployment: Fri Sep  9 06:57:55 UTC 2022 e4240afbdc1f3a48a01ed0ef9b2fce9e45af32af
"
2378eb0bf74ea7f75ce6199e6a8f48b16efb2373,c3f40f11e4168ee8a782d62eb2b1db6d46a605c4,['b815a09b0cd023760454bc11c00d0a19327ab54d'],Shengqiang Li <1312246931@qq.com>,1637551397,+0800,Shengqiang Li <1312246931@qq.com>,1637551397,+0800,"[examples] add WSJ recipe
"
2382fbc8388570e9ce9d0870d2b24398c29cd21a,9ee1f8fa9b1c534e903befdf448814b166c83eb3,['8232e6ad8fa31fd186d4d1c5bbd8fac23215a8e4'],Wenjing Xia <827146228@qq.com>,1616755202,+0000,Wenjing Xia <827146228@qq.com>,1616755202,+0000,"updata config & result
"
238fc8ef7dad957d34af91c0ef2430bab8287efe,e839d5502c9a077889e0ebcc27238a6afeadde3e,['63c42f47fd3c86b8e4a9a7e5fb12adf67c1c5d35'],veelion <veelion@gmail.com>,1660816732,+0800,veelion <veelion@gmail.com>,1660816732,+0800,"add FLAGS_enable_timestamp
"
239f6cf46672dd8c8bae3a9c015a169fd5407e37,56ce13f1820c01865fd3c7cc34df0d0e73692145,['157a3b4008507d434674205100ac33627f021288'],Chao Yang <385526069@qq.com>,1623381401,+0800,Chao Yang <385526069@qq.com>,1623381401,+0800,"fix lint
"
23a231f2ff192524b6c98d509b5d4ee497ad5b02,c400e07b6fa98efcc710c902edf4e8a995a80b86,['2f319d1d257b3886eb8c7294f2e7997da7ead060'],learner <yygle@qq.com>,1663155881,+0800,GitHub <noreply@github.com>,1663155881,+0800,Delete asr_model.py
23a61b212bf2c3886546925913f5574f779f474a,37e5080e521fbc830b24a253be5f58f11442c5f4,"['9c4e305bcc24a06932f6a65c8147429d8406cc63', 'ae3c87674d3fdba4b0fedbf2f210c436b6367c86']",Di Wu <1176705630@qq.com>,1628673660,+0800,GitHub <noreply@github.com>,1628673660,+0800,"Merge pull request #561 from wenet-e2e/diwu-readme

[doc] update gigaspeech recipe"
23a6288e6db0ddc63cd930a675b10323f7f4b460,ed792e20cf7e5bea5617e2f340f7c2f053f80b91,['76523ee565ee6450249ebc55b7722ff85638eeb4'],Binbin Zhang <binbzha@qq.com>,1698504609,+0800,Binbin Zhang <binbzha@qq.com>,1698504609,+0800,"[cli] support alignment
"
23bf3532ce50047b803ec3dbe0578adf6ad71fa0,edc44e71cca13b1ae7cdc46d11b073ba312346db,['9ea9fe1b193f3cecd8199f0efe2fb5c23874d4de'],Slyne Deng <slynedeng@gmail.com>,1635220346,+0800,GitHub <noreply@github.com>,1635220346,+0800,"[network] offline onnx (#711)

* remove onnxruntime & use input dim as feature dim

Signed-off-by: slyned <slyned@nvidia.com>

* add export script for offline onnx model

Signed-off-by: slyned <slyned@nvidia.com>

* fix import style issue

Signed-off-by: slyned <slyned@nvidia.com>

Co-authored-by: slyned <slyned@nvidia.com>"
23c4259f187f5388cb6ae7733505dd0eb297bcdf,aa63f4dbe83615b7458d0e04fa537baea39173f4,['e4b4c8e9dab330499d45d2a0eee862c92ab76d36'],Mddct <hamddct@gmail.com>,1711729776,+0800,Mddct <hamddct@gmail.com>,1711729776,+0800,"revert to -1
"
23c4f99ea4d1fbcbbca967ef90ad9a397aa8d555,8e43c00b83853d2a9650cd4408fee3752082baae,['c6391c0f9839d072645ede5628ff142323095216'],xmly <xmly@MacBook-Pro.local>,1663217811,+0800,xmly <xmly@MacBook-Pro.local>,1663217811,+0800,"[init] enable SqueezeformerEncoder
"
23c6e01976efc5c4f8c2969afdefa828a8a84ec0,a01e93bee668e9e1444cb9472e1269b65043e70d,['f57d50c6a818c1526e94baeb430d5fe256a8523d'],彭震东 <275331498@qq.com>,1612337265,+0800,GitHub <noreply@github.com>,1612337265,+0800,"[doc] Update README.md (#137)

"
23d35066640f1c8f0408e615a256add8098ec81b,7fcefa4664dd91aad4f233559e4b18f82b52f79f,['7be0430e00e5b392c4b08a53bdc1030ad8fa7b82'],ferb2015 <244065526@qq.com>,1678088696,+0800,GitHub <noreply@github.com>,1678088696,+0800,Update README.md
23d69605163a2da5f9c6a5e12b43192987ef7db7,a9d11b7b0216d81fa3d36b4cc81db888e0644ed4,"['ceb329e2e9de88720adeee44c5cd0269d19b321c', 'f786e899fa6b8522823550f1cc3c9f35ccadd8b0']",彭震东 <275331498@qq.com>,1624004009,+0800,GitHub <noreply@github.com>,1624004009,+0800,"Merge pull request #467 from wenet-e2e/binbin-readme

[doc] Update README.md"
23dfb6e6056631da58207a697ff6a26d22266a48,fe40437f974d8f1eaca46ade0b4075f6c1a53eca,['f3062d75479476dac224b3c67139c39ebabc47d9'],Di Wu <1176705630@qq.com>,1617012205,+0800,Di Wu <1176705630@qq.com>,1617012205,+0800,"[fix] recognize.py name bug fix
"
23e6f87ddac931d53075739db62c700c5fc8f1c9,0da5c51839ec440d7295bd0c0c222a97bc1228ba,['d0636f12470378bd9f24ca9866faac8f351cc53c'],Mddct <hamddct@gmail.com>,1713105810,+0800,Mddct <hamddct@gmail.com>,1713105810,+0800,"fix ut
"
23eeaf484626a816db15bd2fa83aad3415351bcc,ea5749ebe9b4665dca4ffcb867591dde5591ada3,"['80e2dc0825ad1eef846560803784b0eceaec0cfd', '756ca22b5d2d2f2e1b06c95675cee73a37fd4f5d']",Di Wu <1176705630@qq.com>,1617072803,+0800,GitHub <noreply@github.com>,1617072803,+0800,"Merge pull request #257 from mobvoi/diwu-ali-log

[fix] alignment.py log bug fix"
23f43e9549eee9e9a1d3442197ec3a121aac8fa2,31f60f2fe9facd40d54f4532549f755f1cd82ca4,"['1c8cfb0320b27bf87758e1441e4ffd723cdcfb03', '557d0feffdf1b52b8ad6bc6c1a0e021e7f9a8bb6']",彭震东 <275331498@qq.com>,1620462486,+0800,GitHub <noreply@github.com>,1620462486,+0800,"Merge pull request #366 from mobvoi/robin1001-patch-1

Update train.py"
24010ad0d6a60db40be9d6c2ff5a7d4785d480a4,aac0efd9334295d2522c1c46a403a3e10eb5020a,['6ae1101bb32ec22ecde890db8356d9271b3ae947'],robin1001 <robin1001@users.noreply.github.com>,1631082282,+0000,robin1001 <robin1001@users.noreply.github.com>,1631082282,+0000,"Automated deployment: Wed Sep  8 06:24:42 UTC 2021 ab25119a74d1332dee8cb078232f1301718dbdf1
"
24138973b46a35ec87798d6c245f50f33a4c9658,53dc234eab5cdaa26d90947a0a3186c7658325a3,['9cfcb69e324ea7f69757658ecce8070f677156dc'],wrz1999 <609519258@qq.com>,1651258151,+0800,wrz1999 <609519258@qq.com>,1651258151,+0800,"t5
"
2418d79bcc4496187922f95c4ad30d4aa8cda768,7cc0c8b94f3afa413548dc82ed24e38ef02ab54e,['5694565e7a3ef4e9ced0f79a521809191c49d721'],Mddct <hamddct@gmail.com>,1700917474,+0800,Mddct <hamddct@gmail.com>,1700917474,+0800,"[text] fix unit
"
2429d34ed4918911830f596166cf9b93e0212cf5,a655cbb59c4867e8007518c016fbc7155dad59c7,['a1740d949e001fe16156c3631ac130011cd2168e'],yougenyuan <yougenyuan@tencent.com>,1634707310,+0800,yougenyuan <yougenyuan@tencent.com>,1634707310,+0800,"remove unused information
"
24368e6ac9b1bf14ba9e1638ae95f223d5df6d39,bbd2ba099a63bed2ae86f502c5d019c3428c9c7f,['1a91314db94478400deb4175a6de0b3ad250ef93'],robin1001 <robin1001@users.noreply.github.com>,1707139799,+0000,robin1001 <robin1001@users.noreply.github.com>,1707139799,+0000,"Automated deployment: Mon Feb  5 13:29:59 UTC 2024 ad5b3b6674a00fff55757a7282754101a59d1310
"
24375c51c8ccbf1dac0724f5734a6eae4ac9c428,351d2cabb4f37d0c05fb6dbabb46d43b6793a5c5,['edf065541e5f727319a669167ef029ee701307ba'],Dinghao Zhou <hamddct@gmail.com>,1722583191,+0800,GitHub <noreply@github.com>,1722583191,+0800,"[LLM] support causallm model (#2547)

* [LLM] support causllm model

* add causal lm

* fix model name

* replace labelsmothingloss with torch.nn.CrossEntropyLoss"
243ad3894d4f84d5b6a5c4a50eab05ec156b6aec,597a4e103d07870c4af90e25575fe5d2967d3d32,['5068a2d91dd617f998e411ce6178c534b0f08e41'],robin1001 <robin1001@users.noreply.github.com>,1646291178,+0000,robin1001 <robin1001@users.noreply.github.com>,1646291178,+0000,"Automated deployment: Thu Mar  3 07:06:18 UTC 2022 69399f98b264fe094272c45958bf25cdc1a856be
"
243e46358651ace32fa6e2f71570de5f9082a4a8,acc6242e53a7d5b8bf3c7869200afe45e233fa73,['52fe47a72ce2bf9ffa6400d7a8f023510c12e9b1'],hlop <thehlopster@gmail.com>,1611994764,+0300,GitHub <noreply@github.com>,1611994764,+0300,"[fix] memory leaks

Allocated array should be deallocated with `delete []` Deallocating it with `delete` can cause memory leaks.
More info: viva64.com/en/examples/v611/"
245d22614465ba07e8b2ca30dcd8a5ca1e202df1,7ae9541e31af8934b70f5cc74a3f468fe0f23424,['8d7912e71fada57744397a8505f76806b0af9b67'],pengzhendong <pengzhendong@users.noreply.github.com>,1620445438,+0000,pengzhendong <pengzhendong@users.noreply.github.com>,1620445438,+0000,"Automated deployment: Sat May  8 03:43:58 UTC 2021 1c8cfb0320b27bf87758e1441e4ffd723cdcfb03
"
24610745e1b4372860a088c21974403776344f59,6e65eae9a6c4518f73321aafe36527d968156c6c,['e4c54114ff28769251f7643151ae79af6d754c49'],Mddct <hamddct@gmail.com>,1722400122,+0800,Mddct <hamddct@gmail.com>,1722400122,+0800,"comment on span mask
"
24639e43c0cbd187cd39941cd3fb5a34d9489b44,49a4a081e14c33201285a2eae9f57b85b64f94e7,['caa97c67a7f487cdd3331e7d56a05bef72adef7f'],Mddct <hamddct@gmail.com>,1710723236,+0800,Mddct <hamddct@gmail.com>,1710723236,+0800,"fix clip_and_grad_
"
24648f4658634589ab3b7e06a3e873d974655cf5,1ea2eea05547c193d65363e5ffcc71a159836c5e,"['aec73e5d25177d09052be40c12816ef3a12dd903', '5ad98395b977f0c83773eea7d6aaefe28a5b881b']",Di Wu <1176705630@qq.com>,1620842702,+0800,Di Wu <1176705630@qq.com>,1620892002,+0800,"Merge branch 'diwu-birescore-v2' of https://github.com/mobvoi/wenet into diwu-birescore-v2
"
246b9784c1f703f2f3bf5d17f3be1979520d336b,aa858d26d09be277bef652c49c46ae5516599b8b,['ff7b356f7aa993b74d8a68f9288828a5f373391e'],Xingchen Song(宋星辰) <xingchensong1996@163.com>,1669643890,+0800,GitHub <noreply@github.com>,1669643890,+0800,"refactor(analyze_dataset): Support shard and raw (#1589)

"
248a24d912a4ef4eda23859a1031c8366647e691,e6bca22b6c32fa308e67ca79b9b7421805eeb474,"['cbde7a67abde283cfa6b67500b0c917099f86252', '5f4921604dbb567c9700599be64c970761e72fbd']",彭震东 <275331498@qq.com>,1635249005,+0800,GitHub <noreply@github.com>,1635249005,+0800,"Merge pull request #730 from wenet-e2e/binbin-aishell-fix

[examples] fix comment and tab in aishell-1"
2494c0169d5f1bd4b03f7ae7161378265bf63601,3e2d2a064edec807e30e5c09ef0cf9684bbba4fa,['d51d1bcf71151b805cd85a8135dc8516676b7c84'],Xingchen Song(宋星辰) <xingchensong1996@163.com>,1710836324,+0800,GitHub <noreply@github.com>,1710836324,+0800,"[transformer] fix sdpa mask for ShowRelAttention (#2420)

"
24a19c5ebcb60b3cb5c1899132b054c34775ebef,58a3b368d8fcbe92acfb572ec9f30e587c68a3c1,['4739a056aedf239ab29935b3b0e3aef40e0af057'],khanld <khanhle218@gmail.com>,1744697651,+0700,khanld <khanhle218@gmail.com>,1744697651,+0700,"[feat] add masked batch and limited context decoding
"
24a70a7072218f973782d0d369067dbe00ba80d6,3788b0dfae05fb1ae67f7a5bef79c0d783b8dc82,['2f1a3fad4eadcb2cbfd02579cce463b29fc2cacf'],Binbin Zhang <binbzha@qq.com>,1695220081,+0800,Binbin Zhang <binbzha@qq.com>,1695220081,+0800,"rm standalone
"
24b3d3501a1567221d1ad70d76f8e2e4bd1412ee,85079a682d5fc4468273f5fdeffdd00ef50442bd,['04927dd0db4a7218f14f666c81e11c47c1850ffd'],Binbin Zhang <binbzha@qq.com>,1664951701,+0800,Binbin Zhang <binbzha@qq.com>,1664951701,+0800,"[runtime] fix openfst far option
"
24c1962ee1b97a6d8fa9ba3a97c641d7e8bf8efa,38719719adbf7150a386e5a73625df8882cfd318,['70e49306001cecfd2e1189195f02ad0d7e04916f'],Xingchen Song(宋星辰) <xingchensong1996@163.com>,1702216600,+0800,GitHub <noreply@github.com>,1702216600,+0800,"[script] auto detect gpus (#2217)

"
24c5d0f95375ddc9043eafcb124a427818f8a1fa,7f285f8060b5dc257c663c5b58dbc51137c8aaa8,['12506a827a4f0bf4045e48e9b3c17ade0fa08e09'],Binbin Zhang <binbzha@qq.com>,1698488897,+0800,Binbin Zhang <binbzha@qq.com>,1698488897,+0800,"fix lint
"
24e05ffb764102bd1e0cb4519deefac1d75e39e6,f5d2cd9c7b2a3d8dabc498943f9caca8c249364d,['678848d69b0c736d90f8231b6bc563be6e04f13b'],Binbin Zhang <binbzha@qq.com>,1648903765,+0800,Binbin Zhang <binbzha@qq.com>,1648903765,+0800,"[doc] refine pretrained model links
"
24f1312d0d18006fdd39a03b4fd482c7757258fe,c23b80e8c6ecbb7ba423313e67a59b158a90de74,['75e92214bf272f93604a2b0ad5a26a1bd3e8701f'],pengzhendong <275331498@qq.com>,1649071870,+0800,pengzhendong <275331498@qq.com>,1649072041,+0800,"[android] refactor decoder, asr_model
"
24f6088b9a15898b62f34ae4f9a41df2a44712ec,497fa4ccbbce008d660dc8ed0878c9c53c39d9c0,['4df07e5ad152c04050db059ce80d19228b819ecb'],Mddct <hamddct@gmail.com>,1723163157,+0800,Mddct <hamddct@gmail.com>,1723163157,+0800,"[ssl] align masks and subsamplingmask
"
2505d18e24dec878807e8453b5af52ff078b702e,8ed499ef57ad8e40d04a0b5fb7d2fc69b94ad357,['ac9a2612e8245ac473a17f64eea600dd7afbeb20'],Xingchen Song(宋星辰) <xingchensong1996@163.com>,1685161206,+0800,GitHub <noreply@github.com>,1685161206,+0800,"feat(train): support deepspeed (#1849)

* feat(train): support deepspeed

* feat(train): fix bug

* feat(train): enable deepspeed in run.sh

* feat(train): fix step bug for tensorboard logging

* feat(train): recover cv log tensorboard logging

* feat(train): make save_states configurable

* feat(deepspeed): Support fp16/bf16 and deepspedCPUadam+customLRscheduler

* feat(deepspeed): fix lint

* feat(deepspeed): fix lint

* feat(deepspeed): update stage2 config

* feat(deepspeed): avoid re-generate filtered list if exists

* feat(deepspeed): add 1.8B model

* feat(deepspeed): make workers&prefetch configurable

* feat(deepspeed): refine comment

* feat(deepspeed): fix saving yaml

* feat(deepspeed): refine if-else

* feat(deepspeed): refine if-else"
251276b020487c36bc5e85034360b34caf395d6d,1c6f9cc067d75e7d382ad268e675a0b35209fc7d,['c2798026570855c9b937b812ea2e60683caa0838'],xingchensong <xingchensong1996@163.com>,1701100612,+0800,xingchensong <xingchensong1996@163.com>,1701100612,+0800,"refactor(model): simplify model init
"
2514154015fc743d0cbdce468fdc71ca3fb65f92,566252fe218219893ecb55ef464c60ccce0e0d51,['d746b478660d6dbc58e77ac6f77a075d32ce7380'],Di Wu <1176705630@qq.com>,1616136322,+0800,GitHub <noreply@github.com>,1616136322,+0800,"[fix] fix bpe model load tag (#222)

"
251425d1ad31093c3f4a059ac22a901a633c8196,b2fa458058f6c128d4b3cb22d372de6b4730c5a5,['e0219a1cd59fa3490c5f9b779f15b9ecbe05e991'],Xingchen Song(宋星辰) <xingchensong1996@163.com>,1702047150,+0800,GitHub <noreply@github.com>,1702047150,+0800,"[refactor] simplify code and keep API consisstent (#2211)

"
25162c4c44aac27b783f9026e789b323f812d13b,36a3eb1d0380d61ed70643ae4d8446ee11760f8d,['15ccd07de4ff9c01824de92b9ef721955068e686'],slyned <slyned@nvidia.com>,1632714028,+0800,slyned <slyned@nvidia.com>,1632714028,+0800,"export batch offline onnx model

Signed-off-by: slyned <slyned@nvidia.com>
"
252a6d00c76c8f2fec35fde1b3269f33f37d474e,a1d9d18da5ee19c5d6c5a81a9a1d4a7c42a38fe1,['30f55674265ce19a5e538f636baf70427c1a2c44'],Binbin Zhang <811364747@qq.com>,1608608319,+0800,GitHub <noreply@github.com>,1608608319,+0800,"[doc] refine readme (#27)

* [doc] refine readme

Change-Id: I6167be6b9fb2316edaf1c27c8bcb7e5c47b4714c

* refine doc list

Change-Id: Ie9fe1f49be019406ba4ac847ffba12ab1625174d"
2539c8b946af700c4301aaf1cab10d1c2feb9d91,ad6bcdab2d25aa6ce24c9a2fdc7e49ebf430d9c3,['643330abcccc3887adb3c0ef40879c5cd77a5e40'],Di Wu <1176705630@qq.com>,1611905996,+0800,GitHub <noreply@github.com>,1611905996,+0800,"[fix] fix s1 aishell yaml config (#110)

"
253bb3117a2243283554badcb6a4b207fb7024e1,ab9582e32ea4090ff816562ef23f86a7c35626d8,['2a3e0da8d1a0f5cd77bb28958e6e21963e236705'],Binbin Zhang <binbzha@qq.com>,1651154259,+0800,Binbin Zhang <binbzha@qq.com>,1651154259,+0800,"fix cpp lint
"
255e5ac62423cb45ef84807b91e18f266b2a6ffc,74fc67b97ff1ccc39dda212803441b1509a83f2a,['e0f54f006893b404e56c078ded4db57c6d4466dc'],Di Wu <1176705630@qq.com>,1630395851,+0800,GitHub <noreply@github.com>,1630395851,+0800,Update text2token.py
255f00702468efd12d7dba9a3e964f08f24e88d9,ca5e266efafc1c4046bdf311211d719f1f1e1888,['4467198fd03a77aca55bffd8b987686acc9f1205'],xingchensong <xingchensong1996@163.com>,1670400966,+0800,xingchensong <xingchensong1996@163.com>,1670400966,+0800,"refactor(x3readme): Add sudo
"
256a3ad31e02907c22f58fa300826ea2b22c1d47,3e12c0ae7251e765e446825ff367199d542f2c8c,['45a53aaa2cbc0883da72bcaf4fe2bf2adb2c608c'],Xingchen Song(宋星辰) <xingchensong1996@163.com>,1702475870,+0800,GitHub <noreply@github.com>,1702475870,+0800,"[recipe] refine yaml for aishell4 (#2236)

"
257582cca18fed5a9137a7ae0b43cb45901e1a0e,67ccfdb7ade73ae61baa4f01fd8a7f9ecc16b60a,['2195dc14de6c0fb50fb1d40e359868f39e36581c'],xingchensong <xingchensong@users.noreply.github.com>,1704365766,+0000,xingchensong <xingchensong@users.noreply.github.com>,1704365766,+0000,"Automated deployment: Thu Jan  4 10:56:06 UTC 2024 cacc562e268c1d190c20d897701585cfb0d2a975
"
257836601aae755c134fbee64aa6f02d56a97092,f00f44326d071e29956b99f226f39470ef1ad707,['90ff81457f22e12f5112ce1700c1db2b37edfc7b'],Binbin Zhang <811364747@qq.com>,1614583886,+0800,Binbin Zhang <811364747@qq.com>,1614583886,+0800,"use openfst log and flags

Change-Id: Iaa79fe519dd648ac7f708018682f081371616e5f
"
25797951cc58d34342830dfe7ad6ee64ea5e2f58,076088aa203721726a6b691c304aaa2274d880b9,['a4fc404d648dcf17139f4e8098f61b820c2453eb'],pengzhendong <275331498@qq.com>,1653138219,+0800,pengzhendong <275331498@qq.com>,1653138219,+0800,"[runtime] Support ONNX as an build option
"
257997ceba2332341e5a42052c33a73d4a737119,a3b60b308391d0171f4bb65a0d8e06be92aab978,['18a13c3d2e3b6f62e3ba0b45af2a4373999a2b14'],Binbin Zhang <binbzha@qq.com>,1661737559,+0800,GitHub <noreply@github.com>,1661737559,+0800,"[runtime/binding] rename python bingding as wenetruntime (#1403)

* [runtime/binding] rename python bingding as wenetruntime

* add version"
258c8cc26178593d66bbcc3c9b1a6dcb2a7599c6,469ac4d9814e3bffb3c70238888dc2130c1a460c,"['66d1eeced5bddf00631f15fd6abba1905d6f1cc2', '26cb40db2d63d8963b8ee967dc4199c29be008a7']",Di Wu <1176705630@qq.com>,1621841211,+0800,Di Wu <1176705630@qq.com>,1621841211,+0800,"Merge branch 'diwu-gigaspeech' of https://github.com/wenet-e2e/wenet into diwu-gigaspeech

# Conflicts:
#	examples/gigaspeech/s0/README.md
#	examples/gigaspeech/s0/run.sh
"
2599985d847a973caf6bcb3fabcf1c7f52b1b0bb,03ca7e61082f1c91d979ed558ac6c167ce444a58,"['7906d0bbd00b64af79956397018d017ae053d8e2', '3cf83606b67f2b46bd381f22bdf3acd36d17d365']",zhyyao <94102052+zhyyao@users.noreply.github.com>,1657767725,+0800,GitHub <noreply@github.com>,1657767725,+0800,Merge branch 'main' into zhyyao_beamsearch
259d8a97fd76185a8198c7c2eae72977eaf9e320,cc23482d2bc51d70a4eba03f373fcfdcf01444e0,['54424d06ea7a4c5cb6b6a79443e7c9d9339a8563'],Binbin Zhang <811364747@qq.com>,1606470502,+0000,Binbin Zhang <811364747@qq.com>,1606470502,+0000,"[fix] remove examples rule in .flake8

Change-Id: I5fb12af41d742e15737d1eda29a731bd6b66e864
"
259f15921e2c182f91d7be8a8a09a57bef86b936,bd5c49ffb529ddaf3c569dd61a0862195764658d,['185b9714e9e23a87ff11c94093c275dd923936a5'],xingchensong <xingchensong1996@163.com>,1702034917,+0800,xingchensong <xingchensong1996@163.com>,1702430768,+0800,"refactor(yaml): pass training
"
25b098218c4f0decc1120f0669b42de906219e49,f56609597cae33c0d5ccbc14f353ff9645bd5c33,['89e8d0d2e7cb62a605e7c4a89da4c2bfa7c09ecf'],xiongxinlei <xiongxinlei@baidu.com>,1670740139,+0800,xiongxinlei <xiongxinlei@baidu.com>,1670740139,+0800,"fix the rnnt predictor post fnn shape bug
"
25b223a4f10007d675d46a34d56ff4a3b9a9c838,245d7263aca239ed99ce67107ae3a7b49cdbeb0f,['9ca09d5d39727c5b903db632f4ea720acadabbae'],Chen Xiaoyu <jschenxiaoyu@qq.com>,1610620419,+0800,GitHub <noreply@github.com>,1610620419,+0800,"[lint] update trailing whitespace lint (#56)

"
25c60ba2b6533eefcd4236267ef146f2d8e603a8,dccc840fa591a9f594ad71c22fb82e2b1c8324be,['6455487dae75fd56874d6cf4e5f9f26905bd0b66'],Binbin Zhang <binbzha@qq.com>,1704709027,+0800,Binbin Zhang <binbzha@qq.com>,1704709027,+0800,"support multiple optimizer and scheduler
"
25c6d6c184b5c89f2d03fb6114ac3b91ad343f37,e16ee9a6314a6220f0f888f04ea4c989c74fd5ad,['4d6c144f0153696a6bc6c4c111a1d8f40259974f'],Binbin Zhang <binbzha@qq.com>,1680125088,+0800,Binbin Zhang <binbzha@qq.com>,1680125088,+0800,"[install] fix install, fallback to 1.13.0
"
25ce29a9e40272826f2ae0d6e49aa3bd44af5781,182c5056190297bf7989f2693997c18f921dab58,['acdc07e84755a1bbe96362ffb8532802376af18e'],xingchensong <xingchensong@users.noreply.github.com>,1697642386,+0000,xingchensong <xingchensong@users.noreply.github.com>,1697642386,+0000,"Automated deployment: Wed Oct 18 15:19:46 UTC 2023 34ef62ba1f0679639e8d348fe23a25898b2c6a3d
"
25d7f43cd0a2ac87185812b3f04dfd4ff387e30f,4a6713c6fdc1526d0f5233d444c4ea801a29385a,['ad3f947a6883fef0be2c86c420ae488fb57dfe40'],Xingchen Song(宋星辰) <xingchensong1996@163.com>,1700971185,+0800,GitHub <noreply@github.com>,1700971185,+0800,"fix(cli): add requires for whisper (#2167)

"
25dbb5a77dd7f25b22218939e2e8ed7174474993,387e91d7ed22300aed726a06fcda761613bf4729,['857fdfe65fba9bfe6df23be04679fbaeb13fcaa8'],Yuanhang Zhang <sailordiary@users.noreply.github.com>,1740455593,+0800,GitHub <noreply@github.com>,1740455593,+0800,Update attention.py
25dee98c2333042ec12647a2f976e999b1ea28f8,99a45da257105d298cbd78fa02f811ca7fa5c2ce,['9d91d23d6259fdcb82be799328700a20cdaad976'],robin1001 <robin1001@users.noreply.github.com>,1617161086,+0000,robin1001 <robin1001@users.noreply.github.com>,1617161086,+0000,"Automated deployment: Wed Mar 31 03:24:46 UTC 2021 7436597c40aff8e5cdc536fe62ea9d13455bc95d
"
25e98ba0df5e49a1b45a710790f181b29e41bc6d,79a81e28f56cd35d098dceed18c20ca45f78a531,['3af73b3ae989ba722eba5865339bdf0deaf80ef7'],robin1001 <robin1001@users.noreply.github.com>,1629860799,+0000,robin1001 <robin1001@users.noreply.github.com>,1629860799,+0000,"Automated deployment: Wed Aug 25 03:06:39 UTC 2021 8f0a5a1c4004c77aa13ca0da8ab329ae67c18885
"
25f5ef360159c8842bcf06800f779aa0a852a3cc,053600d6a2a9e05e33fe7c2352d3b0771c56d049,['acd42c7f58fa7e03b451b193296b79b522244e87'],Mddct <hamddct@gmail.com>,1713405460,+0800,Mddct <hamddct@gmail.com>,1713405460,+0800,"fix cache
"
26036690ad112ecd0ca4b30d1e533bf4695aed93,b1aa4e02245e6b0c5559389adb32bff7f63aa159,['8780826c7aeab7838fe560cdc99ab1be049b5ae5'],Binbin Zhang <binbzha@qq.com>,1698380596,+0800,Binbin Zhang <binbzha@qq.com>,1698380596,+0800,"[cli] add doc
"
261af5388dc613faad9e23f1203bc774f73c9178,2a97ebfe67239e098050dabcb79cf87d3e8e3416,['bb205708619a168a22d07b921250419acdb84dbf'],Mddct <hamddct@gmail.com>,1712137089,+0800,Mddct <hamddct@gmail.com>,1712137089,+0800,"fix init
"
262b90743ee4f1a00baef6b03b616f901ee3bff9,d4f556f465d20a3ffb9c54f0f43a370e16c80375,['714bd87b4c7cc9988bb3c589eddbfbc37e987239'],likai <lk9171@gmail.com>,1683597102,+0000,likai <lk9171@gmail.com>,1683597102,+0000,"stochastic depth layer added
"
262d354aeaeef0c2be7b471d9991ce5dc60df6e3,ae9130d05712df876c692d3aa4c3b03b035b220d,['8694a730d66f3a008a540e2e95800d265fa0578c'],lzhin <1872055694@qq.com>,1657814632,+0800,GitHub <noreply@github.com>,1657814632,+0800,"[runtime/onnx] fine tune onnxruntime code (#1306)

Co-authored-by: lzhin <lizexuan@huya.com>"
265abb3da8fefad465e7e6624ec5e85b53db9a54,a8a4a4d0cc4d1097e6389b280ce44bea9eb227da,['8422c22ada21b2e7bd8bddc06c77091e3d190b5d'],Di Wu <1176705630@qq.com>,1623346043,+0800,GitHub <noreply@github.com>,1623346043,+0800,Update README.md
266a4fabcc7659a4355038027857c0f9eba8dada,01ffdf32bede6f0005aa4c8d6c2dcbaf146385f2,['9912df9fe89b8e576e83c15b54d6279ce219bc51'],Mddct <hamddct@gmail.com>,1701014294,+0800,Mddct <hamddct@gmail.com>,1701014294,+0800,"[text] add bpe tokenizer unit test
"
266cf2abe3ba7a278f268795bdcfcd8fd6e3d15b,8e110cf17bebcb279a37ca1c0a75b01b88ce79bc,['d9dad53c257172984a0669d37aac9a44d0cca46c'],xingchensong <xingchensong@users.noreply.github.com>,1713414051,+0000,xingchensong <xingchensong@users.noreply.github.com>,1713414051,+0000,"Automated deployment: Thu Apr 18 04:20:51 UTC 2024 c415f6cf744e4959ed1c76a9dd8988ba3eedc412
"
2671b3ea2b4632eaba7766869a1e82017408b5a7,4429dc2a023480abdbf49fbc797e586fc138fcfc,['5801052a549a1ee7711bc452a200ef62188c9111'],fanlu <fanlu7311@163.com>,1619536291,+0800,fanlu <fanlu7311@163.com>,1619536291,+0800,"fix wave_dur calculation cast bug
"
26756e365fa402edb8570c58570cfd419ee4555f,13c2621c8327f38be3104330312e89a86746a81d,['efe54b6f144e94807ff98ac5465d244a0ffa8266'],Dinghao Zhou <hamddct@gmail.com>,1718422748,+0800,GitHub <noreply@github.com>,1718422748,+0800,Update bestrq_model.py
2679f9435221431fab5878c2936547ee66daf522,81c8a4f486c9b3b41703521da2b476fe07980bb7,['0de6d4519c4c5caf22c2ab16c8dab345faf1750f'],robin1001 <robin1001@users.noreply.github.com>,1611976341,+0000,robin1001 <robin1001@users.noreply.github.com>,1611976341,+0000,"Automated deployment: Sat Jan 30 03:12:21 UTC 2021 52fe47a72ce2bf9ffa6400d7a8f023510c12e9b1
"
26879276003eec0a76def104a46fc7fee6f6b002,60fb7a4ba5e2a7e01ba69a4e41d26a1ea0d1bcb6,['e01f7ecccddb2f42ba67acd7181cdca7a9225a7f'],彭震东 <275331498@qq.com>,1613814248,+0800,GitHub <noreply@github.com>,1613814248,+0800,"[runtime] update README for docker (#174)

"
269dfcca2976f90ddd7b1d933f786883c514db4a,d0e08b75c6796f5c8945fab7371ff2886c773c5c,['c46959e8f75fe6fe50e61af1751d4b78a2c2cbc6'],robin1001 <robin1001@users.noreply.github.com>,1656466357,+0000,robin1001 <robin1001@users.noreply.github.com>,1656466357,+0000,"Automated deployment: Wed Jun 29 01:32:37 UTC 2022 1249645098162f68e1e1d95a8f3ef6063d53695d
"
26ba7d1332026ba5941e6ecb1a03abd06e091c27,d480150e9ec636bdba55bddeeff7f0a8518cd94f,['b9c5d8bcbc5ccc4700bf8db2e2b5806defd21216'],Dinghao Zhou <hamddct@gmail.com>,1712835552,+0800,GitHub <noreply@github.com>,1712835552,+0800,"[transformer] add multi warmup and learning rate for different modules (#2449)

* [transformer] add multi warmup and learning rate for different modules

* fix typo

* it works in warmuplr

* fix lr in tensorboard in step mode

* fix cv log

* cv works

* refactor cv log

* add helper lrs_to_string

* fix lrstr

* fix ddp multiple lr

* fix initial step

* revert to -1

* fix sub params dup

* fix step

* fix step

* fix log

* add assert for scheduler

* add comment for log

---------

Co-authored-by: Xingchen Song(宋星辰) <xingchensong1996@163.com>"
26bbecac8d641c761e16a15a2e05998c88a5b371,ed2931ddaa0ef6276f3f1d41c23922bb24ec1896,"['9db1b942486eaf9d77be7fde704f92bdd65cbdfc', '8308c1f887341fc5a28e9ceb4d9ddb7717a7e882']",learner <yygle@qq.com>,1663138794,+0800,GitHub <noreply@github.com>,1663138794,+0800,"Merge branch 'wenet-e2e:main' into squeezeformer
"
26cb40db2d63d8963b8ee967dc4199c29be008a7,d78258d6134de07f72b8a7605b0d057cbe706c4c,['11aaea7195ffe1014a4bbd16a1fb47ec7dbee2ac'],Di Wu <1176705630@qq.com>,1621504301,+0800,Di Wu <1176705630@qq.com>,1621565285,+0800,"[recipe] add gigaspeech recipe
"
26ce2caf34326a53cd71fe8c5cdf9ec7d89bf81f,35ed9c917c984b6fbc36f170b3d130d001c801b8,['cfe6a5132b111458727ca4810348fa8d185cf93d'],Binbin Zhang <811364747@qq.com>,1613718716,+0800,Binbin Zhang <811364747@qq.com>,1613718716,+0800,"[network] refine left chunk support in both training and decoding
"
26ec5926f8759af7cbc74fc64ad2333e8b883241,ba95f5b9a48f380baf4cb1846515870f0f581bde,['034462b6648874879c1c91812a5769c82c6842db'],zhyyao <zhyyao@npu-aslp.org>,1657979118,-0400,zhyyao <zhyyao@npu-aslp.org>,1657979118,-0400,"fix lint
"
26f129e1ba53c99ba7e8e0aaf3d0e4b7402b7401,8833dfe416dd5a9456933838b67d099c82a61fa2,['0dac0b55bf812e0e3e34289efa190334432b397c'],lsrami <getwebshells@gmail.com>,1723533654,+0800,lsrami <getwebshells@gmail.com>,1723533654,+0800,"[add] Use shard data to calculate cmvn and extract text
"
26f7deb2d62e71c12ab1f4f2ad8a9409b0620942,b8b2f28621b95d37cbc797c4394044069c7801cf,['a09f9f71b1bc6f344ca103df394ab782b9983caa'],Binbin Zhang <binbzha@qq.com>,1697762509,+0800,GitHub <noreply@github.com>,1697762509,+0800,"[transformer] unify decode results of all decoding methods (#2063)

* [transformer] unify decode results of all decoding methods

* fix type"
26ffd0fce0c34895df732fffdd505734f47b13c9,d17468a9e2945eb873a6d69eb4df77c93e3806ad,['565ad447d1bc8d738e2daeb74a89113a8bbd0fef'],xingchensong <xingchensong1996@163.com>,1635513110,+0800,xingchensong <xingchensong1996@163.com>,1635513110,+0800,"add dependency, utils<-boostlocale
"
270469496eed82dd549db488852e9fb4eafd7fc7,f57143840c10845875113bd28f2ae1a118ca6ad9,['dc0d13e376e940158e3f653346452bf993b43fd0'],Binbin Zhang <binbzha@qq.com>,1656516421,+0800,Binbin Zhang <binbzha@qq.com>,1656516421,+0800,"[runtime/onnx] add standalone onnx backend
"
2708c914c79d90812e2bddc2d9896172752d1264,aac0efd9334295d2522c1c46a403a3e10eb5020a,['aa687ede151d7482961dbee0642aa88c64b997d7'],robin1001 <robin1001@users.noreply.github.com>,1630554931,+0000,robin1001 <robin1001@users.noreply.github.com>,1630554931,+0000,"Automated deployment: Thu Sep  2 03:55:31 UTC 2021 84b11053777a54402985670cc1f8aca34a97f825
"
271dee5d4aab3322cd317cfa4e8851c2d28ed84f,d5a0c1b03ac76031a5a8ecb5c47584c923e02db4,"['6878af216016d0f6dc50bdc8b10f52cd979da356', '4abd99bd5708aaf902eef89c73cc1cf5f86e9dd2']",Di Wu <1176705630@qq.com>,1622522832,+0000,Di Wu <1176705630@qq.com>,1622522832,+0000,"Merge branch 'diwu-bi-runtime' of https://github.com/wenet-e2e/wenet into diwu-bi-runtime
"
272ca342c50052257ee827d9bbd9aad59edb70f2,b2cc6d7e182ba303ae89a391a02a3e97d7a6b178,['38dbeda1bb007375d76349633215d2dd4752b68c'],Binbin Zhang <binbzha@qq.com>,1679408930,+0800,Binbin Zhang <binbzha@qq.com>,1679408930,+0800,"[cif] remove sanm related code to simplify cif implementation
"
272d8aad21773902ae06cc587f685c3a24b1a8f9,ad0a7c2cbaf912d571c9fe577f586aa92ce2bc67,['740bf73f22bfcf3f2f8a51c45589d84fab29a708'],xingchensong <xingchensong1996@163.com>,1702915791,+0800,xingchensong <xingchensong1996@163.com>,1704535652,+0800,"[text] refine code
"
27369476b729bbed8775af381b7d0fbb09281ba1,bda21b2ff8a840d1e4189240b91f266d2b63d925,['e39f6ae6c40f1b29987a6c7b714a09478a67b85f'],hicliff <hicliff90@gmail.com>,1634698456,+0800,hicliff <hicliff90@gmail.com>,1635320181,+0800,"fix display error of compute-cer.py
"
273c11e56665472e538273da14d952a6e1d81790,f6bb62f0cfdab63451bd02b5279d056eac3eaeee,['ef1ff6ef72d52f185852bd1ad34005c1eaa7255d'],Binbin Zhang <811364747@qq.com>,1620618065,+0800,Binbin Zhang <811364747@qq.com>,1620618065,+0800,"check srilm tools

Change-Id: I25b67e07e712dbbd2cd111a06c6541f4b5fef1c7
"
275f6b982a231d68a8e75122cbac1468269c6ac8,5ac837fe5ec9c56c873b74b1d55e34dc55af9d26,['90de8856f9735fd0ba496d9314bd59314756068c'],luchuanze <619474145@qq.com>,1639972687,+0800,luchuanze <619474145@qq.com>,1639972687,+0800," We should backoff the context score/state when the context is not fully matched at the last time
"
27652b71d7c1208741f14bf0dfc8f03780620c2d,16600216fa01bc5f1d46e8f60694bcedb2d1e687,['78823f7bed6c960cccd01dba5f758a0ab1afad2e'],Binbin Zhang <binbzha@qq.com>,1659025341,+0800,GitHub <noreply@github.com>,1659025341,+0800,"[doc] add rnn-t aishell model link (#1338)

"
27854c8d4b1516d5a209f0e458904dd26f353a85,c996f952e70d14f2cf48923e76249246579303d7,['1e3997f7a0078d7cd22af71674b5bcbe7bef0e9b'],Binbin Zhang <binbzha@qq.com>,1653016258,+0800,Binbin Zhang <binbzha@qq.com>,1653016258,+0800,"change size
"
278a8be0ca2d305e15a7bd2f74d5afec772efba7,fe40437f974d8f1eaca46ade0b4075f6c1a53eca,"['f3062d75479476dac224b3c67139c39ebabc47d9', '23dfb6e6056631da58207a697ff6a26d22266a48']",Di Wu <1176705630@qq.com>,1617012374,+0800,GitHub <noreply@github.com>,1617012374,+0800,"Merge pull request #254 from mobvoi/diwu-recognize

[fix] recognize.py name bug fix"
27a0975efa924320d1bc218e5d610a3a0f56029a,dbe4d23788cefbbf329e140a4eb00c3e3fffc7ab,"['9e86d00931557614b2c253bd2f37351168ebd3c6', '1f2a91e8dc6288f8b68db08850f131da65f2a450']",Di Wu <1176705630@qq.com>,1622467538,+0000,Di Wu <1176705630@qq.com>,1622467538,+0000,"Merge branch 'diwu-bi-runtime' of https://github.com/wenet-e2e/wenet into diwu-bi-runtime

# Conflicts:
#	runtime/core/bin/decoder_main.cc
#	runtime/core/decoder/torch_asr_decoder.h
"
27a78416f532aa8f799ae1ba2acc5e698fddf096,dbbee9a766b9f1e3841f1a9a427e44dd672b7f4f,['b69f4cc3f0d7f5833cf07017cce0225e7fee2b40'],Binbin Zhang <811364747@qq.com>,1608719000,+0800,Binbin Zhang <811364747@qq.com>,1608719000,+0800,"solve glog conflicts, add torch asr model

Change-Id: Ifa561e2d91011de976bc702b5b0ff35e9915fc79
"
27aa6cfcee1fac0e117a9b6e21ada8d999eaf9d7,56a3edadde6f535e8dead7dc7af5e797fb60b8b2,['b50bd5bfc583ae63bd0035a397ee3106e60e5c3e'],Mddct <hamddct@gmail.com>,1730361898,+0800,Mddct <hamddct@gmail.com>,1730361898,+0800,"[cli] paraformer support batch infer
"
27aba7a5a247eeff912ad5f2bc67077ba6410507,d052a772b94994dc3d0ca4358639702114caf413,['2cae375db7476ed56af0cfc9009370c5727af55e'],Binbin Zhang <811364747@qq.com>,1621930594,+0000,Binbin Zhang <811364747@qq.com>,1621930594,+0000,"[network] add no position encoding support

Change-Id: Ib0f118e87d29f179fdbb03755fa218448acccbba
"
27b854935a3266dcf19cce84cb803e3f7cb26e04,4698e0a0e918a83901e72ee36286e72116654440,['a1e866fa23ec330b048ef00da4f19e12068a0455'],Binbin Zhang <811364747@qq.com>,1610453712,+0800,GitHub <noreply@github.com>,1610453712,+0800,"[doc] remove kaldi dependency in readme (#52)

* [doc] remove kaldi dependency in readme

Change-Id: I6ba9b612b94d3c9b90ff331e335433fc11cf5073

* fix topo

Change-Id: I2769d842b43837c6ee829761b318b12955ac7fb8"
27b9691411ce7bdb52446823f58fcff1a95402fc,46c9d0faaa0071bd375cd958d59f2c9b76bee131,['57e77b06d42ddf091c3515c13a86784481162005'],Binbin Zhang <811364747@qq.com>,1612771009,+0000,Binbin Zhang <811364747@qq.com>,1612771009,+0000,"[doc] add qr code backup link

Change-Id: I9c611197f1e15741590f1a6b9384568c6012d7c1
"
27c8ffadca2efcec77b1eddc2de2770407382588,e52d93632bab4a1152b307066f3c1196b2716d05,['39ae4c867912082f3a498f892374476c9c9ffe2c'],Binbin Zhang <811364747@qq.com>,1619428080,+0800,Binbin Zhang <811364747@qq.com>,1619428080,+0800,"[examples] add aishell2 lm support

Change-Id: I4418f342ea3b4f0b9565b72280b6a8acb27c9647
"
27cba880f8ae76f03a510eaad71a0c0755f090ad,33d200c1565cee42dbc6786d7bc3b9262327e2f9,['fb8e0f8c12b5d547fc22e62365e1e114f059c609'],Binbin Zhang <811364747@qq.com>,1611117066,+0800,GitHub <noreply@github.com>,1611117066,+0800,"[doc] update aishell transformer result (#77)

Change-Id: I026dc596c01388b059526bbd4708ad984d5967e1"
27d06f0e4754a4e5a72f529179b3280ba947bf31,9395449e39d5b74837fc8a751268373f9c23e92f,['97ffee4481bb2a8f51619a145672a413301e7f68'],Mddct <hamddct@gmail.com>,1717421079,+0800,Mddct <hamddct@gmail.com>,1717421079,+0800,"[transformer] w2vbert attention reduce memory
"
27f379cacc205578c01e11e699392c0443a985e2,a221546f0a082de29808a061db4043c12ff2cff3,['681758427dcb0a9839883da4183877bddef5e1c4'],Mddct <hamddct@gmail.com>,1700915098,+0800,GitHub <noreply@github.com>,1700915098,+0800,Update convert_whisper_to_wenet_config_and_ckpt.py
27fad278657547bb1d82d68a0c578e85309491a9,d08aac20f7a5cd373f69ad05607c03af9985ef1b,['f346e8192fbac800750ae0eb6950be8ad60ab375'],Mddct <hamddct@gmail.com>,1723017154,+0800,Mddct <hamddct@gmail.com>,1723017154,+0800,"[ssl] init dataset
"
27ff3df4c15a1ac48560d376d0a22ae30a667ac9,974094ed96110cfe68467b43b0b4e7449a725908,['1eec95b373e22e9a0c6686dd87636d47ad04ab3f'],Ziyi Chen <ziyi.paii@gmail.com>,1629154270,-0700,Ziyi Chen <ziyi.paii@gmail.com>,1629154270,-0700,"sox_io_backend.load param offset shoud be  frame_offset
"
280423529e2f77c65e17716f779500d5e98f2e30,36be319b438e76e291742145a3fd39b5cc718622,['b263ef06352f9dab0b7d0ef60e1245b292d6a813'],Di Wu <1176705630@qq.com>,1625468502,+0800,Di Wu <1176705630@qq.com>,1625468502,+0800,"[doc] update gigaspeech results
"
28128c8325d6b7ad47eab40df8e99124f32619f6,fc8d734d9c5d646411b3736b783723dfcc406e3c,['c1da22cc0f96453a54a617eda540c76e4299be9e'],Chao Yang <385526069@qq.com>,1611202897,+0800,GitHub <noreply@github.com>,1611202897,+0800,"[doc ] torchaudio tutorial (#74)

* modify tutorial.md for torchaudio

* remove trailing space

* Update run.sh"
28138197733833cbf3d3e1c47c7e0215fd584e3a,170163cdfd7336f20095a31e2eb26e98efd553c6,['8bdcf186ea986721bf32e31da94617f7e9499604'],ferb2015 <244065526@qq.com>,1659426502,+0800,GitHub <noreply@github.com>,1659426502,+0800,Update ctc_wfst_beam_search.cc
281ad67f490be90cd85f4e038d72fb2801ec55df,1cff9841e8e5f32f36222b0d43708efa819fc7d5,['7ea5764ee1cdd7645f933b21abccab1677df478f'],robin1001 <robin1001@users.noreply.github.com>,1634174445,+0000,robin1001 <robin1001@users.noreply.github.com>,1634174445,+0000,"Automated deployment: Thu Oct 14 01:20:45 UTC 2021 121dc6f0ab173a623f83f466910e7f0726815e9b
"
2821629e49caa6b094d6f83b9216b05ef7fa2917,60e3c66b3a7bc3c7800f89106d6110d8a6a8f02f,['9060ab2fb771b7fff032f963b5d6434d08f453ce'],Ma-Dan <38337958+Ma-Dan@users.noreply.github.com>,1670942127,+0800,GitHub <noreply@github.com>,1670942127,+0800,"Fix openfst bin build (#1615)

Co-authored-by: Ma-Dan <dan@madandeMacBook-Air.local>"
282406018ec6e6c93a9fe0a51438580e5cc26f10,552ddfc0b440e57ea41101273fa3ad9080ba59e0,['7b87cf2b2d3b8031a78a527f7a19e7d4cea556df'],nera <zhengdachuan200305@gmail.com>,1628232155,+0000,nera <zhengdachuan200305@gmail.com>,1628232155,+0000,"Adapt for pytorch version >= 1.9
"
2829f3a06170df0c173d06e1747ea31fe138ea3a,1decaf0599144215230d7bdbdea745c6b05fd5ed,['257997ceba2332341e5a42052c33a73d4a737119'],boji123 <boji123@aliyun.com>,1661759772,+0800,GitHub <noreply@github.com>,1661759772,+0800,"[examples] rnnt for aishell2 (#1411)

* [examples/aishell2] support rnnt

* set default u2pp example

* add result

* rm useless conf"
282e5f7f795b9272cbd04bc96cf1b5959d90bde7,7a022e7e742aa6aa8db8400553513fe75e143d95,['ddd8ed69742368a46fe85835ea90179314402467'],wrz1999 <59393703+wrz1999@users.noreply.github.com>,1651329218,+0800,GitHub <noreply@github.com>,1651329218,+0800,"[examples] add common voice french recipe (#1069)

* France dataset

* add readme.md

* delete space

* add ENDL

* Update tmp.py

* test_1

* debug_1

* debug_2

* debug_3

* debug_4

* no tmp.py

* add simple tmp.py

* only tmp.py

* add chmod tmp.py

* delete zhushi  tmp.py

* debug_5

* debug_6

* debug_7

* debug_8

* debug_9

* debug_10

* debug_11

* debug_12

* debug_13

* debug_14

* debug_15

* debug_16

* debug_17

* debug_18

* debug_19

* test_1

* test_2

* test_3

* test_4

* t1

* t2

* t3

* t4

* t5

* t6

* t7

* fixed bug

* fixed print bug

* fixed no_import error

* fixed last bug

* add soft link

* change dir name

* fix_1"
285b0464022f1ec99acf27f38c0e4561563ef942,2f632e92fd4bd8c0851c3c95f4efa9efe100dbb2,['377e7205f422202ccd69a0aa4a42634673b3ce99'],Mddct <hamddct@gmail.com>,1711608145,+0800,Mddct <hamddct@gmail.com>,1711608145,+0800,"[transformer] add multi warmup and learning rate for different modules
"
285b5e8805f49dbc1b79757853e059d38aa3ef5e,38ac575bb11e13f4a1fad70162576d9e14013d84,['c6aedc6a33cf4f0c0cb2695cb10e83c907253440'],pengzhendong <275331498@qq.com>,1612850586,+0800,pengzhendong <275331498@qq.com>,1612862333,+0800,"[runtime] simulate streaming to analyse cpu usage
"
2865d76301c51898a2d26f63d0164c0da17ff11d,1466de9cd6963ae835151097952020e39b8035c6,['919936e947ce49ac10a0bfcf7e4b486196781e55'],xiangru.meng <meng1984>,1695718401,+0800,xiangru.meng <meng1984>,1695718401,+0800,"first commit
"
2876528faaf1dd4a78909470fcb1bef0109e8645,74bd1050d53bca644da1af753f0a9cb09bb543a0,['d8483e29635442cf61d56eac632ace6701d9f87d'],Binbin Zhang <811364747@qq.com>,1612325278,+0800,GitHub <noreply@github.com>,1612325278,+0800,"[doc] refine readme (#135)

* [doc] refine readme

Change-Id: Ic55400a93b1f58c2a93a625fa72ee184ce6791a4

* refine link

Change-Id: I6aef823c358756ad08fcacf470866ee003c877b0"
28786298a5ce1682e331bd543d1ab5b72414dd39,deaba377fcbcd616c2afe0f4db3b1114d8b53532,['1cdd6e0cf25df2818c2d0b214fd16fdd184ddcc5'],YHElaina <68215459+yhliangElaina@users.noreply.github.com>,1640229023,+0800,GitHub <noreply@github.com>,1640229023,+0800,add text normalize scripts
28842eb8f123ca004965b21b9b87bbe663c7b0e0,a72ca529b591f574e861d4ded7217abaf877b78d,['54f6b368fdf47c20f1381b96e42f134f687a9782'],aydentang <aydentang@tencent.com>,1661439641,+0800,aydentang <aydentang@tencent.com>,1661439641,+0800,"aishell finetune example
"
288c22b7371a87e31052489f02024d39c5e45e54,5516fc6f26c9f1d44164a7204f7e95022a19605e,['dce274303b348ee0f0d6c82fb0e2fbbe95d71868'],zhouwei17 <zhouwei17@58.com>,1684918535,+0800,zhouwei17 <zhouwei17@58.com>,1684918535,+0800,"[gpu hotwords] remove hotwords directory and merge it into regular model_repo_x; add hotwords evaluation script; update readme.
"
2894f7c0861076cb352cc8ca7a5a651b3a7294d9,ac13ec4caf3eae633e988c5a23a4fc3a707fea37,"['1f8e1c51f4f685282b30077642c701837265925f', 'bfaa8a3e61a724f0122f14c66f33583063ee5b68']",Di Wu <1176705630@qq.com>,1702020235,+0800,GitHub <noreply@github.com>,1702020235,+0800,"Merge pull request #2202 from wenet-e2e/diwu-u2++-lite

[train] u2++-lite training support"
28c8924c8c9983189ed7969d29792c37044af6c0,fbfb9aae5b2b21dcbf1a91a6643b339c14e4c25a,['601953c078574b48da2d973c9f4d15b782fe17bb'],qmpzzpmq <405691733@qq.com>,1634890957,+0000,qmpzzpmq <405691733@qq.com>,1634890957,+0000,"add override_config to train.py
"
28dd50dd188377c31d0cc591eb93a75686b37edf,cb15819c0a9e19951ba651121f9bcaf7c9ed1836,['eea134ea765160bf23f11193ced497979937e091'],Binbin Zhang <binbzha@qq.com>,1659162096,+0800,GitHub <noreply@github.com>,1659162096,+0800,"[doc] remove chinese doc link since we havn't updated it for a long time (#1341)

"
28e02dc0f6c69e0f722185248596b239ffe6cc2e,7e7a7bb1c1698afb3de5b0174d39342ec761c3da,['262b90743ee4f1a00baef6b03b616f901ee3bff9'],likai <lk9171@gmail.com>,1683685388,+0000,likai <lk9171@gmail.com>,1683685388,+0000,"learned ave merge added
"
28f06ed837bc22c74b99f1203a73dd58ecb473d9,41856e24e47124e39ed113aa8b8c76597d16767b,"['8444e93378174f6711202c329919c905579b89ed', '3e4046eb4e97d3cebee10f573e85a737910c7327']",qmpzzpmq <405691733@qq.com>,1634883989,+0000,qmpzzpmq <405691733@qq.com>,1634883989,+0000,"Merge branch 'main' of https://github.com/wenet-e2e/wenet into main
"
28fdd4fbc85f92d2fe05b7b96036ef9f835fb8b9,836e65ad48126330823ecd575aa79a27ef767ca8,['cd48b854e8a31ecc5944fbd2e7eaf794127b2228'],Binbin Zhang <binbzha@qq.com>,1632446628,+0800,GitHub <noreply@github.com>,1632446628,+0800,"Update pretrained_models.md (#635)

"
29026a207f562a107cf1174f7edcfbaf73736f7f,49770bdf7cf4b7eab8c2ce6f07eb98604d0bb168,"['7f8229d79165052cc7f8d4185944de152745d8a5', '84d92336aef06f921a928f0b7b92c90088b742d8']",彭震东 <275331498@qq.com>,1622533307,+0800,GitHub <noreply@github.com>,1622533307,+0800,"Merge pull request #424 from wenet-e2e/diwu-fix

[fix] fix the accidental delete operation"
29035320209f985203fe296a3021bd86bcf9cd1c,60e8494bd022492de8fa82123e831956356ba0a0,['c99a0ee902d21f2550404de79239f0544d1a5566'],xingchensong <xingchensong1996@163.com>,1700033982,+0800,xingchensong <xingchensong1996@163.com>,1700482051,+0800,"feat(whisper): support learnable pe
"
2909ab8b2868ff363325270e2d42e1f63e54afd1,e0cbea077113bc942ace463a66e513b47dbef9a6,['86ac8545293904601e2d5758e83c2ed4fc92f0ec'],xianchao wu <wuxianchao@gmail.com>,1639617123,+0000,xianchao wu <wuxianchao@gmail.com>,1639617123,+0000,"add results for test1,2,3
"
290e129d22b1b827cffdc063237690e33c74fb9e,93eeb2b0b36ef131519e50b99267e74abc83d5c5,['443888b55dcf16293373d0dca7529b10d220109a'],Mddct <hamddct@gmail.com>,1705457733,+0800,Mddct <hamddct@gmail.com>,1705458411,+0800,"sox in readme
"
292b0b7c3ddf0b547bb863437ff99855f217efa4,ee5630852e4ec1ebf2755079ddaf383218f6ae25,['890a5e396323c2f6741bbd2882168bb50bda70f3'],彭震东 <275331498@qq.com>,1639911460,+0800,GitHub <noreply@github.com>,1639911460,+0800,"[docs] update docker image (#873)

"
292cddb4dc599b35d1ff7874a923fd5c77556afd,edd23f30a9327030a21f2b9a20ff42e60fe22f12,['4e4c40754acc7ccf961c1bb12004f75d630e3e0b'],Xingchen Song(宋星辰) <xingchensong1996@163.com>,1705904265,+0800,GitHub <noreply@github.com>,1705904265,+0800,"[eval] fix cv.yaml (#2312)

* [eval] fix cv.yaml

* [eval] fix cv.yaml"
29331f0c4950b958a887d35308f067c5464d16b0,9452e186a5ce612e7f9feffbb33a0390dc18f857,['4d894397b7fca9f6ad3fa2cc4eb84ba755e8f298'],fclearner <614478391@qq.com>,1722842575,+0000,fclearner <614478391@qq.com>,1722842575,+0000,"fix codes
"
2934c7d8ddb0e8277db18371ec6b0b76a8a82324,07a479578fb54acd28c93d007d4937f131ec783c,['0ca75c69f5b8cbb1cb1987d5c443b2fcfa4ae996'],Mddct <hamddct@gmail.com>,1657615285,+0800,GitHub <noreply@github.com>,1657615285,+0800,"[transducer] fix max epoch (#1298)

"
2937e43dde7bee43cc6a0a5ee5182898aa92fb5c,9e24408842c398f59ad8eba95f99d31b6bb4046d,['bac140c2277fc74725a40967f9e49889bcf2f765'],Mddct <hamddct@gmail.com>,1706279417,+0800,Mddct <hamddct@gmail.com>,1706279524,+0800,"keep consistency with  uneven data for CV
"
293f8ff2c923e48e4c5f3d765c7b853ab5181594,589aaf450e8bb775226d7111410f68f493d1c4bc,['b5f4f2719968f4d8ac47f15812af773867c37920'],Mddct <hamddct@gmail.com>,1700758001,+0800,Mddct <hamddct@gmail.com>,1700758001,+0800,"[paraformer] fix requirments
"
295514cf14c59e26c97b58e83f11b3ed0ea06893,12c9c9155394af403f68481d1247cbbbcd0d6cb0,['d68f0b554338d50b79868ecd597006f6124acc94'],Binbin Zhang <811364747@qq.com>,1616513060,+0800,Binbin Zhang <811364747@qq.com>,1616513060,+0800,"timestamp works

Change-Id: I43bf941e235cd8c4fc838036d1cb18ad7c3a2a65
"
29570cbf8010a717079a2e51dc13dc2a6992574e,32a43cf7567da4ecc5ef77ab7c0d8b1861d29020,['4d1866893c0f59f150955301d4675bb6c97f6b8d'],wrz1999 <609519258@qq.com>,1651323455,+0800,wrz1999 <609519258@qq.com>,1651323455,+0800,"change dir name
"
296de27f76aa9811e6bb454c72c936dafd1b3c32,c1407b869494748f2e79611b08cee30da03b7c00,['ea321e1aba7fec44cfad8877bda9d148036b5236'],lizexuan <lizexuan@huya.com>,1642510381,+0800,lizexuan <lizexuan@huya.com>,1642510381,+0800,"[runtime] add onnxruntime export and inference
"
29708f8d0a7dbfe9bf39ce83f17deec4411bcb79,5ec1ae276516413d641ac83334596199ec2b0de2,['af181d03be6db0654afad6b5b940eb1bd73d40b5'],Mddct <hamddct@gmail.com>,1722599405,+0800,Mddct <hamddct@gmail.com>,1722599405,+0800,"support dmel tts arch (to fix)
"
298e50f4e489fcdf1739fe8a96d83d927252751e,79a81e28f56cd35d098dceed18c20ca45f78a531,['ab181c12bb79804894427a05b68a586624c328d6'],robin1001 <robin1001@users.noreply.github.com>,1626574925,+0000,robin1001 <robin1001@users.noreply.github.com>,1626574925,+0000,"Automated deployment: Sun Jul 18 02:22:05 UTC 2021 437f13bd4fd7c5b68dfd34c0000ba364f81f4d83
"
29a05b105b7b945f9385f383b247ae2a22ed2f6e,3a0a76ac061d149ff489cc2d15dc86bb45e4d0ab,['2d0da71db4023174027b39d8716804d039b74a67'],Ma-Dan <dan@MacBook-Air.local>,1728458440,+0800,Ma-Dan <dan@MacBook-Air.local>,1728458440,+0800,"iOS, fix build issues with new XCode and wetextprocessing
"
29a81c8c4a658bb4c60aaa0e3fcc1cb982e985f5,85aab31f459b5f15171db9afcb69189378fbf69b,"['3a99c67c812ea4cad9fafe79697acff4d6ab9724', '3ea67313743c2f6a45354df3b5e6513bed40bcfd']",彭震东 <275331498@qq.com>,1619771849,+0800,GitHub <noreply@github.com>,1619771849,+0800,"Merge pull request #351 from fanlu/main

add if to avoid decoder.result is empty"
29b226a3976431f306f4f063966b7db371b945a5,146c81347fb7a0e622e85256d21a454c8adb971b,['1030fea1893fbad727dc2ab578b8b1b87fdefd9c'],Binbin Zhang <binbzha@qq.com>,1656561240,+0800,GitHub <noreply@github.com>,1656561240,+0800,Update README.md
29c658ff596a52200dc3455aac6b1073683371e0,87d7c6dc3edbf514f3ca47693097944fed58009e,['454fd4b2b3c0520c66a167b25428fea6a1414d53'],LvHang <hanglyu1991@gmail.com>,1661879794,+0800,GitHub <noreply@github.com>,1661879794,+0800,Update word_segmentation.py
29c7a933c7b9265a41ff8cc2b23352ff6230c410,be955dedeecf13a65e19f4438575c8a525242b36,['bf076a9f8916ec8e7085d290001146a4b4254fcd'],robin1001 <robin1001@users.noreply.github.com>,1678843195,+0000,robin1001 <robin1001@users.noreply.github.com>,1678843195,+0000,"Automated deployment: Wed Mar 15 01:19:55 UTC 2023 0c9e40f5c9de25578618c565017a8ca5577bc02e
"
29c7b8e7c37ce574c2b16aab1b242b918e4a8ddf,e577bf470dd82bcf8a9783e62b7047df28b4f462,['aabff6ae53dee1c96a3c1590c315ef1205a78b68'],Jinsong Pan <761086340@qq.com>,1617087865,+0800,Jinsong Pan <761086340@qq.com>,1617087865,+0800,"fix pyyaml deprecated syntax
"
29cde8afec2910a20c843f2cee498861827e2fc3,27e8ec72e78533082c18f846f77154a0b3dad4e5,['dea2eb53a127394a7c4e0d98d0de0e65889a4f88'],day9011 <day9011@gmail.com>,1670315074,+0800,day9011 <day9011@gmail.com>,1670315074,+0800,"fix subsampling mask bug
"
29d51775dc619e563180456b21615862cc709ea9,6d3eaeba3f9253a80fe6108b501a2f62b9c9a9c5,['c5829b571874a51db233418567bde48cfa5cd016'],Binbin Zhang <binbzha@qq.com>,1654247709,+0800,Binbin Zhang <binbzha@qq.com>,1654247709,+0800,"[runtime/fix] fix build error when torch is not enabled
"
29ed9a767ada8a43584e8e8087f0106c4bb0ee0b,a36ca4886c9662409539d97d09333a7c36c7107c,"['64bc61e19fc195dbaf5ced511b41e20f1b017c59', '085e6e6e148b5ae6a61ff9d82fc91f3b48b71a6e']",He Wang <57617568+MrSupW@users.noreply.github.com>,1678674771,+0800,GitHub <noreply@github.com>,1678674771,+0800,"Merge branch 'wenet-e2e:main' into main
"
29ee2431132fc962acd36d13cd4a014da601513a,7dc127994fccb7c8164daad9ba3c6d7bd6873a59,['c65fdb6ce4ea1b047d58621b90ec5d977fe058a5'],zhyyao <zhyyao@npu-aslp.org>,1657604983,-0400,zhyyao <zhyyao@npu-aslp.org>,1657604983,-0400,"fix lint
"
29f6e4b10b1fda5059ec7635b69fc92e01db0b8d,ef5db8546555f609e0e192fc29dcecc5b314b2f9,['0bd914522ff4dff9770a20740c437d7c37bd6c70'],Mddct <hamddct@gmail.com>,1699269792,+0800,GitHub <noreply@github.com>,1699269792,+0800,"[docs] cli args docs (#2122)

* [docs] cli args docs

* fix lint"
29ffa84f7a5a1249782ce349e0463d3da9b57f83,67e2c66b8c5f3ccd7f993216dd75c0fd7a47f70f,['5bbb3b9765b7fe248811b95c4c9623c2a16c1799'],Mddct <hamddct@gmail.com>,1757098949,+0800,Mddct <hamddct@gmail.com>,1757099109,+0800,"[cli] refactor paraformer
"
2a0a69aacf137fa4ffcf2fdc91b1abf8d2b31ede,da685b1e160250648fbbfa65e61feada0535fb58,['cefe25e78d352ba3e3777f66bd24002094b44127'],pengzhendong <275331498@qq.com>,1664365985,+0800,pengzhendong <275331498@qq.com>,1664365985,+0800,"[runtime] fix #1426 without uninstalling pre-installed gflags
"
2a0bec48bd085af96b130074b9869a62f745f184,d64eefed05a6e569c4cd5f7a1bc929c095a50de5,['5ef4974463300866e1b6db01058fd5da5a14bdf1'],xingchensong <xingchensong1996@163.com>,1630424538,+0800,xingchensong <xingchensong1996@163.com>,1630424538,+0800,"[runtime] add postprocessor
"
2a1ef2b849af1fa66dcddcb382cf380efb675353,bcac2d61587323903287a3391cfc680de6c987bc,['800813d78192ecd76180f011be31acb3f608370f'],Binbin Zhang <811364747@qq.com>,1607333098,+0000,Binbin Zhang <811364747@qq.com>,1607333098,+0000,"support conformer cnn cache, transformer works okay, export okay, but still have some bug in conformer

Change-Id: I0ecf52946b1c1244d88141465d9df3156e682d83
"
2a33d9183e147ff4cd5a9f670864161ace6255f2,bd3a39291bc30598e826e93e198bcb075a097f58,['8e0631c3b667896e6c81b4fefde227aaf0b437a1'],Mddct <hamddct@gmail.com>,1695874057,+0800,Mddct <hamddct@gmail.com>,1696679480,+0800,"[ssl/wav2vec2]   part of wav2vec2 training
"
2a3b974efbec43445a71261e42d68c3ec5a25af2,7361432abe4865e9747055d60860c5e6348373f3,"['51873f30de0e82db2d073c87481da51df6a7b728', '757be62901f35bb8decd5ae71bd4eb418e3e1fb6']",彭震东 <275331498@qq.com>,1617702472,+0800,GitHub <noreply@github.com>,1617702472,+0800,"Merge pull request #276 from mobvoi/binbin-continuous-decoding

[runtime] support add continuous decoding"
2a3e0da8d1a0f5cd77bb28958e6e21963e236705,078b21065407ff3bed5e589f6ac1379d81d25f3b,['01853281bef79d05918cf37c9ba40a124fc75626'],Binbin Zhang <binbzha@qq.com>,1651153324,+0800,Binbin Zhang <binbzha@qq.com>,1651153324,+0800,"refine lint
"
2a434ef9a0d7a7b3c75d95a10b53e393e9940f95,f1d5ed1e8663abdf753b9fb87b5807b354a43944,['79a5bc270044e6a4e54e94a0e309e6a8b27ab4d4'],xingchensong <xingchensong1996@163.com>,1683703209,+0800,xingchensong <xingchensong1996@163.com>,1683703209,+0800,"feat(train): enable deepspeed in run.sh
"
2a4e8ee2c8fc5e411381828228d051c3f4bca4c7,53434cf40af47a0d154507ceb6f7e1e7e2ccbde2,['a34845383d5d87449f48ba9271c69ea0c8f0ee4b'],Binbin Zhang <binbzha@qq.com>,1678590306,+0800,Binbin Zhang <binbzha@qq.com>,1678590306,+0800,"fix toc
"
2a55b512967bd81ed092cb91e5e70e9d7f8a9e2e,73e591a37d7a69781754becc3dfa4b8899a9914f,['06e3427d26540ff91674f23180708c6234b1c581'],xingchensong <xingchensong1996@163.com>,1710944903,+0800,xingchensong <xingchensong1996@163.com>,1710944903,+0800,"[runtime] windows libtorch
"
2a570593725ff0fafde2eb5668e1327f2059c485,49da562ca63e4fa54d3050047b724a40f2fbf056,"['6878af216016d0f6dc50bdc8b10f52cd979da356', '4abd99bd5708aaf902eef89c73cc1cf5f86e9dd2']",Di Wu <1176705630@qq.com>,1622522832,+0000,Di Wu <1176705630@qq.com>,1622523006,+0000,"Merge branch 'diwu-bi-runtime' of https://github.com/wenet-e2e/wenet into diwu-bi-runtime
"
2a5e5d78d518a3862dfdef40a5024e0ecd6010a0,09e60a65c53f977f539ab8692d106f9a44552623,['e8be0e009bb60062c8b9075b2654d2b90dbde1b2'],Binbin Zhang <binbzha@qq.com>,1698074966,+0800,GitHub <noreply@github.com>,1698074966,+0800,"[cli] support attention rescoring decoding (#2075)

"
2a6bfd02af76cb55ac3bd037abb698efed1695af,e6eb618a6c78bdd566c343c79b22af4e84d89dd9,['8a89ec840e41dbe4fac2ba739eb2ab7a6fffb35a'],Tong Jinle <tongjinle123@live.com>,1650271348,+0800,Tong Jinle <tongjinle123@live.com>,1650271348,+0800,"[pipeline] enable model running with pipeline
"
2a6df3b055a3aec14f672d6a1939179d1ae1aa4e,edaf101bbb4bb27f213844a82466199d6148c0be,['0ecbd37b1669fccc8c6d1fdcd2ec28af36be3776'],xingchensong <xingchensong1996@163.com>,1701410796,+0800,xingchensong <xingchensong1996@163.com>,1701410796,+0800,"feat(train): add unit test for jit.script
"
2a784b6eaac6dd2bd3cd31bca00019b0ac834842,22bffada970a174b9fa0fdbb7333398064f1b352,['246b9784c1f703f2f3bf5d17f3be1979520d336b'],zdb <15247278965@163.com>,1669694142,+0800,zdb <15247278965@163.com>,1669694142,+0800,"update markdown --stop-stage to --stop_stage
"
2aa3fc2d60ae493b447649482d50c430e211a76a,8483c0557e7b70fb54470f3a3fe1b899036a3bde,['5cb608aaec27c53f60e9176d706f07c1856c8f40'],Binbin Zhang <binbzha@qq.com>,1673576205,+0800,Binbin Zhang <binbzha@qq.com>,1673576205,+0800,"fix link
"
2ab4fb6349182f3f69d8838cf3b8f76cbebadd47,ba172667d1867737830776c65eb9c5e4280e7852,['b0d1a5cc8edc47121faabc1190f11dac1196c71a'],彭震东 <275331498@qq.com>,1634119183,+0800,GitHub <noreply@github.com>,1634119183,+0800,"[examples] aishell2 use unify io as default (#680)

Co-authored-by: zhendong.peng <zhendong.peng@mobvoi.com>"
2ab81630324afce84e4c33af27eebbb1da7fb99e,036343095d0ebceba7d1d0ae38773b7d53ff14a1,['bb43c3f3799deca1fc639c7e8176173e6326a2b3'],Binbin Zhang <binbzha@qq.com>,1762133961,+0800,Binbin Zhang <binbzha@qq.com>,1762133961,+0800,"[lint] refactor lint
"
2abff9d536c61e73b1e45ffc43cb2312292a9bd2,db254111e3565f95c49c13d1803dfbc0ac802053,['e3a5a1649cfdc42fa5675f7d9862f212fc70a842'],Mddct <Mddct@users.noreply.github.com>,1700798174,+0000,Mddct <Mddct@users.noreply.github.com>,1700798174,+0000,"Automated deployment: Fri Nov 24 03:56:13 UTC 2023 8f7a8f3f9f6674b058d0dc9a79cd29e2775ca6f2
"
2acc470c5aabbc3185ff0fdca8c5a984a383977c,11c7919db4175796c0fc6dba19a62883b9c9e54f,['e232e6d88d2051b279161fd092b48998fc09f300'],彭震东 <275331498@qq.com>,1621852598,+0800,GitHub <noreply@github.com>,1621852598,+0800,[runtime] use expf instead of exp
2ade8223a8b0bcebdabbabf8c76ae927701bb503,c534a131e1f890e838422825293b411d43a6ff20,"['e03975fc9b5c5c40b8bc7a03b9abb67abbbb49d0', '5865b0fa4c5ad54ea421207f5ac4fa0c1bf475c8']",Mike Lei <mikelei@mobvoi.com>,1606709463,+0800,GitHub <noreply@github.com>,1606709463,+0800,"Merge pull request #11 from mobvoi/mikelei-readme

Improve wording in README."
2adf6512d8d947b52ef1af6bed0d3eddf72ccb46,1825c5f91e04b11eb534aff2fd11d0c7720c4f5b,['203e06750d9cf451a75dc0a038a12541b2158fe2'],Dinghao Zhou <hamddct@gmail.com>,1723817697,+0800,GitHub <noreply@github.com>,1723817697,+0800,"[ssl/bestrq] happy ending---stable training  (#2614)

* [ssl/bestrq] happy ending

* fix multibook loss"
2ae0ca3d6349855eac86e2566f0c2d7e8795cd3b,9c84281eb478af80859be57ce201f3b91517cb71,['e18816733d748887140f0d6d80f990257810335d'],xingchensong <xingchensong@users.noreply.github.com>,1699264935,+0000,xingchensong <xingchensong@users.noreply.github.com>,1699264935,+0000,"Automated deployment: Mon Nov  6 10:02:15 UTC 2023 9250dff779f27f282f92ce5332d629717667064d
"
2afd0a54f9b0c6afa6c90d63beef8f936f52dfc2,60e3c66b3a7bc3c7800f89106d6110d8a6a8f02f,['9060ab2fb771b7fff032f963b5d6434d08f453ce'],Ma-Dan <dan@madandeMacBook-Air.local>,1670941798,+0800,Ma-Dan <dan@madandeMacBook-Air.local>,1670941798,+0800,"Fix openfst bin build
"
2aff5e0f904346537cbd89046b95b7891df925b5,8e110cf17bebcb279a37ca1c0a75b01b88ce79bc,['dde4b597b9513cca664f0b5cd23a6b288ca361da'],xingchensong <xingchensong@users.noreply.github.com>,1717467539,+0000,xingchensong <xingchensong@users.noreply.github.com>,1717467539,+0000,"Automated deployment: Tue Jun  4 02:18:59 UTC 2024 f28c86f7df6787e6f0876f991d4013d5f5ce5c5c
"
2b050023d910c96ee534c9f354d4e008a346e52d,5418702eb0fa08213b3784d13c18ed39133cd9d8,['8814fa7412fa38cca8335f5b07e8725de4a1bf99'],Yuekai <zhangyuekai@foxmail.com>,1637055145,+0800,GitHub <noreply@github.com>,1637055145,+0800,"[src] Add Fp16 grad sync for ddp (#791)

* fix logging no space

* add fp16 grad sync

* fix flake8"
2b0573fefb42d57da6c04bfcf71e94ec301b2733,18d22d31b7200815e90d10f2013d84cfb788ccc4,['97ffee4481bb2a8f51619a145672a413301e7f68'],Yonnie1331 <yijinx@outlook.com>,1717208180,+0900,Yonnie1331 <yijinx@outlook.com>,1717208180,+0900,"unuse forward when jit exporting transducer
"
2b05b0f11f4c53f39b64b2d120b980a3f8e311f2,8e110cf17bebcb279a37ca1c0a75b01b88ce79bc,['d7fe9c323fcc7307b36443ef3ec9691d33f6b109'],xingchensong <xingchensong@users.noreply.github.com>,1713834280,+0000,xingchensong <xingchensong@users.noreply.github.com>,1713834280,+0000,"Automated deployment: Tue Apr 23 01:04:40 UTC 2024 9b5fc9667a0ca13435c9b4672d0d24ed609e85ba
"
2b269daae25b1c292cf2b79f9134b92110b3c613,b301b8690520702bbfe18f45d9545d388b43bf02,['6d5b294b7dfadc0235704ea8be2c69df1032074b'],Hyeonseung Lee <swigls1@gmail.com>,1662358193,+0900,Hyeonseung Lee <swigls1@gmail.com>,1662358193,+0900,"flake8 formatted & comments purified
"
2b30bd7dc6a9a3fecdfa12510a6ce7d8cc1f73cc,9c84281eb478af80859be57ce201f3b91517cb71,['4bc0c264edb4e8e887fb783944547a3f89f1536d'],Mddct <Mddct@users.noreply.github.com>,1698997710,+0000,Mddct <Mddct@users.noreply.github.com>,1698997710,+0000,"Automated deployment: Fri Nov  3 07:48:30 UTC 2023 33425414c82f1a384226e27c5749feaa494e7e3a
"
2b32579076e71ac63bb7811b6176530069959658,5d24dec0f5c3aee02420490258c2e285959e0ebb,['ad1ba5fe0831322640d7135abcc04691eb7ed5f9'],pengzhendong <275331498@qq.com>,1630060875,+0800,pengzhendong <275331498@qq.com>,1630063695,+0800,"[runtime] fix cpplint
"
2b370eabfed00fb1aaf3d9723ac13cf04cdfc4d9,9ff5511036778572e0fa67543412b7c29b969c8f,['377e7205f422202ccd69a0aa4a42634673b3ce99'],Mddct <hamddct@gmail.com>,1712132626,+0800,Mddct <hamddct@gmail.com>,1712132626,+0800,"[transformer] add rope for transformers/conformer
"
2b3dcbd6ba35b4832fe471ee3efeb44bb533d01f,f0c30e05f9702d31814cb7eb471bd38710917126,['e6a5d8858a922049eb884eff3fd40512578c9bf1'],Binbin Zhang <811364747@qq.com>,1612165614,+0800,GitHub <noreply@github.com>,1612165614,+0800,"[fix] fix cmvn bug in conformer (#125)

Change-Id: I13ced5714bf85082bd9e67c3fdf1c1f321fd2140"
2b4aa22e3ecfab7cae9d3c21e6bbf2c8820fe03f,7ae9541e31af8934b70f5cc74a3f468fe0f23424,['3a588a3493a9ffdd2b308f69971fae781d92a774'],pengzhendong <pengzhendong@users.noreply.github.com>,1620618477,+0000,pengzhendong <pengzhendong@users.noreply.github.com>,1620618477,+0000,"Automated deployment: Mon May 10 03:47:57 UTC 2021 d1e0324ef325c3cec231410b825bc93f0f3add51
"
2b4f1d8aebba5dc8c0f8fd5990f58b99efce2e6b,74d5ba8c537cc1875821a135e8d7e242c159e33b,['67dcdba82a3929642a9e741a3313265405512345'],Shengqiang Li <1312246931@qq.com>,1637553270,+0800,Shengqiang Li <1312246931@qq.com>,1637553270,+0800,"Merge branch 'sqli' of github.com:Shengqiang-Li/wenet into sqli
"
2b50bca06b7788bf5713859ae3dd133ba252c826,09851408fe16b74cb9ccffaf206379f3992d4bec,['1da0acccb5464f40e697f2879fbf8234e2bd3dd6'],彭震东 <275331498@qq.com>,1669346526,+0800,GitHub <noreply@github.com>,1669346526,+0800,[doc] update doc for wenetruntime
2b51bb11a86bec1cc6cc054e006abfe63f0a238c,9ec2faace394e0004d6cc7b65ecb5dcc9dc7dd95,['9163b114e41e7bb19c12d529ac1baff853623af8'],robin1001 <robin1001@users.noreply.github.com>,1635213761,+0000,robin1001 <robin1001@users.noreply.github.com>,1635213761,+0000,"Automated deployment: Tue Oct 26 02:02:41 UTC 2021 9ea9fe1b193f3cecd8199f0efe2fb5c23874d4de
"
2b5fb025f9eba78c613910436960c99e29554a53,f2c8fdad28124f1efddab56561abb29f8a39b3e4,['d3f690a889e8b5aea3eabb5dcf39bb48d754d2ab'],Binbin Zhang <811364747@qq.com>,1631082080,+0000,Binbin Zhang <811364747@qq.com>,1631082080,+0000,"[doc] replace google Groups with Github Discussions

Change-Id: Iec0ff7502b9784e169f72623137c38404c7c92fc
"
2b62138f5868ee92edd0b7b3d296c75396db76db,87f8a560c30c8d1a08e87a0a45a3d8a04ea7ad34,['5dabdf71aae803fa1652b76e91e5c05542f85601'],Binbin Zhang <binbzha@qq.com>,1632965101,+0800,GitHub <noreply@github.com>,1632965101,+0800,[network] fix dynamic batch bug
2b621bd6bf58a9d3f7d14c591ab11e23890b31ca,3d722689226cc3c76be49133aba92997ebf3076e,['82c3bcc48903c181be7d9356dc65c203df8a3c5e'],YMCVICTOR <96717757+YMCVICTOR@users.noreply.github.com>,1704271609,+0800,GitHub <noreply@github.com>,1704271609,+0800,"ymc-branch (#2271)

"
2b67e6c38be65c871d804928e01f81ee75299a32,ffb930f84e6c39937aa179118069131684b1de68,['1f0fba41419ab0b38f818a8a8ea07053954bc043'],Dinghao Zhou <hamddct@gmail.com>,1713330612,+0800,GitHub <noreply@github.com>,1713330612,+0800,"[branchformer] simplified branchformer (#2482)

* [transformer] simplified branchformer

* fix yaml

* support mqa  gradiengt ckpt sdpa

* fix gradient checkponit

* add deepspeed comment in layer dropout

* fix comment"
2b7b6711b408950ed8735294d3cc5a2f0ca0968f,1a010460ed77ad03552520d4967b6d4a9e82bcf1,['8ebbbe8154f6327e855fd835921bfd7fdf1c05ab'],Binbin Zhang <binbzha@qq.com>,1665538480,+0800,Binbin Zhang <binbzha@qq.com>,1665538480,+0800,"[runtime] remove api_main compile since it confused some users
"
2b7cd6f9e3a0ce12d7503a437f6d1a13cb8922b1,1329a3394bff3904c74d7035f50b8df481151d10,['8f946c2cdaa34e6b85b84e87ba4254be1fc629e8'],Yuekai Zhang <zhangyuekai@foxmail.com>,1636955541,+0800,Yuekai Zhang <zhangyuekai@foxmail.com>,1636955541,+0800,"add fp16 grad sync
"
2b8338a738c556fecdd6602be6c7ce23add0c602,67ccfdb7ade73ae61baa4f01fd8a7f9ecc16b60a,['c00eaf3fc112864659b285d53935b2776d889948'],robin1001 <robin1001@users.noreply.github.com>,1703040693,+0000,robin1001 <robin1001@users.noreply.github.com>,1703040693,+0000,"Automated deployment: Wed Dec 20 02:51:33 UTC 2023 4edbaedd0565e1a9dcc671fc813229137dd026e3
"
2b84f8ea3181bc56fa8ad166360c75bdf783b0ba,0409e59a4eeff471ae4948e17a1acf1ae1936966,['dc0d13e376e940158e3f653346452bf993b43fd0'],Binbin Zhang <binbzha@qq.com>,1656518207,+0800,Binbin Zhang <binbzha@qq.com>,1656518207,+0800,"[doc] add runtime system doc
"
2b8521088428733550217ac06268a3a9db1ce571,993116f521d421c662cd6d84a16bdad354dd6b1a,['5d2dcf1333d544a1ecdfb9ee16e0e0f1fa675572'],Binbin Zhang <811364747@qq.com>,1626852588,+0800,Binbin Zhang <811364747@qq.com>,1626852588,+0800,"[runtime] refactor postprocessing function

Change-Id: I19782e2ee5d303bcda78306d44756d773ee5c9ff
"
2b92d0a7a13cd50db9de3ee9b3fd326bcbb3a90c,8c84e876dae753ed5c98a53f67de8c3662e089f7,['46ebe6e268be1c07fcf13f47cbc3970d3102c66b'],Di Wu <1176705630@qq.com>,1693211915,+0800,GitHub <noreply@github.com>,1693211915,+0800,bug fix
2b966f027e5fad5677ad93cbd5a7e15fe8875456,f1688879169985c3f2c7a71692166aa904db34ef,"['064429414ae09ed700243771681961b78481f434', '6f77461c18253a9e7e431305f1d967425b353fff']",Mddct <hamddct@gmail.com>,1711097451,+0800,Mddct <hamddct@gmail.com>,1711097451,+0800,"Merge branch 'main' into Mddct-fsdp
"
2ba19b59d3dfe2a6acab7d852a06ce2d6dd35c9e,cc31c5eea7079808d79c81618fb6def7d4695808,['f36d5dba48f1e6a98c88d71c6ad3cbb367f03288'],fclearner <614478391@qq.com>,1721561742,+0800,fclearner <614478391@qq.com>,1721561742,+0800,"修复文件
"
2ba32c3e9b522e66837877a1c30a3ca18ad61b63,ef8e748aa68abd561c30e5a72db27b6c5ae6b698,['5b28502564fbf5313a2b66aa5d76fe01891a67f0'],veelion <veelion@gmail.com>,1666343761,+0800,veelion <veelion@gmail.com>,1666343761,+0800,"only emptyCache() if USE_GPU
"
2ba50a3802db4ab8a5f6578abd8bcd3382a53eee,ddab13e762cbe3131a09b4248840fe59e733a975,['a003ba0b3287abd7a8daeb4f0df1264c022a07d8'],Mddct <hamddct@gmail.com>,1702372465,+0800,Mddct <hamddct@gmail.com>,1702372465,+0800,"fix os
"
2ba5394cb8ec0463271214d0c47c887e7b8128a0,db1966dbf8a95428e7639464ceea775151467a77,['27cba880f8ae76f03a510eaad71a0c0755f090ad'],Binbin Zhang <811364747@qq.com>,1611196326,+0800,GitHub <noreply@github.com>,1611196326,+0800,"[conf] add unified transformer for aishell (#79)

Change-Id: Ib8ae15bf48fe6429f556bd3c3ac559b36775128e"
2bc6bbf7fb7fd57f60630c05a6ef1d5cb0b3d429,4eb23ab28bb4259da53d6ef4e5591b607b9f2f36,['9a8a437c437c4b88d5137843acc9dcb9e69645d5'],Binbin Zhang <binbzha@qq.com>,1652710768,+0800,GitHub <noreply@github.com>,1652710768,+0800,"[binding] add language support (#1120)

"
2be503d9eab9652eac07b8aee3eb2e20c4ae05f4,004898553fbc8b742be8b47618b8e8a79f4c8f97,['db403a85ae513bb9090c78bd394aa980c697ffb7'],Binbin Zhang <811364747@qq.com>,1629858726,+0800,Binbin Zhang <811364747@qq.com>,1629858726,+0800,"[doc] using the latest pytorch and torchaudio by default
"
2be7df18526fe06d7f81424b026bd64ee442e58e,cbe5765c3b01178be941f3914667ca9c214fdf6a,['384f9356cc25848175dacda32e08d9c9a6c4ad52'],yaojunqi <15135474799@163.com>,1646625029,+0800,GitHub <noreply@github.com>,1646625029,+0800,"Update ctc_prefix_beam_search.cc

fix topk bug with small words.txt"
2bfc65cb88178bbd339d54aa3dc592213f89a907,e7ac15c67529f925fce28789272c0fffe5f675a5,['a71815d456953b838b802965595bf54d4f31cbba'],veelion <veelion@gmail.com>,1661922557,+0800,veelion <veelion@gmail.com>,1661922557,+0800,"let attention decoder return score
"
2c090d6cefd21d3bf0d6e537809c75ef4975730f,bbd2ba099a63bed2ae86f502c5d019c3428c9c7f,['ffc11815d696c6c61652ebe47ff13c71f34861cc'],xingchensong <xingchensong@users.noreply.github.com>,1706752542,+0000,xingchensong <xingchensong@users.noreply.github.com>,1706752542,+0000,"Automated deployment: Thu Feb  1 01:55:42 UTC 2024 22642e445dd2154adc26696b451ccbc2115e5ea1
"
2c135c69c82b645f282f3295f5ce929bc3fda396,f386b5c4af85e704c56178bd540cd714d7b38b95,['6f59505b4a28f6fdfa5527ed2c5a25fa6d010ce1'],Binbin Zhang <811364747@qq.com>,1617779429,+0800,Binbin Zhang <811364747@qq.com>,1617779429,+0800,"[runtime] add wenet prefix for disallow copy and assign

Change-Id: I39fc3e4185e1f8191a249ac2b1a61b444cc013bf
"
2c141a206faf46b1dd689476a80813cf8a1e572d,238be33a959618c8b3cce0aa102212d63b57d887,['357399a95a164cf8fa6239327dd15e9d7c87d369'],Mddct <hamddct@gmail.com>,1704386609,+0800,Mddct <hamddct@gmail.com>,1704386609,+0800,"[paraformer] fix import
"
2c1d8fa8ce2be7cd6e86cc110d791872ad65080c,e43bead820c591f7b34639f73f050ebcbe3bd279,['56d60ad1020334ee6afbf2e1d56aa6e73502a0d7'],Binbin Zhang <811364747@qq.com>,1628761187,+0800,Binbin Zhang <811364747@qq.com>,1628761187,+0800,"fix function name

Change-Id: I229ef4bf08cbe721f18ba061ad2fcbdcca6cabe1
"
2c26462bf94b8b5d8d3bcef2b9c0869687b49697,58ed420cac884843d560e52fe6e73084300228f1,['9b3c79c74a5b417902214c7aba3f12f1dcc24dfd'],Hongji Wang (王鸿基) <jijijiang77@gmail.com>,1687262634,+0800,Hongji Wang (王鸿基) <jijijiang77@gmail.com>,1687262634,+0800,"[runtime] support streaming ASR web demo
"
2c26ae45bc532277ce3c25f8fbc6ef7d69d2d85c,59e8669772b78852b9271d2525f31da0112a361a,['32961f50c49905dd118eed36f4ce591de23be0f9'],roney123 <roney123@vip.qq.com>,1711518811,+0800,GitHub <noreply@github.com>,1711518811,+0800,"fix not use ITN, now ITN is must (#2444)

Co-authored-by: roney <648662976@qq.com>"
2c27001a712ef6bda3c67bbaddc5fab4c9c18bc7,1da889d5a1a757e73d1474c6237597be086631f2,['693a216efa1a990782d122646a041ed32dfa1362'],yygle <yygle@qq.com>,1667831019,+0800,yygle <yygle@qq.com>,1667831019,+0800,"[update] compat with websocket server
"
2c39d4b5fbaa52b9f401de532a9acc8881095e88,e25cdb58e22d86c38ca14c247f68755307c727d0,['c7fcb37b48a47463595b3b29bccfd2c65524c14a'],彭震东 <275331498@qq.com>,1653206922,+0800,GitHub <noreply@github.com>,1653206922,+0800,"[runtime] copy onnx dlls to cmake_binary_dir (#1149)

"
2c4251596ea794ded3e5c7fccb64e262ab521342,4b1cd64491b46f23e7eb2d9c007c5719ed276256,['928f13f84bc111d0ae6ff148437b9f26e23f35b1'],xiang.lv <xiang.lv@ximalaya.com>,1673941046,+0800,xiang.lv <xiang.lv@ximalaya.com>,1674968318,+0800,"add http server/client
"
2c4970e59c1c24489869e9a9bafb61c57c5d7bec,71908e478857c55fd45b0b54bf6474f7a82630a3,['a10021351863bba811f52d0a707589a70b1e916b'],robin1001 <robin1001@users.noreply.github.com>,1680100054,+0000,robin1001 <robin1001@users.noreply.github.com>,1680100054,+0000,"Automated deployment: Wed Mar 29 14:27:34 UTC 2023 89a736181d4da8f3a363bac9f59d60e0fd3d9676
"
2c635e8deb534a7324d2e07249d1d1280a378c61,3c5437c57a3676e78bb1788a930ccde01e6e617b,['46bc450c860a87bd607273a1ef6b0b3b9d57aa8e'],Binbin Zhang <binbzha@qq.com>,1650885445,+0800,Binbin Zhang <binbzha@qq.com>,1650885445,+0800,"[runtime] add wenet runtime api
"
2c6a7dbdd32cfd4ae0289993db71bf6e96576ecb,d330ab569e318a3281f85b1d707e223be2f3139e,['0e6d329643495e91b97d4219b3d054b33d454b2d'],Mddct <hamddct@gmail.com>,1698726422,+0800,Mddct <hamddct@gmail.com>,1698726422,+0800,"[paraformer] delete training relatd and simplified paraformer
"
2c7aaa6536f4da97e787c26904134925b4e98d55,55f9742b1ed215032b74c192374ace84ed5a5647,['200b08553ea9f7cd1b6be79c88e1c627d78682fc'],robin1001 <robin1001@users.noreply.github.com>,1757174074,+0000,robin1001 <robin1001@users.noreply.github.com>,1757174074,+0000,"Automated deployment: Sat Sep  6 15:54:34 UTC 2025 f49bc4fb7039d639778da82605befc003bad302d
"
2c83d624642ec8529586d3d11611f442c625372a,1dbb252b1014d6cbd5391539578d1acda17ab5a0,['dd363055427f977d40a5815f05e3e59027854027'],Mike Lei <mikelei@mobvoi.com>,1609387146,+0800,GitHub <noreply@github.com>,1609387146,+0800,Update README.md
2c8e040b58b7088a7d6a13712a39bc4194370801,764c6c251cba6e505d95dfd8f3639511c1fa791a,['6e5699388e81850819e70142ce7bd6ae942e337f'],Binbin Zhang <binbzha@qq.com>,1697681411,+0800,Binbin Zhang <binbzha@qq.com>,1697681411,+0800,"[examples] fix main recipes using new decoding style
"
2c8e7354ba9330c1e22591010a3ea86c9d856bd3,6bcc089b99c575f18fd44b0664e7cde002feccf4,['b8a2305eec58bd9759acf3fad9487e35ff25ed4c'],robin1001 <robin1001@users.noreply.github.com>,1621587008,+0000,robin1001 <robin1001@users.noreply.github.com>,1621587008,+0000,"Automated deployment: Fri May 21 08:50:08 UTC 2021 7a1849acca272bdb482f9343057b1105a5f869b6
"
2c8f8ce61092233d82ee031023d6c12d6893700a,a99298479ed06767cd6c33dc416e2b95700d0d5f,['baaa27a9a1415d6d1c16ff28197c2636dd189392'],kobenaxie <572745565@qq.com>,1706259641,+0800,GitHub <noreply@github.com>,1706259641,+0800,Fix loss returned by CTC model in RNNT
2c948932d875a8366db4fd454468a3626c2274bb,7a307a526e0704e6a4ba72f43033fe279fe9bc56,['80c81e3e2cb7ff3f7e12203e7f3f3e9f16017949'],robin1001 <robin1001@users.noreply.github.com>,1668392474,+0000,robin1001 <robin1001@users.noreply.github.com>,1668392474,+0000,"Automated deployment: Mon Nov 14 02:21:14 UTC 2022 d7fba0991d3fc0ace7d172b79f4ee7156b39e693
"
2cae375db7476ed56af0cfc9009370c5727af55e,ef5ac4992d5beb8983473ff353fd6dcdad21fe00,['844be5b6aafa1c109ffddb241198730ecef3df77'],Binbin Zhang <811364747@qq.com>,1620798494,+0800,GitHub <noreply@github.com>,1620798494,+0800,"[tools] compute_fbank_feats works (#376)

* compute_fbank_feats works

Change-Id: I8417068927ae19994a32bf2a9b0fd161585a7530

* support segments

Change-Id: Iada5a8ae217d601eb5a3b0a9aeebc7d0291e8f08"
2cc1531097de446db781c1fb3d94cd37308bf7f2,1528bd2ab2ddd1b77ebd56b22e48e94c95491245,"['da392994da4b2c8077261fcd39c153164905aac1', '0c7aaf3fcb00ad0a9caa31fd72256e6d3137b537']",彭震东 <275331498@qq.com>,1612757890,+0800,GitHub <noreply@github.com>,1612757890,+0800,"Merge pull request #158 from mobvoi/binbin-doc

[doc] add papers"
2cc8ce2497d6e3e4112ec4bb2ffb6a06cddaf32a,0cfd0343ca2bd518f88cf5dbe181f26c88c0f849,['6fc28b5781af9df9a5c726f13e437671ea065e79'],Di Wu <1176705630@qq.com>,1630378309,+0800,GitHub <noreply@github.com>,1630378309,+0800,Update char_to_syllable.py
2cd80aed4acf1b8e51daf681e00e751d56ad300f,387ad49d4f844f4898175c4bf4719e600fc99644,['e89be5bea0a2d5fbc8e65b2bd16d8cb5aa8e76e4'],luchuanze <619474145@qq.com>,1639827729,+0800,luchuanze <619474145@qq.com>,1639827729,+0800,"[runtime]handle the context that has not yet the end boundary does not set to start state with negative score.
"
2ce6163a545414fec4689c90d423656f7f8f65ea,dd135a7493a206cb61500052339f62421d675045,['3dfb0a0b563f2493cecc19d6de3c0a09b97a7f00'],xiang.lv <aluminumbox@163.com>,1629886632,+0800,xiang.lv <xiang.lv@ximalaya.com>,1630323242,+0800,"fixed the new DecodeResource interface bug
"
2cea7543034e9d5ea0d2b56ff36f2bc83caca06f,1cff9841e8e5f32f36222b0d43708efa819fc7d5,['f844024f3544722b39f3e416d063dfcffb0cbc37'],robin1001 <robin1001@users.noreply.github.com>,1634203605,+0000,robin1001 <robin1001@users.noreply.github.com>,1634203605,+0000,"Automated deployment: Thu Oct 14 09:26:45 UTC 2021 5e42b5214c0647f7aa99c9905f4c627d795a088d
"
2ceef16b137d17d3f4fc8cc6b38903fefc7692dd,993baec3b9e77ebd9313a844c3a2fc92fc0fcad1,['6ba9a534aa553992cec21909c6ad9d5f41eaeaa1'],Binbin Zhang <811364747@qq.com>,1620617986,+0800,Binbin Zhang <811364747@qq.com>,1620617986,+0800,"check srilm tools

Change-Id: Ifaa19ad202dd0b3d6850002a582b0c270f766076
"
2cf34309f40f3d690f53e03e4ad06b3376d69aef,27535339f4718f3dfe93a8ab31ce7e7e312cce46,['a68ec5645ec03b9a8f6eeb301d52b9c3abf95bcd'],xiangru.meng <meng1984>,1697010291,+0800,xiangru.meng <meng1984>,1697010291,+0800,"first commit
"
2d0da71db4023174027b39d8716804d039b74a67,ce80b2aa6af8f06180e204af218000d526b54102,['a198c1dc12e1f4d19a70153907b4905f6f65a378'],Dinghao Zhou <hamddct@gmail.com>,1726822317,+0800,GitHub <noreply@github.com>,1726822317,+0800,"[workflow] fix python env (#2633)

"
2d26d0f88369744fdd37303f5c12c437cc8f5a5f,a4cad6bb586895aafac2ad57ff0fe29c46688149,['a5d487ca477bfe8f520e986f1e4ba10375e47c61'],robin1001 <robin1001@users.noreply.github.com>,1679284867,+0000,robin1001 <robin1001@users.noreply.github.com>,1679284867,+0000,"Automated deployment: Mon Mar 20 04:01:07 UTC 2023 a95baf0cccc3bd58fed512438772618e1af8ea37
"
2d2d54f7e15bb0e465d669d68fab303c55a4d236,2828d3af8bd303df79244c5f86c4c83d1b4453a4,['9985d04424943baa95efa5e36d08ea9eab9abc74'],MrSupW <1402036111@qq.com>,1678813171,+0800,MrSupW <1402036111@qq.com>,1678813171,+0800,"[cif] deal with replicate codes
"
2d3fc750921494ffe2e364e51e662da722888e90,dc6e0acc6c3de4df40bbfab1bd3c60df8b04d5fa,['a6d049f0d925f75786f68ca290bf84ba3cb3f9a3'],robin1001 <robin1001@users.noreply.github.com>,1699273315,+0000,robin1001 <robin1001@users.noreply.github.com>,1699273315,+0000,"Automated deployment: Mon Nov  6 12:21:55 UTC 2023 fd3803b107493aa050e940132a39e96fc4e4b1bf
"
2d4703e0798e667f81ba54e1a53ed4e61fe17589,128b418d5c6c809a9f3cc408b926c1d3d68ddea7,['384f9356cc25848175dacda32e08d9c9a6c4ad52'],Jie Han <jay.cn@outlook.com>,1645439960,+0800,GitHub <noreply@github.com>,1645439960,+0800,"[runtime] Update Dockerfile (#951)

"
2d4ba4ebecf970ad440b0d2663f191a30de008bf,ca0d7544893cab0d4ffac775c3e63d3e57113665,['8b08d72179341100a82ffa84f839d016481ad2ab'],Di Wu <1176705630@qq.com>,1620666708,+0800,Di Wu <1176705630@qq.com>,1620754314,+0800,"[network] bidirectional rescore v2
"
2d4ed84d4aa7f6fa3a0d78341272ca1bbbeba808,9ee1f8fa9b1c534e903befdf448814b166c83eb3,['87c2fa0c99b7463658d0687969b4cccf1645f5bd'],Wenjing Xia <827146228@qq.com>,1616755202,+0000,Wenjing Xia <827146228@qq.com>,1616755202,+0000,"updata config & result
"
2d52ff64f70e76ec1a69b7c21e15255ee3088adb,c4e67f72b494ef218c7bdc5a96322ce471a3b590,['1ea804b0f613bce4f45e0a205189f1eb9623ff19'],Wenjing Xia <827146228@qq.com>,1615354593,+0000,Wenjing Xia <827146228@qq.com>,1615354593,+0000,"[fix] RuntimeError when ctc_weight=0.0/1.0
"
2d61280f9a82f1f4b1f626dc7120faa13bee4944,f5e4f0720b0bcacd96dd79a29ee26866255eec87,['377e7205f422202ccd69a0aa4a42634673b3ce99'],fclearner <614478391@qq.com>,1711606500,+0000,fclearner <614478391@qq.com>,1711606500,+0000,"support lora for v3.0.1
"
2d69d543f4804fb8c869d3b20bbf446eebfd26fa,a59e203028e3f34712516ef63c2cd2884ba252c3,['b1dadcb35be769194166afd444611d736b44e1ec'],Xingchen Song(宋星辰) <xingchensong1996@163.com>,1713276772,+0800,GitHub <noreply@github.com>,1713276772,+0800,"[example] Add deespeed configs of different stages for illustration (#2485)

"
2d6dd41ec5f3db47e54dcee5daeef7f005e65251,353456a96b35b5030b7580a0c495c3b7cac81380,['8e7551f67e2cb72d2aac1b2691add88a4a26706c'],彭震东 <275331498@qq.com>,1656252718,+0800,GitHub <noreply@github.com>,1656252718,+0800,[runtime] Update onnx.cmake for windows
2d6df3587db36a1c2dcb68d42eb08a4dd9864c94,fb3123f6ae4d84f38b062d049b4049bec0aec2e7,['545f181a16a08b77574ad1cb250289ea2c2449d4'],Xingchen Song(宋星辰) <xingchensong1996@163.com>,1702047653,+0800,GitHub <noreply@github.com>,1702047653,+0800,"[fix] set default to False if not specified in yaml (#2214)

"
2d70039b2c892dc247a33b9123c241103c5f081b,98f345b23be266d65a55d2aac1277a0f8f57ed95,['2f1f4dfec83d4cab791120f15af43088eddb9005'],Mddct <hamddct@gmail.com>,1712415250,+0800,Mddct <hamddct@gmail.com>,1712421573,+0800,"refactor scaler and autocast, fix fp32 fp16 bf16 for fsdp
"
2d76c92601d9b97d717e4318f7c40dd1d204d860,92c3291e2291901e6972b882bf705b805c8b349d,['ef5ce73f0a17d17bcc200b992f2dd69f2660415b'],aydentang <aydentang@tencent.com>,1642932005,+0800,aydentang <aydentang@tencent.com>,1642932005,+0800,"format
"
2d7950d7993eeeb8e4f916d20bdfe0d9c24c6d59,5cc770aac59a4d4502b8db6e50daf68f6fda0b48,['bb4ba81e0681f993e2f3c3c72c0f95c78999fef5'],robin1001 <robin1001@users.noreply.github.com>,1634806781,+0000,robin1001 <robin1001@users.noreply.github.com>,1634806781,+0000,"Automated deployment: Thu Oct 21 08:59:41 UTC 2021 179e411d3dfdb1bc28b2a4fefb16e723673ad908
"
2d79dce9e254a59bb062c94fcf5ca8ea1c014946,effe2c2f8cc069de83179d19e0898208bd65cbc2,['76866f72a3e665de1a5e17b779dfc31468bdb6b0'],Slyne Deng <slynedeng@gmail.com>,1654586806,+0800,GitHub <noreply@github.com>,1654586806,+0800,"[doc] Update README.md for x86 gpu(#1201)

Add a notice for streaming export"
2d8bb9780f5b23da65abee37fd612a1fa2f2f4e8,343ea220c2e5f5c97ab063d1e9b1109728543232,['704a5bbf3e06386748bdb8ec959b973b2ac8b1d5'],Mengqing Cao <cmq0113@163.com>,1715912461,+0800,GitHub <noreply@github.com>,1715912461,+0800,"fix segmentfault in (#2506) (#2530)

- fix segmentfault in Kunpeng (#2506)
  - avoids the repeated initialization of deepspeed causing by (#2507)"
2d8c2a9459d61bcc4fdceede6df75e744ac244d8,ede0ff681fad6bbf89be94ab910ea01f88ec4499,['900f68d48c460759f9150df318f20be14cc5ed4b'],Binbin Zhang <binbzha@qq.com>,1697506366,+0800,GitHub <noreply@github.com>,1697506366,+0800,"[wenet] mv all ctc functions to ctc_utils.py (#2057)

"
2d9219c60bc3ae318e4e5d4ec614ffaf00f1275b,3ca12aba6bed401595ce33a22fdf05762747de5c,['97773c8f96e95b7e74123086029609f6ce2c1792'],Mddct <Mddct@users.noreply.github.com>,1757496944,+0000,Mddct <Mddct@users.noreply.github.com>,1757496944,+0000,"Automated deployment: Wed Sep 10 09:35:44 UTC 2025 8423e175e4feffa017948a59084eba707f862973
"
2d92a1db6fc1120507116bf33190204111c9f6fa,be6c16c2d0f2e37f85c0a679c579e65b88021b5d,['dc3975e2027b53ff19d8af370fb98b03d443ea79'],robin1001 <robin1001@users.noreply.github.com>,1713144553,+0000,robin1001 <robin1001@users.noreply.github.com>,1713144553,+0000,"Automated deployment: Mon Apr 15 01:29:13 UTC 2024 c9bc0aaa6b009dc15797e23c6f94b2f548b4d6be
"
2d9305c67a8b8c999436067474963d54493e399f,186d2e73893f3a84b3b84727dc1ea2a01ad3b602,['1da8b0ba17b1a9dfc7180ee68b69df80b4fb7e0b'],Mddct <hamddct@gmail.com>,1712727126,+0800,Mddct <hamddct@gmail.com>,1712727126,+0800,"fix rope pos embdining
"
2d9d95cbb578beb73c557eeae59ba730caf50e46,3a4679b7e31e228762b11055d602b869f507fda6,['c719b188df02bd49da6bf8a68de826dbc5f585e9'],Mddct <Mddct@users.noreply.github.com>,1740496633,+0000,Mddct <Mddct@users.noreply.github.com>,1740496633,+0000,"Automated deployment: Tue Feb 25 15:17:13 UTC 2025 bbd6d4729b1274ee23805af706ab47723793b028
"
2d9e7423d14e4c9468f73b564f4a7a9446b73406,60d2c3b160d12e36ad427e07e9253786ada2e9d7,['5b415a03c18a8d48571420be0ea6ee818bce235b'],user01 <user01@user01deMacBook-Pro.local>,1700804072,+0800,user01 <user01@user01deMacBook-Pro.local>,1700804072,+0800,"[web] remove examples
"
2da511059626b0f616fba3b8cadd9e6c9891dc02,22a878c1339cc2beca8b5b3b94866183fc274319,['8f0f6dbd05b52b6a581555aa28f1dcc316ca6e6e'],Mddct <hamddct@gmail.com>,1655625690,+0800,Mddct <hamddct@gmail.com>,1655625690,+0800,"fix model dir
"
2dac41b4a5342a4e952f068210281b0f5566333f,fcb671baa08ad56ca761cfa743fde5fc3c494c88,['e503aee2fe2c8baf44f781e47153732fa259ea3a'],pengzhendong <275331498@qq.com>,1651971994,+0800,pengzhendong <275331498@qq.com>,1651971994,+0800,"[runtime] move test dir to core
"
2db2d686245bfb4e5155fa44c3d3309d6a29ba88,d9982d4094fef1edbb93359594a91eb25dedc96b,['77d4b63a1b5cb6ca6804a18a2c6af2b9330ad4ea'],彭震东 <275331498@qq.com>,1625800899,+0800,GitHub <noreply@github.com>,1625800899,+0800,[examples] add comments in run.sh
2dc37f16bfa9815131617e654181d129ffdaf5cc,b7826978ee8a7c4e1b5ec19d1a71aa891053ebf1,"['7f9adedb5607f79bb9706fd9c1a484ba8b7581f1', 'aade75c21b693621662b177f90cbfbe54ada22a5']",Di Wu <1176705630@qq.com>,1636984598,+0800,GitHub <noreply@github.com>,1636984598,+0800,"Merge pull request #790 from wenet-e2e/xcsong-torchaudio-version

[doc] fix torchaudio version"
2dc8baa5c45a36f134bc064e158114659dc8a020,306329ae68a392d32cfb01f02ff22bbc8b743221,['42798bc92383e4bc52446137b9582139d01d8864'],Mddct <hamddct@gmail.com>,1726821810,+0800,Mddct <hamddct@gmail.com>,1726821810,+0800,"restore bestrq
"
2dd5f1539f799b7ade73ee481dc9c344061f2861,597a4e103d07870c4af90e25575fe5d2967d3d32,['4da8b6939cc120a702b9c4874248071fbc79f19b'],robin1001 <robin1001@users.noreply.github.com>,1648175210,+0000,robin1001 <robin1001@users.noreply.github.com>,1648175210,+0000,"Automated deployment: Fri Mar 25 02:26:50 UTC 2022 1f850992be8715882be1568a626ab86d99a9ef7c
"
2ddbae93c0b5fac82ae2c40ca5401ce2b0b2f30b,e5bdc37af2d3b00c441dc91e9f8c33bcc933e336,['c56535edb743a6aa64bc78740a4319d1e2dc7050'],Binbin Zhang <binbzha@qq.com>,1661350758,+0800,Binbin Zhang <binbzha@qq.com>,1661350758,+0800,"[runtime/binding] rename python bingding as wenetruntime
"
2ddd71a6a54efbdef9fca77260ee89daab6be577,34c122fd94ada242f9f7ab6d72b3d38fe33b7224,['cd1f547376c0a3eded8426fdc9a45f20e1383b19'],彭震东 <275331498@qq.com>,1628760020,+0800,GitHub <noreply@github.com>,1628760020,+0800,Update string.cc
2de5190f6b93614ff7150d97361ba2e65be119bd,fcad65b2ce66c76c3e416df8604e1cc95f565b11,['826f34527dad9e3a93586e33591a2f5c833e79e5'],Di Wu <1176705630@qq.com>,1617795248,+0800,Di Wu <1176705630@qq.com>,1617795248,+0800,"[doc] add some comment for unified modeling unit
"
2df54a68b5f4a884ad7fdac6e6ad93432f54afd0,b4473d0d8ca0880baa5b1f8fac6353c1472439dd,['a4c28949f4b2604edbfa4f9f9d888ef2a4bb6e74'],Binbin Zhang <binbzha@qq.com>,1652106626,+0800,GitHub <noreply@github.com>,1652106626,+0800,"[binding] support nbest and timestamp in binding (#1095)

* [binding] use json format

* [binding] support nbest and timestamp in binding"
2e0054c17b8c32b580253fc5965bed1770607b96,4356367e7903ac23e32b2ed3bea51111cc1be761,['0c38a81de7c07c85987114b7da263cf79ddf93fa'],robin1001 <robin1001@users.noreply.github.com>,1609994263,+0000,robin1001 <robin1001@users.noreply.github.com>,1609994263,+0000,"Automated deployment: Thu Jan  7 04:37:43 UTC 2021 7d1a6a576b97d0f36308573299ab22119c8ee113
"
2e0b5fdcef60ea058b81a558e3f3409b88c7541a,957e75a55247185fabe0dcbe59a8f4a387aa71c3,['0805c99cac7d473bfd06990c8630a43bcc7393e2'],day9011 <329723954@qq.com>,1621595668,+0800,day9011 <329723954@qq.com>,1621595668,+0800,"fix flake8 error
"
2e0c8ae19ef47212629e6f03c65704f3a678b676,94fa8b47e9322299800f16a260a6c6ecef7f65d0,['b6ca6573a08d39e0adc713cfd76572890fdd5312'],Mddct <hamddct@gmail.com>,1695809326,+0800,GitHub <noreply@github.com>,1695809326,+0800,fix lint
2e15f42001a263c273d8413ea98882a0ac0e46f5,1933fd1425004149bdcb7282ea6859beedddf6c4,['890a5e396323c2f6741bbd2882168bb50bda70f3'],luchuanze <619474145@qq.com>,1639820535,+0800,luchuanze <619474145@qq.com>,1639820535,+0800,"handle the context biasing that has not yet the end boudary does not set to start state with negative score at the end of ctc prefx Search.
"
2e1f113c4f5676c621e6d3d667ac08810327df19,8e0c076d4998d33a68c50e42bbb88ff4ea173779,['8258cc6c1975d544d89f44bd0d4b4d3073729cb8'],tongjinle123 <lancertong@live.com>,1650435640,+0800,tongjinle123 <lancertong@live.com>,1650435640,+0800,"[doc] drop unused
"
2e4bc4fe2df0b7d2ce20fafc95937d5c6448664b,01da4bb093d6564aa8cdc1487017981fe91c32ae,['535eb939fb904d7063083bcb5d8da3e51c2f051d'],Adiljan Abuduniyaz <126153483+AdilAdam@users.noreply.github.com>,1744773023,+0800,GitHub <noreply@github.com>,1744773023,+0800,Update batch streaming
2e623acc1fc89c6900aa10c398bb82259e9dd0bd,ee6d81a88ee6bb4b03c19a1a9fa4ed7eee0af2f8,['2d8bb9780f5b23da65abee37fd612a1fa2f2f4e8'],Dinghao Zhou <hamddct@gmail.com>,1716542982,+0800,GitHub <noreply@github.com>,1716542982,+0800,[transformer] fix w2vbert attention  init value
2e69526f5581149b6d751ba14add327b99e01b45,226268ddececee1e621d2b963dd10014a67cf072,['7cf1de361874748bd1df9a76416438b0ae6bc54d'],Lucky Wong <lekai.huang@gmail.com>,1639549374,+0800,Lucky Wong <lekai.huang@gmail.com>,1639549374,+0800,"Replace point-wise convolution with linear.
"
2e7838d0fee36b4f7e7932f1be605d3ec64e7d52,b8606a2d6876f8d81296e514c27c9bbf62c2cfab,['353da22c6ac8df3c32d09fdf8650a7f3b48887ca'],Binbin Zhang <binbzha@qq.com>,1654048058,+0800,GitHub <noreply@github.com>,1654048058,+0800,"[runtime] fix copyright in runtime (#1184)

"
2e7935e99bd77d5b12273d6067a3a21585c3e9a0,52c4ef605b5fbaa45be57718675168bcee09d1c0,['1b3cb56699e965cb30977e482334d12d00a61eb2'],Mddct <hamddct@gmail.com>,1702396148,+0800,Mddct <hamddct@gmail.com>,1702396148,+0800,"rm comment
"
2e8b0eb474fd4bb58b273ca0688f771cdd1e8089,6c0801c8c55477ca46666398c2901386e03c1c02,['eb97c3e54e6ac74a60b58fe76aa5db96b6514997'],Mike Lei <mikelei@mobvoi.com>,1610696887,+0800,GitHub <noreply@github.com>,1610696887,+0800,"[doc] Update README.md (#55)

* Update README.md

* remove trailing whitespace

Co-authored-by: Chen Xiaoyu <jschenxiaoyu@qq.com>"
2e8f0344452b9740ee47c64e4c7bd69912cee47b,f4d5d394c39152e190ac73e9c410153f8638e02b,['59c5eb12095dd4b7d5d00cfd4f82f4e708496957'],xingchensong <xingchensong1996@163.com>,1701757680,+0800,xingchensong <xingchensong1996@163.com>,1701757680,+0800,"feat(model): pass unit test
"
2e93d6a3f0d47ba9ab5f11e706eda857b3ad64b9,124283539ce40f0dcb35ffe6aa35f32eda9ee9c5,['548109fc2dcfa049349fb5d9284420c21f615ca9'],Dinghao Zhou <hamddct@gmail.com>,1740213738,+0800,GitHub <noreply@github.com>,1740213738,+0800,[cli] fix missing dependencies
2e9ee89cfe00b6f4d28d93c869f996bc3fdf45fe,05691cdab4f8fe757fa5bf32d330a8311303941a,['10dc6c8814ae3bf2fb6dee91404d1b76803148be'],robin1001 <robin1001@users.noreply.github.com>,1638716330,+0000,robin1001 <robin1001@users.noreply.github.com>,1638716330,+0000,"Automated deployment: Sun Dec  5 14:58:50 UTC 2021 782e08475cb1410ee9aa30ed9c11bb7c806436a9
"
2e9efcfd3118bec0db3a3f9f157a7e59bacde9c0,dc68f0efd5d12fd5466a96449125f3bbb2961150,['7fd20f0027ac7e1e3c864fc0b8e11ab2921a8b60'],zyziszy <zyziszy@foxmail.com>,1653228509,+0800,GitHub <noreply@github.com>,1653228509,+0800,"[model] fix unused parameters in `encoder_layer.py` and `decoder_layer.py` (#1154)

* fix unused concat_linear parameter in encoder layer and decoder layer

* flake8-py3 format

* apply same refactor in ConformerEncoderLayer

* fix JIT export error"
2e9f5b3e6f3181372c4bff117b2e37a1772e367d,975f2077ea4470dec3d6df1b6b73e9ea4db6c4a0,"['216a4786e127b59cc26fee515ea4f97eee5ab6d3', '87cf6e6bd9d395a45e15a9605518f6ab9cf14961']",mashiro <mashirorin@qq.com>,1622963334,+0800,mashiro <mashirorin@qq.com>,1622963334,+0800,"Merge branch 'main' of github.com:Mashiro083/wenet into main
"
2eac14190b66f97d7db3ccf5871bb4089af15936,68167817fff11ce60f52ca3ca01bed6422ca6918,['068ddef3296f8ae6e95b89cbe5f8d983e3a82fa0'],LvHang <hanglyu1991@gmail.com>,1661911358,+0800,GitHub <noreply@github.com>,1661911358,+0800,"[examples/aishell2] Update word_segmentation.py (#1418)

"
2eb50aee47ed25b2cc80c312053f0e5d8c94161f,67c6c12807ab8927e92c8e59b0bf0deeac4b79ac,['3aecc41a259ccfbe99b067012111d762e5191fac'],xingchensong <xingchensong1996@163.com>,1620660685,+0800,xingchensong <xingchensong1996@163.com>,1620660685,+0800,"join decoded words with space
"
2ec359d1755bfeebdc5d6a61f8a8c05f7b38a003,fe8ee9a65721b8c976309857f37d76960e66094e,['89c373ce97d11733865a17d4193bbb5d435deca0'],robin1001 <robin1001@users.noreply.github.com>,1614598981,+0000,robin1001 <robin1001@users.noreply.github.com>,1614598981,+0000,"Automated deployment: Mon Mar  1 11:43:01 UTC 2021 e35a48da30b77160663c40b4c7e941671ccad40b
"
2ec86a9d7d8af4da7c9b3ca10c562c3d3ea33373,3202e4c5c3fbec2daf1a60014eda05b03fcb630d,['e5adfd0248a6ada2f0331d8c4cc2a8c7f4471d51'],pengzhendong <275331498@qq.com>,1621395679,+0800,pengzhendong <275331498@qq.com>,1621395679,+0800,"[runtime] support continuous decoding in android
"
2edb7615f6efa888f07788fb250555cbf643bd94,db27eab46a5f76216eb86bf457cb3f2e489e95af,['b5bf6b03f13a58e72fceb2297d43c665189671a9'],robin1001 <robin1001@users.noreply.github.com>,1691029558,+0000,robin1001 <robin1001@users.noreply.github.com>,1691029558,+0000,"Automated deployment: Thu Aug  3 02:25:58 UTC 2023 715b6cd04ec31f13044cabf9f4044c86ce060321
"
2ee02d92e217dc4ae3c7ccc9172eae6e7303562c,c874a419a4a595b43884fd5246de2a30f0fd44e6,"['e11a0ec7cdf75a8690e8d61000c9c010f702f134', '46eb1d40560f098e18bb190c83693d3d875d45d8']",He Wang <57617568+MrSupW@users.noreply.github.com>,1678437703,+0800,GitHub <noreply@github.com>,1678437703,+0800,"Merge branch 'wenet-e2e:main' into main
"
2ef13751a832fe047974731e5a18177aac6e6cd7,0f4631f4a2ffe0de2ccef3b566a309aeeea2e794,['a4c28949f4b2604edbfa4f9f9d888ef2a4bb6e74'],Binbin Zhang <binbzha@qq.com>,1652106395,+0800,Binbin Zhang <binbzha@qq.com>,1652106395,+0800,"[doc] add contributor of pretrained models
"
2efb1c23e1484aeac6cf8ce65eed04b2e669d1bb,458bbd25d7d878953cba7aa64dcae8ff01cc1cf6,['184688ae3dc9d61a94d26d0fa9cbd3d345c7814b'],robin1001 <robin1001@users.noreply.github.com>,1710127589,+0000,robin1001 <robin1001@users.noreply.github.com>,1710127589,+0000,"Automated deployment: Mon Mar 11 03:26:29 UTC 2024 68991b45c0436dc394f001c2b28ba8f33f75fd5c
"
2f01a544b7931b91fea804a70d9e985757e07946,501e81ba3c730a0fa04e5abe2b7db73360a190f4,['edb34e5a06ddbc2c637e35324e31bdf0dd79106a'],aydentang <aydentang@tencent.com>,1640764335,+0800,aydentang <aydentang@tencent.com>,1640764335,+0800,"update openasr2021
"
2f14f8270e1683237b97430326b52e88ec3b57bc,bf1f613ceafd2654b72192070f82da62ab5ccea2,['f15f8a97767c0cffe8791883f6a817bef89524ae'],Mddct <hamddct@gmail.com>,1712754578,+0800,Mddct <hamddct@gmail.com>,1712754578,+0800,"fix step
"
2f1a3fad4eadcb2cbfd02579cce463b29fc2cacf,138d5e00dba4f81ee4987621c53cdbea34ba826d,['5d2f03b127201af9b0a8414641551a6ac7eb611d'],Binbin Zhang <binbzha@qq.com>,1695218733,+0800,Binbin Zhang <binbzha@qq.com>,1695218733,+0800,"fix topo
"
2f1f4dfec83d4cab791120f15af43088eddb9005,24f95868fbee5877352ebb608ec4d1ac7b63e2da,['6008babb6d4d7a770081305df21947d793152398'],Mddct <hamddct@gmail.com>,1712319805,+0800,Mddct <hamddct@gmail.com>,1712319805,+0800,"fix bf16 amp
"
2f30cda0d71b845c1693ba4477c9256adf15e3b6,f30f69b9caf3692b98b12f2df87e6b681fd75b8f,['0d445ae00d0db11508f221e73d408342c5a57835'],Binbin Zhang <811364747@qq.com>,1620721111,+0800,GitHub <noreply@github.com>,1620721111,+0800,"[doc] add lm doc (#370)

* [doc] add lm doc

* add example

* fix topo

* fix topo again"
2f319d1d257b3886eb8c7294f2e7997da7ead060,574313fe8c6f033e25658b619822e4e042798848,['cbf25a7f07750872c0266e8e506be85d0cd1383b'],learner <yygle@qq.com>,1663155839,+0800,GitHub <noreply@github.com>,1663155839,+0800,Delete activations.py
2f4262cfa0a5b7a28c81d8b4b01318148dc8388f,fe8ee9a65721b8c976309857f37d76960e66094e,['10de94a8b22929415ed360ec7895e346a19029b3'],robin1001 <robin1001@users.noreply.github.com>,1616656728,+0000,robin1001 <robin1001@users.noreply.github.com>,1616656728,+0000,"Automated deployment: Thu Mar 25 07:18:48 UTC 2021 0ab4704858588609387e672a05207260d2679e93
"
2f4f2f19d53396e17c751288fc190b77df95da35,1f21629244d5e510c164729bd0cc865914dbba26,['8b853b738cf8a7c22951527c69d2074aa8329b28'],YHElaina <429259365@qq.com>,1636524805,+0800,YHElaina <429259365@qq.com>,1636524805,+0800,"add aishell4 egs
"
2f5903e96bd1261653b6b45e0bbb5d577d6bdf06,456a83ddfd92cc9a2cc85bba62bec52320d14ddd,['3b19807e11193b877868b7526dc2e6acea1f31a8'],robin1001 <robin1001@users.noreply.github.com>,1666101143,+0000,robin1001 <robin1001@users.noreply.github.com>,1666101143,+0000,"Automated deployment: Tue Oct 18 13:52:23 UTC 2022 bbf844a1f47c383c1a9ffd49d0371a2e8b88d544
"
2f5f099e445f2025fe8c329ae05ee15e1fa956ce,6e595c6c98b4e41328e651f2bf67378199935570,['2d52ff64f70e76ec1a69b7c21e15255ee3088adb'],Wenjing Xia <827146228@qq.com>,1615369214,+0000,Wenjing Xia <827146228@qq.com>,1615369214,+0000,"format
"
2f61eb0eb7c04a9dd875f11185814a66abfbfc97,46903d6cf2c14aafd111f284041d90abc29960b3,['9ca09d5d39727c5b903db632f4ea720acadabbae'],Chao Yang <385526069@qq.com>,1611155838,+0000,Chao Yang <385526069@qq.com>,1611155838,+0000,"add remove_longshortdata.py
"
2f70cec41ebe40c1d28488067addec4892818c56,eb974961d0a87320767deeeeeaf2ae1e77b151ed,"['c4a121474b724f8640e94410ed4e71fec5a44519', '9073a16e81007fcd22cbc6b92a7491fb9ca7a900']",Di Wu <1176705630@qq.com>,1618221618,+0000,Di Wu <1176705630@qq.com>,1618221825,+0000,"Merge branch 'diwu-fp16' of https://github.com/mobvoi/wenet into diwu-fp16

# Conflicts:
#	wenet/bin/train.py
#	wenet/utils/executor.py
"
2f777531d9c6c656feb76d1938be5ee1c3ed77ca,0a8dbed99f441de3719e3d94b57726696ea4508d,"['0fb217c7d67d8b127e1793885ade88a458e77161', '9e78c876124fa266002b4c3c24c91bb35b0bec91']",jinsong <33392010+jinsongpan@users.noreply.github.com>,1638525021,+0800,GitHub <noreply@github.com>,1638525021,+0800,"Merge branch 'wenet-e2e:main' into main
"
2f82b71459443c42bd2c788cb465e2f22a5ed700,400be65d63a769f047a1c35d1151364696e75164,['d2b337daea8075d267341b93cfcc524aafeabec6'],Mddct <hamddct@gmail.com>,1702367230,+0800,Mddct <hamddct@gmail.com>,1702367230,+0800,"[paraformer] add paraformer tokenizer
"
2f84cd74960ba2b9735ab570ef663576f3fcffd7,c8bdcfbe1a03b6636b47df938979fab25550ba3c,['4d68c7047f662e48a8c09d4783a7d8e424a90ca7'],wd929 <dingwen929@gmail.com>,1670227282,+0800,wd929 <dingwen929@gmail.com>,1670227282,+0800,"Update README.md
"
2f88c8df5acc9fdfd1a0986181f9ddd2b40f8ea5,0ab2d2d9550ff7f52a766a45b9baf17625edb983,['aabef914469bc833f5b564cc31d536a5ba5e6842'],彭震东 <275331498@qq.com>,1616937185,+0800,GitHub <noreply@github.com>,1616937185,+0800,"[runtime] fix string split function (#248)

"
2f8df7378a88ccbfc407ff79f51390be3efb1f04,458bbd25d7d878953cba7aa64dcae8ff01cc1cf6,['82f605c772857ee25ab4e9b56dd8dba5f744ae80'],robin1001 <robin1001@users.noreply.github.com>,1710212878,+0000,robin1001 <robin1001@users.noreply.github.com>,1710212878,+0000,"Automated deployment: Tue Mar 12 03:07:58 UTC 2024 983e86f3b29107a04d983932edef905cc3586ba1
"
2f8e34aa8618f5efe68e213cc01b4a64573344b5,c05018517b251863fe1a4c920716072f17915eec,['552e5ecdbb9875db06557da2b2ac1f1dacf1c14b'],robin1001 <robin1001@users.noreply.github.com>,1636027921,+0000,robin1001 <robin1001@users.noreply.github.com>,1636027921,+0000,"Automated deployment: Thu Nov  4 12:12:01 UTC 2021 caa0d932a5548fad33f7cf65dd644f1979005bd3
"
2f926dbb0fc3cba51231fec771cf926baf23fdd9,5ac0129e8daecb7b0d8f020d9393eebec142db18,['3b984f6e3cdb78e3f467317181716bed22bb59aa'],Di Wu <1176705630@qq.com>,1616667515,+0800,Di Wu <1176705630@qq.com>,1616686772,+0800,"[tools] add ctc alignment
"
2f931708cd583cda4f1aec8222f4cc11cf41b81e,67e0fd9628592da7716a08688b1abed4fcc69a6e,"['9d8d38e9c10e45e9cd8a5af8795907f42d8b354a', 'a2c0fec01e8a760b976d93d41633fe95f6557fc7']",Max <zhangyuekai@foxmail.com>,1634022254,+0800,GitHub <noreply@github.com>,1634022254,+0800,"Merge branch 'wenet-e2e:main' into ted3_newio
"
2f9d14067b3b114d60b0b9c07bc124fd28936a74,a373da6c2422a37f22a35f1fa2da04effe537a13,['9b7873996aaca9d606ccb85cb65b44eb09f6f891'],Di Wu <1176705630@qq.com>,1608641675,+0800,GitHub <noreply@github.com>,1608641675,+0800,"[doc] aishell result readme (#28)

* aishell result readme

* [doc] aishell result readme"
2fb552ee6649d145aab15075d06f600a27380612,3e2d2a064edec807e30e5c09ef0cf9684bbba4fa,['d51d1bcf71151b805cd85a8135dc8516676b7c84'],xingchensong <xingchensong1996@163.com>,1710835501,+0800,xingchensong <xingchensong1996@163.com>,1710835501,+0800,"[transformer] fix sdpa mask for ShowRelAttention
"
2fd9446371f1191321f39ec49f56e0ac060722b1,9e932205d94067b7534a6ea0a87b284e7e2cb54a,['cb14bd063eca258d6617e3e52c8682dd4cdb1627'],junyi <junyi.ducn@gmail.com>,1635320765,+0800,junyi <junyi.ducn@gmail.com>,1635320765,+0800,"Formatting multi_cn's run.sh (4 spaces indent to 2 spaces)
Adding option `has_tal`
"
2fe7bc0d42df3f6d6e0fd6c2046ba25652fbd114,f8aa6545a113ece8d8a96567b589171bef242207,['9a14540710b68455c2fb30cedc86a7f73d912024'],xingchensong <xingchensong1996@163.com>,1664705652,+0800,xingchensong <xingchensong1996@163.com>,1664705652,+0800,"refactor(analyze): [cr_id_skip] Fix lint
"
2fffe22fea0598e7dd2f8853685b3567334db02a,5c466e7b79cd82dd1587e5142fad0591357bc949,"['910d2461cae659bcc57bccd9ea5df678e98cae21', '9f6ed8f14c98c3716174b9675a7cbf82e7c6b348']",Mddct <hamddct@gmail.com>,1701423959,+0800,Mddct <hamddct@gmail.com>,1701423959,+0800,"[workflow] fix conflict
"
300627a05a16c30e6b5bd3928fd6a92a0767492b,4534b6b1b1b53d105467bc1ddac8a64e4375759c,['d9653ff164a4c3053458d1cadebcb435b5d069e3'],Mddct <hamddct@gmail.com>,1710156578,+0800,Mddct <hamddct@gmail.com>,1710156578,+0800,"fix dim
"
300fd0da69206a233ce2d97c059255bf86d85f54,d25ab9ad39506768e0edfa6ce4ea90e611cbec0e,['73470e62e3aa8d5cc65028306993f4b9c7722c11'],Binbin Zhang <811364747@qq.com>,1618681731,+0800,Binbin Zhang <811364747@qq.com>,1618681731,+0800,"unique nbest works

Change-Id: I4a34062c707b519f922bca8caa92fd5c3fa7bedc
"
301af9eb9296db3ae3e9b902fd4aebbde0fbd48a,a547d99c694dd977aa008797fe46d22dd72c859a,['49994bfeb6693cee259c95f29be3c619373ac666'],Mddct <hamddct@gmail.com>,1701099722,+0800,Mddct <hamddct@gmail.com>,1701099722,+0800,"[text] uncomment
"
302b73fca4c9df660040981b5215500b738121f3,b9705f30dc49990043521a64c9ddc1c73be040c2,['4df7d582ae4353d3516253adf080db5687a5bf80'],yaojunqi <15135474799@163.com>,1646625939,+0800,GitHub <noreply@github.com>,1646625939,+0800,Update ctc_prefix_beam_search.cc
30398c2ecdf5967839cac9abbf443c684fcaca81,00ab46c252a8709b902ab0d148664c268b33636a,['0c9fd8f7a5bc03e7b17f1a19a2ce085efcb01093'],Mddct <hamddct@gmail.com>,1703600599,+0800,Mddct <hamddct@gmail.com>,1703671729,+0800,"decoding works
"
303ab2c7e3b3b866f60cb9ffd243cef2e4d0595a,749972f21ed163675dfc7c4dfde31c3c549d1c5f,"['4541d8e0587829b32c588612451a5424f8cc8a1f', '17c62e45a2949a39dfc16c761f40a041a350b848']",Di Wu <1176705630@qq.com>,1617070535,+0800,GitHub <noreply@github.com>,1617070535,+0800,"Merge pull request #256 from mobvoi/diwu-link

[doc] update multi_cn model link"
3052e1be508d224b75891efe0fe23ac36f766b85,78e4572137ed345b480e3878a0d7ddeff3209bf7,['05c76b062b7b8da4e9b277e4e171bbfd79e6fa64'],Binbin Zhang <binbzha@qq.com>,1676086530,+0800,GitHub <noreply@github.com>,1676086530,+0800,refine
30560fd6d769a90139ab5f1ee2fe1290877e5c3b,d0e08b75c6796f5c8945fab7371ff2886c773c5c,['269dfcca2976f90ddd7b1d933f786883c514db4a'],robin1001 <robin1001@users.noreply.github.com>,1656514333,+0000,robin1001 <robin1001@users.noreply.github.com>,1656514333,+0000,"Automated deployment: Wed Jun 29 14:52:13 UTC 2022 a8149b61012e74d06545cebdbc1387f1cfeab034
"
305a7415fd6e0d1368389be2a80d542ddc92b003,e53fe996f58f4331cdcb8ef3c2519a90b57f51a1,['f428041644dceeec175efd710dfe5d213da1ffb2'],pengzhendong <275331498@qq.com>,1621332558,+0800,pengzhendong <275331498@qq.com>,1621335003,+0800,"[runtime] add env path
"
3064fd14697b015010a90111972d83b94db9e32d,3cb701ea742cabd3c394605bf75ee02ff9b9b39f,['69af01efff4782e3580a41f95ee637d794b04098'],wrz1999 <609519258@qq.com>,1651251634,+0800,wrz1999 <609519258@qq.com>,1651251634,+0800,"debug_7
"
3079f76cb79d832ee003163d5513ea88fbab78f7,fe8ee9a65721b8c976309857f37d76960e66094e,['923f45ce5bad2845e63cae4c136c00af8ffb0c13'],whiteshirt0429 <whiteshirt0429@users.noreply.github.com>,1616752420,+0000,whiteshirt0429 <whiteshirt0429@users.noreply.github.com>,1616752420,+0000,"Automated deployment: Fri Mar 26 09:53:40 UTC 2021 eb921998f1a2424c7cb0f53bf406630904e8c97f
"
30817f8ca3f05a7020e8a431b59a093bdfc0f2c2,fbec2eec0aca097dfad398f009cc53e79e7b5db3,['57f3208848af43057f6c93a79bcb3e34e70e4f5e'],Binbin Zhang <binbzha@qq.com>,1649558839,+0800,GitHub <noreply@github.com>,1649558839,+0800,0.3
308ea607d98cb12556aeff9a3e477ae2681c4ccf,9dbd59ec1903c0da3535eb313f3fe82d2a653a64,['a8ba6833a7b54726ca804de17996151cb93856f7'],robin1001 <robin1001@users.noreply.github.com>,1698736246,+0000,robin1001 <robin1001@users.noreply.github.com>,1698736246,+0000,"Automated deployment: Tue Oct 31 07:10:45 UTC 2023 1f7737332d3c456c3144722257f76c0d4bcd26fd
"
3099baaec147559bdd76cd99400253c8edaf688b,f1b6e1111cdb4aadbe02e21b53d3ba3f3dca90ee,['d5a565e490c9a020c048e1c917918e6938dfebf6'],pengzhendong <275331498@qq.com>,1649341469,+0800,pengzhendong <275331498@qq.com>,1649341504,+0800,"[docs] update docker image name
"
30b1943c46d9ad83b9f1e37938c92210cb397bb2,8fe077fd712e66b3f70df585754f6b423abde1ed,"['11025fd4a50ba8bdea71d4554278a653465e736c', 'ed84c7759308895ad1a2b3c7329a4c1ea4984bfe']",Chao Yang <385526069@qq.com>,1623380752,+0800,Chao Yang <385526069@qq.com>,1623380752,+0800,"fix conflict
"
30b5677652a119230ce87bed68a34e140ba77c14,2327432c4cbb4bebcc0778bd9fa838ec76700885,['3f45af77bef22dee1c5111a497c7db4db91a3454'],Mddct <hamddct@gmail.com>,1698142215,+0800,Mddct <hamddct@gmail.com>,1698142215,+0800,"merge main
"
30ba2007b367fd3d1f0689d673d99effb173efc1,2eb317e55bf2cea5249716d579dc14ead70a7df3,"['f7ebd24fedfcb0b5dfce34057677df58f9f22914', '6a16474a1b7acac4a36ce4a90f17d50371624d1d']",Mddct <hamddct@gmail.com>,1653883331,+0800,GitHub <noreply@github.com>,1653883331,+0800,"Merge pull request #1175 from wenet-e2e/Mddct-patch-1

add comment about all-in-one onnx model"
30c98dd5aaf2623e7063175c859422ec74a74c11,2a76b38609c20d572100f49a0bdda959a855b9fe,['33425414c82f1a384226e27c5749feaa494e7e3a'],Mddct <hamddct@gmail.com>,1699083884,+0800,GitHub <noreply@github.com>,1699083884,+0800,"[wenet ]recognize.py fix dataset returns dict (#2111)

"
30d9854590c719f7fc55fe2a44ccb60f549ed2a3,69aee882452848a93cd10d5ad99cbd69785ee482,['3bbf05c7ad8c8133632b2ab1aac0756887870db1'],Binbin Zhang <binbzha@qq.com>,1653313359,+0800,Binbin Zhang <binbzha@qq.com>,1653313359,+0800,"[tools] add srilm install tools
"
30da2aa7d997d9c30515eb7fba99543f7ab73b5e,3e312dd135e55fe77f0b981cbe226e50f64a7c8d,['907be4d582a28d0ad09d91a32a07cc3a56db16d1'],Mddct <hamddct@gmail.com>,1656939177,+0800,Mddct <hamddct@gmail.com>,1656939177,+0800,"[transducer] add beam search
"
30e34900707539d55acc6e3f9982fd5247806db4,1bb3963e91856de4d966ab5ea41d9c1bd3d88772,['4dd5f65f1c6903d16ba07cc68bb4c0300ba06a65'],xingchensong <xingchensong@users.noreply.github.com>,1639031810,+0000,xingchensong <xingchensong@users.noreply.github.com>,1639031810,+0000,"Automated deployment: Thu Dec  9 06:36:50 UTC 2021 ae52150ab0f108767f33147d9fdb3aefb346ccb8
"
30ea0e66787082389d1fce7a9727b4b0ab3ecb18,458bbd25d7d878953cba7aa64dcae8ff01cc1cf6,['2f8df7378a88ccbfc407ff79f51390be3efb1f04'],xingchensong <xingchensong@users.noreply.github.com>,1710218256,+0000,xingchensong <xingchensong@users.noreply.github.com>,1710218256,+0000,"Automated deployment: Tue Mar 12 04:37:36 UTC 2024 696d161733a58423e067157fe4dcbd57515f0a16
"
30f35bda647eb6aba0f583222953d667c7ce41cd,db6cf4ec9e8d699493378bf488f3a5a96efb0887,['884b196d41bc0e1848ad101dd8a80ba657904d76'],xingchensong <xingchensong@users.noreply.github.com>,1677046752,+0000,xingchensong <xingchensong@users.noreply.github.com>,1677046752,+0000,"Automated deployment: Wed Feb 22 06:19:12 UTC 2023 9a7d9478ab515dd16ebb2cc79030cded0e6ddbe8
"
30f55674265ce19a5e538f636baf70427c1a2c44,050ac24919d94ced42bafa19fe443371e6fa7eaa,['ac520790e0ec29dcd1697162339f780376553d72'],Binbin Zhang <811364747@qq.com>,1608541055,+0800,GitHub <noreply@github.com>,1608541055,+0800,"[doc] refine wenet readme (#24)

* [doc] refine wenet readme

Change-Id: I2d21cba40d66c671c26a61373707b9f40f20f6d5

* [doc] refine install in readme

Change-Id: I4b4a793622136a97b7c01bbeb300e4048af8db2e"
30f6b2b0c5ed3fa89bae6d80f630bbd4ca6192ba,a461c9594705f09f11d26e27fda0d5098b150e74,['3364b11639b2dfd2229110672d9851ddfd588a8c'],dujing <dujing@xmov.ai>,1694856015,+0800,dujing <dujing@xmov.ai>,1694856015,+0800,"add wetext subproject, intergrate ITN.
"
3101fe9fe30bafa28adaa5440ca417722b988d47,9c84281eb478af80859be57ce201f3b91517cb71,['6fed8608860f143b876c4755ddc56a8651513eb1'],Mddct <Mddct@users.noreply.github.com>,1698914713,+0000,Mddct <Mddct@users.noreply.github.com>,1698914713,+0000,"Automated deployment: Thu Nov  2 08:45:13 UTC 2023 0d8344c7f39dc1f6f27f5641bc5ef7c4c84133ef
"
31050149a283f6c4f4cfa4176149981502dddc34,98f2311ced516022523e3162bdc174959a15810d,['9c65e93adc22a9acfcae3a70ade42095b1ef5d39'],junyi <junyi.ducn@gmail.com>,1635415110,+0800,junyi <junyi.ducn@gmail.com>,1635415110,+0800,"global_cmvn caching
"
310e824d4eb5de3c0dada3214f2b102429beff0c,78b86316bb4e7dea3d3eda82c6e4a152b6652665,['8ace477ff1d8fb5d44677c760945a49aae67a933'],陈江 <xiangxyq@foxmail.com>,1652519126,+0800,GitHub <noreply@github.com>,1652519126,+0800,"[runtime] fix word alignment timestamp (#1107)

* fix word alignment timestamp

* fix cpplint check error

Co-authored-by: chenjiang <chenjiang@huya.com>"
311238120e85c1ded4f901f039febeabc755c0f0,0d5a156e5a3ec26e742bfbd37832c0519c9e8f04,['feed8a851e7a9c27105ab29e48ef9f7130cf8aa3'],Di Wu <1176705630@qq.com>,1624011837,+0000,Di Wu <1176705630@qq.com>,1624011837,+0000,"[doc] update aishell2 u2++ conformer results
"
312826ada2d33a1ea939940aa1e0018993705c15,25664b3f1c9f08b9a0a964aa389a339c144b21ff,['7facff57cec8df7896797b3381fea76e632aff0e'],Xingchen Song(宋星辰) <xingchensong1996@163.com>,1702394677,+0800,GitHub <noreply@github.com>,1702394677,+0800,"[ci/cd] add unit test for cli (#2223)

* [ci/cd] add unit test for cli

* [ci/cd] try to pass ut

* [ci/cd] fix lint

* [ci/cd] try to pass ut"
3128886f413c6de8b659823944c788d677be47c0,d78d7dac3567f055fff1f6ad99b9b742ccf97d97,['86eede136d96e642032a5a323870a6396f7f955c'],Mike Lei <mikelei@mobvoi.com>,1609386670,+0800,GitHub <noreply@github.com>,1609386670,+0800,"[doc] Update ASR benchmark on AISHELL. (#41)

"
312c5d241fbff8d4f7be8133db34d91b66b55db4,e7ad54dc4d59f5f9fccbd563948105f8b4b1cfa1,['e01d6a98e835ba1490325c5bc75915321b27759b'],Binbin Zhang <811364747@qq.com>,1613792377,+0800,Binbin Zhang <811364747@qq.com>,1613792377,+0800,"[network] support left chunk in simulate decoding
"
3139394b465cdc4438611c2148e3352f89211ac9,3a4679b7e31e228762b11055d602b869f507fda6,['1a10d1b5f26303527e496784129a0ac4c3aeb3f1'],robin1001 <robin1001@users.noreply.github.com>,1757055089,+0000,robin1001 <robin1001@users.noreply.github.com>,1757055089,+0000,"Automated deployment: Fri Sep  5 06:51:29 UTC 2025 1872f80ccc30f07763b7895980a057ea8cfe17bc
"
314880f2500c7e6a580163e6b8b66f3c042f2789,11d6a5c0bbe5c8aa649eaf87341b08001eed89e9,['bc3971148bd7e412c5dc7ad5f0facfa319f4fc21'],Binbin Zhang <811364747@qq.com>,1616510922,+0800,Binbin Zhang <811364747@qq.com>,1616510922,+0800,"viterbi score works

Change-Id: Ie93c5df7c77e6b8b5e3b628deea4be79ba0b4551
"
314bf0cdcecdc4fc2e05af9dee32726fa74306e0,cb78334703f0fdd7f588998a8ad8704e65d23e1e,['ad6d4f7d27f6a64b8553fb1035cd0fdbe30fc79d'],robin1001 <robin1001@users.noreply.github.com>,1693831962,+0000,robin1001 <robin1001@users.noreply.github.com>,1693831962,+0000,"Automated deployment: Mon Sep  4 12:52:42 UTC 2023 3669b94930d861ab00ec47fd77da1902b1d0fb47
"
3169a94badc9e12d5de02667dd2e7aa0c4d87f1f,37779b3983afd11cec9a6fd845b0f4c1f819ba5d,['b2a06e25e8475eda436c037ed4ebc09ada1c746c'],Meixu Song <songmeixu@outlook.com>,1630087353,+0800,Meixu Song <songmeixu@outlook.com>,1630087353,+0800,"tensorboard: show fig of 'lr' and 'cv_loss' separately 

- so that the visual of lr is not affected by cv_loss
- and add close() for summarywritter"
316bf88184b24a981ed81c47dbc5c22fdb341bf2,fff5fb2a80242431aa184d82d225b1109d044f74,['66d936378e316ec1913e37eebfc5e1a00e8d5181'],qmpzzpmq <405691733@qq.com>,1637567187,+0000,qmpzzpmq <405691733@qq.com>,1637567187,+0000,"bug fix
"
31710e76acfb55cedff1e61d3e9a2e372e755002,2623b1a667c62de7f273086a8f2a56d6f5a9cd77,['4504e1fa3dd991ca8f65a55155b208523b69643e'],Mddct <hamddct@gmail.com>,1688771581,+0000,Mddct <hamddct@gmail.com>,1688771581,+0000,"fix lint
"
317b67baeebe236ab196cfa3a3c69a67c92b2cb7,1882c28f1b4609baaed6b40acdaf6cb6e0d48ec9,['56304c45691d0c3b54e723a35b485c730cd167f3'],Mddct <hamddct@gmail.com>,1710505415,+0800,Mddct <hamddct@gmail.com>,1710505415,+0800,"fix self.pe
"
317ce51021abd8b2375a8691c79cad39c9adf593,01454a16bd30da7513cc097f903fba4ba997ef54,['6663c3e88f00218c69f1d9930c962b0b6fb8ed4a'],qmpzzpmq <405691733@qq.com>,1656662100,+0000,qmpzzpmq <405691733@qq.com>,1656662100,+0000,"lint
"
318418053df22944bb58b903e065e3dd4a0675dc,133dbd1aece4a077d1773a62d86f7e5a7e9ce908,['6cc545e83cfd94b743a1d977251bebce5c4ac22e'],Yuekai Zhang <zhangyuekai@foxmail.com>,1698908777,+0800,Yuekai Zhang <zhangyuekai@foxmail.com>,1698908777,+0800,"update options device to gpu
"
3187c98749f25fb6864ce9b1e66f66a7751caa2f,17a07ac6531922268d49e568eb08fc5f31504f6d,['ead4d1496714c4e038412255065f8d2109541949'],Dinghao Zhou <hamddct@gmail.com>,1738903112,+0800,GitHub <noreply@github.com>,1738903112,+0800,add src_q/k/v_bias for cross_att
318fb21f2ef28aa24724a475814956cd5a036f8e,03724b3614142ce7050a45af3d28dc37a9e3f6f1,['d054890760376aa423f85a70436e057c3ca6dd0a'],Di Wu <1176705630@qq.com>,1614665268,+0800,GitHub <noreply@github.com>,1614665268,+0800,"[doc] update aishell s0 multi-machines training results (#199)

"
31abd6c4143eb7edcbae8ebd235dbd7a63022daf,5769d7b694cde314c82f7b0c57ad885a1979bfa3,['516bfec1c7cb95e392ce174186d8f9bcc130da96'],Binbin Zhang <binbzha@qq.com>,1656561300,+0800,GitHub <noreply@github.com>,1656561300,+0800,"[runtime/android] move android to runtime dir as the first class platform (#1266)

"
31c04546aa284cfe3cf99ded145dfc58895f0745,d89650405e1347ca76dc36cfbe6454f4301b18c6,['fac906be479c060b14f989a84a826a3279136256'],Binbin Zhang <binbzha@qq.com>,1757051002,+0000,Binbin Zhang <binbzha@qq.com>,1757051002,+0000,"fix lint 3
"
31c3ad19685d20e439cf9619baf5f9ecc3d1720a,43589e9cd8e2209ac88a91135997c926fd1af7a6,['0073633ed9bfe379a5f177dcb58acc320bc41ea3'],xianchao wu <wuxianchao@gmail.com>,1639706513,+0000,xianchao wu <wuxianchao@gmail.com>,1639706513,+0000,"rm some chinese comments and debug code
"
31ca9b694d0cdf9e20f88787ab81198afe4283ca,b8a5f5e19f8ec9bde9f3cd9a1036b37fba49a1d3,['1e6ad68e9eee6e0accf84c2b9774e00d0ca07052'],pengzhendong <275331498@qq.com>,1621915110,+0800,pengzhendong <275331498@qq.com>,1621915985,+0800,"[docs] add contributors
"
31cd71d5e9245cbad9d0fcf3029fca26923d7646,3199a7ae49fac508fa51fce8202e958d4d317879,['b2da22e8c524cc423dcb3c34c5104dec0b6dc920'],Dinghao Zhou <hamddct@gmail.com>,1723450201,+0800,GitHub <noreply@github.com>,1723450201,+0800,[ssl] bestrq make output bias to false
31cd8caa8060a6724ba67d919a924f098a7d1ebe,f405c285379318d00e2fcf3f1b96d96b117a05b0,['db55c0ec8b0c834e6128838f974d06779eee6020'],Yuekai Zhang <zhangyuekai@foxmail.com>,1680596545,+0800,Yuekai Zhang <zhangyuekai@foxmail.com>,1680596545,+0800,"add frame reducer
"
31d5375cd429e52f90da7ba36ddd547d7573ea11,e94805f90f3cd7efdc245c5337252bdb622e5786,['b3ecf33f0504245cb434f1de437468c5468fdbdc'],Zhen Zhao (Fiona) <fiona.zhao@intel.com>,1676619168,+0800,GitHub <noreply@github.com>,1676619168,+0800,"Update README.md

change to OpenVINO official brand name"
31d7bee1689e11b7a975eb0137d58ff46c9eb063,99dc1b53663bdc29c9624c36808ff251d4ac2397,['85ad18167d2faaa4fd7f5b932d241c9f7fe008fc'],Yi Peng <hicliff@users.noreply.github.com>,1672039584,+0800,GitHub <noreply@github.com>,1672039584,+0800,"Fix cache inconsistence in attention decode (#1635)

* Fix cache inconsistence in attention decode

* fix code lint"
31e8de5684b57e1ce4052717a77ff835d6a49c5e,e03ef3f97d665a5d09fdfed4cb8809fabbe6ced5,['368d8e7871396cd5c4a7c83c976cbc85f4ab9829'],funcwj <funcwj@foxmail.com>,1637151006,+0000,funcwj <funcwj@foxmail.com>,1637151006,+0000,"fix comments
"
31f57ecc62d3e067b540a33ec4eff7d84ee7f10d,fc52825484bc3550c5027ebee522d9f42e2ee803,['a9e7e50b9fc6c084bf8e0eb4332ad0332546b26e'],Tong Jinle <tongjinle123@live.com>,1650272104,+0800,Tong Jinle <tongjinle123@live.com>,1650272104,+0800,"[scheduler] add device factor on scheduler for ipu device iteration
"
31ff973b15a6af1f69e448162f70edf834d61390,8e110cf17bebcb279a37ca1c0a75b01b88ce79bc,['ec799dd7269527e9fe9c2eec154757113348cb2b'],Slyne <Slyne@users.noreply.github.com>,1720514855,+0000,Slyne <Slyne@users.noreply.github.com>,1720514855,+0000,"Automated deployment: Tue Jul  9 08:47:35 UTC 2024 fae6a8c66af4786218b7b854a0ba1631551d45c7
"
3207d0e343cd417a06f0873cab04bd7dca1bf89a,a59f60599ddc8c85248e632beacbb893e847cf59,['c7eabb560a4496cd28ff6709cbbd0bdf2f3c561f'],Chen Xiaoyu <jschenxiaoyu@qq.com>,1609324644,+0800,Chen Xiaoyu <jschenxiaoyu@qq.com>,1609324644,+0800,"add tabs and whitespace lint
"
32167fc10fe8f2079a5134a6e05c0cc57b07c97f,f87c096275a6ae87a4fa05e72426486d52acbf92,['437f13bd4fd7c5b68dfd34c0000ba364f81f4d83'],Di Wu <1176705630@qq.com>,1626778936,+0800,GitHub <noreply@github.com>,1626778936,+0800,"[doc] update gigaspeech reademe (#517)

"
322a24f9ff889dd0cc378607b5ee9427518de13e,421b0dc46deef24818d0fdd7366c3d4930e75e2a,['0c291ca42de0793c65bc7620785070d72bdeb494'],mackong <mackonghp@gmail.com>,1660810760,+0800,mackong <mackonghp@gmail.com>,1660824194,+0800,"[runtime]: add warmup for decoder_main
"
32308db3d02c181edc5e17238c59b5cc6fd65fac,f6d155e5852bd3298b2ff3fab25bb65cd74cc357,['c5183c87420f0adfa8ef9946aee696cb5de9f555'],Mddct <hamddct@gmail.com>,1653737813,+0800,GitHub <noreply@github.com>,1653737813,+0800,"unify all differents chunks to export onnx

This is an incomplete pr and can be used as a reference
1 first call： att_cache shape: [num_blocks, head, 0, dim]
mask will be calculated in forward_chunk  by att_cache.size(2)==0 ,"
3232f002a4650928856ae206e967727c47d6be0d,962f914753e7e74558c1c7a7de867ed986f56318,['b89fb8f8c701a8fe790fff132808a5389212e14d'],pengzhendong <275331498@qq.com>,1652970668,+0800,pengzhendong <275331498@qq.com>,1652970668,+0800,"[doc] add nvidia contributors
"
3236dd0ae1fe5c161162f08b9f5e99f69ff9a20f,e48992bcf04301ea79a6929e101b5fe00c2b8aae,"['20221ba27508273ce06c2eb863bca7ecc90fdf27', '90f7ca34d56942861d5001131163c437b2ca9365']",hzhou245 <hzhou245@bloomberg.net>,1706048058,-0500,hzhou245 <hzhou245@bloomberg.net>,1706049409,-0500,"Merge branch 'main' into whisper-inference
"
323a1a4785f8dc39f8eb1aed5f196fc2c382a3d8,7165aab187197d39bdb5ae9221a8a44b66cee2f2,['8f512a5267c16b7c56e7f7e8da0403fbd92c04c3'],Binbin Zhang <811364747@qq.com>,1619339820,+0800,Binbin Zhang <811364747@qq.com>,1619339820,+0800,"refine words
"
323c57583833c2bf4392e0dcfb638ef36bddc6cc,59ec4169fad09fa50fba841f97f7f1bac1f5297a,['2fe7bc0d42df3f6d6e0fd6c2046ba25652fbd114'],xingchensong <xingchensong1996@163.com>,1664705920,+0800,xingchensong <xingchensong1996@163.com>,1664705920,+0800,"refactor(analyze): [cr_id_skip] Fix lint
"
323d603175047de88d6fa16ed3e4282f76444013,b57ccf2815f1106e84d7b97f6a98a94f252f6d82,"['035570de564ed609f3e6e07141b1faedfdb10cec', '017af3a22d77dce8a5c6a8330cfdababe289ee2a']",jinsong <33392010+jinsongpan@users.noreply.github.com>,1620359028,+0800,jinsong <33392010+jinsongpan@users.noreply.github.com>,1620359028,+0800,"Merge branch 'mobvoi:main' into main
"
323d9444446ff1167ac20fbea5e7b8e56e6d2853,4e01f6a1b24f71b5c9a0e867fd08c67c9f2cd1d7,['670e9d7e4645fe53dfc32efb3a2fb91c3e69053b'],wenyi5608 <93560477+wenyi5608@users.noreply.github.com>,1699428897,+0800,GitHub <noreply@github.com>,1699428897,+0800,upgrade ov version to 2023.1.0
3244e9c7dc929732d45f200d49a23d1bdb050ff0,889755a6a2d589f97d106d3c9a7a118b1c890b12,['f926af10f6f24c9eaa8034c2aa0c4bd6a8f3939a'],Mddct <hamddct@gmail.com>,1697105884,+0800,GitHub <noreply@github.com>,1697105884,+0800,[ssl] mask deterministic
3258fb6ac7bcb8ff00272c17b80a10151e3b9d85,4632fd8a6af9a783ea6ea7387a798cd452564933,['894d7290b34962ad5e9c0b039e8afecac6ca7aec'],Dinghao Zhou <hamddct@gmail.com>,1710147791,+0800,GitHub <noreply@github.com>,1710147791,+0800,"[ssl/w2vbert] weight copy from meta w2vbert-2.0 (#2392)

* [ssl/w2vbert] weight copy from meta w2vbert-2.0

* load and rename ckpt works

* forward pass and test pass

* fix ut

* fix shaw rel name

* add shaw rel paper"
325cc1992ec4c7ee48c6bd7665c5089aa73dae30,25fca11350a45ae3b546bcb552d064ba8f729166,['64b462eeb05914d84391a9f09242224f99a0d6de'],ZailiWang <zaili.wang@intel.com>,1681457049,+0800,ZailiWang <zaili.wang@intel.com>,1681457049,+0800,"remove docker/Dockerfile
"
32721daf7cb298f0569090bf25bac084230d58b4,a54eb097052f362d761292375496d1e81790e126,['d02fc870a03335d17af8fb21f8f2b4222dea6145'],Mddct <hamddct@gmail.com>,1706008238,+0800,Mddct <hamddct@gmail.com>,1706020168,+0800,"add dynamic batch data pipe
"
3279a582951e8f2a6d5f65be02f822a5569d261e,5cc770aac59a4d4502b8db6e50daf68f6fda0b48,['4dcd043b32984f419e1c37e34309db4193b8a488'],robin1001 <robin1001@users.noreply.github.com>,1634654012,+0000,robin1001 <robin1001@users.noreply.github.com>,1634654012,+0000,"Automated deployment: Tue Oct 19 14:33:32 UTC 2021 16601535c714871d79e8cadcfa39a6139d783b91
"
327b42763769bd72386cb36d56245a9c16be53fa,76f6b5a3d9f25e8f905e4d9a7841d6ff0112d740,['9eb5d3eed9241bae3530e44b5467b9872e4032b1'],丁涵宇 <329723954@qq.com>,1656931794,+0800,GitHub <noreply@github.com>,1656931794,+0800,"Fix executor (#1281)

* fix utils/executor.py L76. fix transducer config use bug.

* fix flake8 error

* fix the bug in executor that cv loss use loss dict error"
327cc2d913b26b45df59daf3e583c4328573a5a8,e83fd2b64f47a250f25f7c26d77f19bfa9ff2472,['11b3654000a04446162ac8e575239661b8a62722'],Binbin Zhang <811364747@qq.com>,1608890649,+0800,Binbin Zhang <811364747@qq.com>,1608890649,+0800,"ctc prefix beam search works

Change-Id: I5d090782407e97df34603db7f49fdfb249bf19c4
"
327e1b36a6e4efbce3f888fe4b3c888efc0d154e,59ec4169fad09fa50fba841f97f7f1bac1f5297a,['3383dfb6178fbe159b9b1b02e9741c77da7b33ff'],Xingchen Song(宋星辰) <xingchensong1996@163.com>,1664804318,+0800,GitHub <noreply@github.com>,1664804318,+0800,"refactor(analyze): [cr_id_skip] Add trailing_sil and leading_sil (#1471)

* refactor(analyze): [cr_id_skip] Add trailing_sil and leading_sil

* refactor(analyze): [cr_id_skip] Fix lint

* refactor(analyze): [cr_id_skip] Fix lint"
32853c6c96d70e2f340ccc247d25c2afee947325,bc5b964ef303439e394af68c1b2669aa3cf4feb1,['9805ed68638f711b6fda17627efb7aa918ce6870'],Mddct <hamddct@gmail.com>,1714455765,+0800,Mddct <hamddct@gmail.com>,1714455765,+0800,"try fix ut
"
328a5dc54aa093073c363d216890797c4c1b648f,ea435b09fe5c3063efcdaf332b3d3ce662dc3585,['14796ad6fb93cc876dab99ad69fca1a04a5ff91f'],yougenyuan <yougenyuan@tencent.com>,1634805674,+0800,yougenyuan <yougenyuan@tencent.com>,1634805674,+0800,"data preparation
"
32961f50c49905dd118eed36f4ce591de23be0f9,e5e8863e62b3371e544d80bd70413756ffc826f5,['5ce9c199b3b29befafd3673c5bd37eaece289ed6'],Dinghao Zhou <hamddct@gmail.com>,1711511168,+0800,GitHub <noreply@github.com>,1711511168,+0800,"fix list_shuffle in cv_conf (#2447)

"
329d09acbf3df86a1f6cf1cdd51a8d4b1c43c9ff,d8c6e73fd4a5a61292fbd07f0352ca65d1c62b20,['53ee67661b2cefe55b10a4ab1ffb11ce524d7617'],马丹 <dan@madandeMacBook-Air.local>,1668216740,+0800,马丹 <dan@madandeMacBook-Air.local>,1668216740,+0800,"Fix lint
"
32a245dd3eb44f10e5eb3c3994a08419c7074b6d,ef86a0ce0fc635feb8f5b7b3e5386b97f236ff1a,['574c591afabb74499c7e995812cb7d0b0efae5c8'],Mddct <hamddct@gmail.com>,1713336191,+0800,Mddct <hamddct@gmail.com>,1713336191,+0800,"unify cache type in branchformer and ebranchformer
"
32ab528b4b6e39721c3a4f96f3879e0cf40e3543,e4e8e28c3973c267809c67d7049244be16c1e988,['f0bd80c9824429253e59638aa3379925dc38c8af'],Jack Wu <leopardsaga@gmail.com>,1611650993,+0800,Jack Wu <leopardsaga@gmail.com>,1611653216,+0800,"Run compute_cmvn_stats.py only cmvn=true.
"
32b010f022fc0519d51ce26e46a8330122bc200d,9fe1dee16032721a85c6b8cdb49603a4f24659cf,['e1e90c245f09666d0c300f54e19b5831ba0f0a6d'],Wenjing Xia <827146228@qq.com>,1616745725,+0000,Wenjing Xia <827146228@qq.com>,1616745725,+0000,"update result
"
32be54f1e42dad4783c3d1b9a7d16244d78c503a,1c7a9989c39ce214e16d44688ed639f07c93ccea,"['68057c4ce58f8cbe5e3ec358cf45188405a2cf4d', '7c8a6ec1017745cd11ffe45b46a61efa893e6b72']",Di Wu <1176705630@qq.com>,1621485297,+0000,Di Wu <1176705630@qq.com>,1621485297,+0000,"Merge branch 'diwu-segment' of https://github.com/mobvoi/wenet into diwu-segment
"
32c52ab5185b121e8926df53a2c4d3376f060a5d,877c8794f1189a8d7f2ec88bed49245779fecc87,['c8084ef2062651c27cdacdf51eb7c0999d4106c9'],Dinghao Zhou <hamddct@gmail.com>,1710473141,+0800,GitHub <noreply@github.com>,1710473141,+0800,[dataset] restrict batch type
32c9c007da57f681dd833c9c789f84446bac7bc0,8c2fb96fba938ae753567360e96a5b3c925ee65b,['35acffcc8eb678471883ad978a07174955dcfaba'],Xingchen Song(宋星辰) <xingchensong1996@163.com>,1696987552,+0800,GitHub <noreply@github.com>,1696987552,+0800,"fix(wenetruntime): add ITN for python bingding (#2042)

"
32d386a91f54607764e04e6f96ca23afb88bd9fb,aec9ac93737259f8e5409b9177e880208dc8bf63,['51b872b02ac6933aa82ccbe25a38edd43f8bf9f6'],Yuekai Zhang <zhangyuekai@foxmail.com>,1675842872,+0800,Yuekai Zhang <zhangyuekai@foxmail.com>,1675842872,+0800,"update batch size
"
32f08b2e18e313c81d485f64678b22e0852618d0,dad9d99ea246cd5476051823935a1c0bf5d66020,['c8dfffcc5d9531e8c00f4e496715093a139e205c'],Binbin Zhang <binbzha@qq.com>,1692847180,+0800,GitHub <noreply@github.com>,1692847180,+0800,"[binding] support all kinds of input audio by librosa (#1962)

* [binding] support all kinds of input audio by librosa

* fix topo

* fix module import"
32fcd086dd0a916bff6b1e8abe61e1cd661b99a8,79a81e28f56cd35d098dceed18c20ca45f78a531,['76bac06d1a5c84aaa0645b11cad39fac77284835'],robin1001 <robin1001@users.noreply.github.com>,1624258767,+0000,robin1001 <robin1001@users.noreply.github.com>,1624258767,+0000,"Automated deployment: Mon Jun 21 06:59:27 UTC 2021 c66e860dc472b27a906cad5f4ac0de944c9407c8
"
32fdf4e07c24560b0156eff258b9d14512d32c29,6aa05cba3bc72cf127c150dc7266cf1b4619e1b0,['b2458ba007d7601bcd951210d5d39f30d523c7b8'],Mddct <hamddct@gmail.com>,1678849176,+0800,Mddct <hamddct@gmail.com>,1678849254,+0800,"fix lint
"
32fea592fb37a2561d2024c3a185b9e8abd4e155,f697f9af7d250800f62f3768f89150a61330e4f8,['19618f5241ef147aa8b99990a256f779e197702f'],Yuekai Zhang <zhangyuekai@foxmail.com>,1686039885,+0000,Yuekai Zhang <zhangyuekai@foxmail.com>,1686039885,+0000,"remove hard coding path
"
3300b98699167d4252eef2662e6863f472fba004,92d67fc0fcd0c34adb6cce0e0096112b93936e82,['f6cec5c1ecbfd2d83ec1bd186d2c7799b931383e'],Binbin Zhang <binbzha@qq.com>,1691028355,+0800,Binbin Zhang <binbzha@qq.com>,1691028355,+0800,"fix lint
"
3302ee7311904c56b4e029fa68e71c2cbba512f1,9f7bc5786a2a111e9f4e05eef11fff2089c6c021,['b2da22e8c524cc423dcb3c34c5104dec0b6dc920'],Mddct <hamddct@gmail.com>,1723554530,+0800,Mddct <hamddct@gmail.com>,1723554530,+0800,"addd interleave dataset
"
331c41408ecba0ddaae9bc6c403ca40249faa9f0,4b1a8b85f1ec30928c553db4504efc2ffcd211c0,['a6a7f304c2b958b7494a327dc5ac0f256ff9b7dd'],kobenaxie <572745565@qq.com>,1707127336,+0800,GitHub <noreply@github.com>,1707127336,+0800,"Minor fix decode_wav (#2340)

"
3320377ae7864757d2e68c40b9c6efa40d432127,d87b2bf69de7a31bb7a9ac213437ffe421835279,['625eb57eb5a6662da781a2970f3cd56430891180'],Dinghao Zhou <hamddct@gmail.com>,1709557080,+0800,GitHub <noreply@github.com>,1709557080,+0800,"更新 recognize.py (#2383)

"
33425414c82f1a384226e27c5749feaa494e7e3a,41dbc1ed8a00232687181a4fd70d47c1be0eece3,['091df4cbcf342b4f604ae218642acbe90ce670db'],Xingchen Song(宋星辰) <xingchensong1996@163.com>,1698997607,+0800,GitHub <noreply@github.com>,1698997607,+0800,"fix(typo): class name SanmDecoer => SanmDecoder (#2110)

* fix(type): fix class name

* fix(typo): fix class name"
3343e89a6572e5f3a7b21e48567e2f5b2d4b0443,8279bd7e68964f71ad1ffef58ce8d30144ec2a91,['3d82a45d23949536e65f678f0857fdfe0ac71df2'],yougenyuan <yougenyuan@tencent.com>,1634806605,+0800,yougenyuan <yougenyuan@tencent.com>,1634806605,+0800,"data preparation
"
334b4b3e1161b73efb8342bbbbce4602a6d4be56,8b95d7c756b622bbfd9f4860b48434a187f1ac96,['1f9cbfa209cc3647bb73a72a5065bf1993f08a03'],xingchensong <xingchensong1996@163.com>,1702359850,+0800,xingchensong <xingchensong1996@163.com>,1702430769,+0800,"[refactor] refine onnx_gpu
"
334f05734b03bcf41934280db7c981690e8e0970,ce4d971783d527928bb7e674091442bb622a45c0,['0d4eda45298a2475c3a7708e93c7b3aed0346e7a'],slyned <slyned@nvidia.com>,1636547153,+0800,slyned <slyned@nvidia.com>,1636547153,+0800,"fix style

Signed-off-by: slyned <slyned@nvidia.com>
"
3351b9674a77fd2a1ac58281de4dcd3e1366c51a,4d53b92bca66fd981b0433785775c807bc9f2c4d,['4a06015ab4be1e71a7d6ce5e9bb057583ac2f552'],Chao Yang <385526069@qq.com>,1609335589,+0800,GitHub <noreply@github.com>,1609335589,+0800,"fix urls (#38)

"
3364b11639b2dfd2229110672d9851ddfd588a8c,2ae6833451f50e482e068d401e23533284e3c008,['de7872b061ec369ba385bd9f7c14ca49116ff1d7'],dujing <dujing@xmov.ai>,1694599038,+0800,dujing <dujing@xmov.ai>,1694599038,+0800,"try to add wetext as subproject, but failed. Because wetext and wenet both have utils and utils/string.h
"
336e774fe88732b1a0cde942671a175b2b85c0a3,2d5ca952f0f331c9fcf0c868bddd38ebfa7211f8,['e2b588d9b4b6e0907927e803eb45606904f960df'],Binbin Zhang <binbzha@qq.com>,1695257824,+0800,GitHub <noreply@github.com>,1695257824,+0800,"[wenet] strip k2 import warning (#2022)

"
337d3cba261e4e17588f452644fa2ff49ead363c,f276058f60fe3f31ead65c9c915df7291828df84,['fa2b1460675c077ac7de7d9656f12b4bcf23db08'],pengzhendong <275331498@qq.com>,1628688801,+0800,pengzhendong <275331498@qq.com>,1628688801,+0800,"[runtime] fix funtion name
"
3383dfb6178fbe159b9b1b02e9741c77da7b33ff,da685b1e160250648fbbfa65e61feada0535fb58,['cefe25e78d352ba3e3777f66bd24002094b44127'],彭震东 <275331498@qq.com>,1664366791,+0800,GitHub <noreply@github.com>,1664366791,+0800,"[runtime] fix #1426 without uninstalling pre-installed gflags (#1468)

"
338f1502e420889e9e5a0058e309f275eaf23ebb,6af21dd97895866c1580b3d1f568fc09c194f2f3,['da8d36be59816d388a67703d7f1b5b207fca1207'],Binbin Zhang <811364747@qq.com>,1626341232,+0800,Binbin Zhang <811364747@qq.com>,1626341232,+0800,"[runtime] support min-active parameter

Change-Id: I7eaca04988176c20191601e2cb5237d612276b18
"
33910f89442e157e035378af482dc1ba5c558d96,46c42e8a6cbaef244722beb54340de6ea77cd8ea,['67c89d4173be9148aca130f1b6031e454de64a58'],veelion <veelion@gmail.com>,1658286635,+0800,veelion <veelion@gmail.com>,1658286635,+0800,"add concurrent performance testing for websocket_server_main (non-stream)
"
33a55d528368f9f90ac1fe31dd2d1f1f368f7e54,736038eb9d2f9f0b50d2bbde9ed7629830991484,['135b9c093c23d1f259035a5d5aafde6bab188b2b'],Mddct <hamddct@gmail.com>,1713406971,+0800,Mddct <hamddct@gmail.com>,1713406971,+0800,"generate works!
"
33af4231f8beef6640f32211d22ae4e9aa5fb9cc,ac83ee1055086beaf00c544cbfd1fa7393f72ec6,"['43c88defd5a69258304d03a2fd3cc01fb98eab6d', 'ae14edac4bc5538055ca1f9952ffb0eddd454118']",彭震东 <275331498@qq.com>,1623841900,+0800,GitHub <noreply@github.com>,1623841900,+0800,"Merge pull request #458 from wenet-e2e/diwu-readme-cn

[doc] update runtime readme"
33bc8696f8847b44035fd985b9bfede1ae55d419,966e1a98c54aae25e81a100dca8bdc4d191fdc43,['b586f49e50220b2fd9f4b6ba4ad6fbf7dbf1db50'],Chao Yang <385526069@qq.com>,1624008571,+0800,Chao Yang <385526069@qq.com>,1624008571,+0800,"remove trailing space
"
33bcb6b765c6aa9018fdedc698cc0dfbad9b3715,36fd6d250583e6a386d63209f97eebde69eb60a1,['c43c1305c17ac29027686e2d04843bfd70b880bd'],Binbin Zhang <811364747@qq.com>,1619573285,+0800,Binbin Zhang <811364747@qq.com>,1619573285,+0800,"add mkdir -p data/local/dict

Change-Id: I9c4a03cb082ead9591333e4613e1c6c3a211b116
"
33c3d860eca41cd347a424c2c5daaaeb87371ba5,35f73daf862b4999e89dcfd235106fb4313bd2e4,['a7e885e20f149a7876d89ca8c04ed78d0850f18b'],Binbin Zhang <binbzha@qq.com>,1653018761,+0800,GitHub <noreply@github.com>,1653018761,+0800,"[doc] remove useless model link (#1140)

"
33cc240fe9de26339e5089ccf413ff28195a8b3a,456a83ddfd92cc9a2cc85bba62bec52320d14ddd,['772eb189369de25c322b08d44dc8c24dd184d6bf'],xingchensong <xingchensong@users.noreply.github.com>,1665285937,+0000,xingchensong <xingchensong@users.noreply.github.com>,1665285937,+0000,"Automated deployment: Sun Oct  9 03:25:37 UTC 2022 aabb3e8f463c3d7bd10df8af27f9ea637ecab541
"
33d678099785e9ea16dbf86957d36e6f9487459c,edff073bfb9b267ea4c6823a18f4e526587c4da7,['48f261c11fb42bf27b95a9ca7519d4148654479a'],Binbin Zhang <811364747@qq.com>,1631764318,+0000,Binbin Zhang <811364747@qq.com>,1631764318,+0000,"add shuffle/sort/batch/padding processor

Change-Id: I89e27da2414d644978f149078d6d31f8d2d0c9d9
"
33d7559577d99b39224569fb8bfc93a4d7e79539,9466f596eeb3ea746bb612b43250c1162d82ed06,['8c5f79449d4ab1bd31ed75814f1ea56050670a5d'],彭震东 <275331498@qq.com>,1629730216,+0800,GitHub <noreply@github.com>,1629730216,+0800,Update README.md
33eeff6adfc1c7c53d57fd1f2e81dbfbb898f7c7,e75b03bec6c6b3a14308de11126d81a0c0053963,['e37dd5a5a997ad3655cf84f3ff671665866108e4'],Kuang Ru <rukuang10@gmail.com>,1637142538,+0800,GitHub <noreply@github.com>,1637142538,+0800,"[tools] Control the logging frequency (#797)

"
33ff929ed02b9a22c0fdf892ff00b1c3a1ab3487,54f436b5379b7e0a50b0b12f21938b17e6ae90dd,['fed922bb1acfafb02be9e06d96799585e1fb9d99'],pengzhendong <275331498@qq.com>,1650084301,+0800,pengzhendong <275331498@qq.com>,1650090247,+0800,"[runtime] fix CMakeLists.txt for windows
"
340ed952eb07fd8aabded06066024347702b2c58,edc9e9a9d5e88476c2e8509d9877672a4c6ee7fd,['e9d659cc417688e3dce5844be7c80842e57b76f6'],彭震东 <275331498@qq.com>,1617355855,+0800,GitHub <noreply@github.com>,1617355855,+0800,"[runtime] support endpoint (#265)

* [runtime] support endpoint

* [runtime] add end tag in server

* [runtime] refactor ctc endpoint

* [runtime] fix cpplint

* [runtime] fix var name and add comment"
3412de76a89124cd8d8e9483f01dfb73db735b84,d2544140edd449f66972bdf9f7001e075b3462af,"['34dfe1bcb73bb1065b90fc0efb654a5c52aa8d18', 'beb0d191e7a43fbe304bb0662e0873ec7ccad081']",Zaili Wang <109502517+ZailiWang@users.noreply.github.com>,1688351113,+0800,GitHub <noreply@github.com>,1688351113,+0800,"Merge branch 'wenet-e2e:main' into main
"
34181c0de804e884e8ec183e1f210cf15271e109,bf13460eeb6bab5c22b9e1fc15d3655a3c2e6018,['4c81459f9bf12bc0d9b2c2381b3d003c764bdb1a'],Mddct <hamddct@gmail.com>,1706774023,+0800,Mddct <hamddct@gmail.com>,1706774023,+0800,"[dataset] support bucket by seq length
"
3427efc0844af8cb7efe54835318c6c9199e3b44,09096b74905d501017d0772151a73cf877a0dc0c,"['f0bbf6af16fa92d26a7f68ac21e0354a7500a025', '9a84afad44ef7866e6310411ffca83e625095d2c']",1215thebqtic <609141705@qq.com>,1652286807,+0800,GitHub <noreply@github.com>,1652286807,+0800,"Merge 9a84afad44ef7866e6310411ffca83e625095d2c into f0bbf6af16fa92d26a7f68ac21e0354a7500a025
"
3449c7ed623b46d1af387a2f68b43b9cf1c0d7f5,9940b30b058641aac85fc3739dcdf432ee27e1d9,['435ca4d7ff5aafbbcefcc3072167047c2749f47e'],xingchensong <xingchensong1996@163.com>,1664808509,+0800,xingchensong <xingchensong1996@163.com>,1664808509,+0800,"refactor(onnx): [cr_id_skip] Fix review
"
345062b5c547d1698762364ed297908b95c9bb7d,157647651e5fdc707fe4b4d6867016ff98b53f93,['2a6bfd02af76cb55ac3bd037abb698efed1695af'],Tong Jinle <tongjinle123@live.com>,1650271673,+0800,Tong Jinle <tongjinle123@live.com>,1650271673,+0800,"[hotfix] fix batch size for Dtaset,  drop accum_grad option
"
34655ecea05ec98043e8e3e3ffcc9c2991fc389a,d9e8cb9c4ce9766ab58c0448e3e22c3f4e54355c,['930e2c1c339bbb947ccc14c5cb8c6daae112d560'],Wenjing Xia <827146228@qq.com>,1615970984,+0000,Wenjing Xia <827146228@qq.com>,1615970984,+0000,"[fix] clean aishell2 text
"
34688b329b7790e20a38cd4ecae6b8bdbc297ca6,add42ca514d8f8eefedeece433ff392a1d9fb8cb,['376669b457b8030ed8f29882b29380d2cf23bd9f'],robin1001 <robin1001@users.noreply.github.com>,1661759825,+0000,robin1001 <robin1001@users.noreply.github.com>,1661759825,+0000,"Automated deployment: Mon Aug 29 07:57:05 UTC 2022 2829f3a06170df0c173d06e1747ea31fe138ea3a
"
3475bffcb2be4031a0c2b706e881cde671dda6c9,7bf8a32ee754cafd02beb1f6d70600995d82c649,"['62e018d387a506add0fbda87f3c2fadbf9515d9c', '78027d9b5f88c6e8ec1177882493a5c5a9cf45cd']",Mddct <hamddct@gmail.com>,1710515138,+0800,Mddct <hamddct@gmail.com>,1710515138,+0800,"Merge branch 'main' into Mddct-fsdp
"
347c86726d77ceedfaaf8c76521e5831667ba45f,0c5ab255e5ebb11805f29177291d48cf5e9dad1d,"['c56535edb743a6aa64bc78740a4319d1e2dc7050', 'cfe512c5f6b655e0df9f11de959674776e5a5f79']",Kuan Chen <azraelkuan@gmail.com>,1661511986,+0800,GitHub <noreply@github.com>,1661511986,+0800,"Merge pull request #1 from azraelkuan/azraelkuan-fix-gpg-error

Update Dockerfile.server"
347ea2ee2b17ff138d844974c646f58bc04b2c1f,91468634d19989be5498357e70ee8baada25da91,['8423e175e4feffa017948a59084eba707f862973'],derrickcwc <derrickcwc0324@gmail.com>,1762003038,+0800,derrickcwc <derrickcwc0324@gmail.com>,1762003038,+0800,"Added utf-8 encoding for files to allow Cantonese Characters
"
348368115a18954ae14e4f28bbf56089ddf71c60,f07dd7185103dfcedbd5f64bd0b5f2d653c0f72d,['8308c1f887341fc5a28e9ceb4d9ddb7717a7e882'],kakashidan <danqing.fu@gmail.com>,1663125823,+0800,kakashidan <danqing.fu@gmail.com>,1663125823,+0800,"[tools] fix compile_lexicon_token_fst.sh to avoid duplicate symbols in words.txt
"
349270f84472f5ce551a31957b17f1a8db381400,7cf1746efa3c5a076f3f37e866b7c395c4d3285f,['3dcb5f22accd75a11097829e6aee80dcb1111597'],Di Wu <1176705630@qq.com>,1611308874,+0800,GitHub <noreply@github.com>,1611308874,+0800,"[doc/conf] add new aishell training config (#86)

* [doc] add new aishell training config

* --amend"
3499b5c662e586d4793d75eb4c89185bd5ddc83e,759e61deb0dffa6a25622f1bda1cb2764036a5bc,['0c85d588d25458a21735887b1a72dbdadfe001f6'],xingchensong <xingchensong1996@163.com>,1684133262,+0800,xingchensong <xingchensong1996@163.com>,1684133262,+0800,"feat(deepspeed): fix lint
"
34b0554d7bb7379e5ec102575b375fef5b6fd2cf,443b71dbdb246bd26c4d53c65f22ed5a911562e0,['492fff58d57937e2ac1926cc7882302f72ab14bc'],Binbin Zhang <binbzha@qq.com>,1704365016,+0800,Binbin Zhang <binbzha@qq.com>,1704369163,+0800,"mask pad value to 0
"
34b466d0fc200fb53993933dff5bc5004990a936,ea149114f9ccfbe279d3442686a7348fd8f00888,['bea558a3937e98b81bd0e3e15d079b9892e1011d'],qmpzzpmq <405691733@qq.com>,1613647916,+0800,qmpzzpmq <405691733@qq.com>,1613647916,+0800,"dataset.py default fs
"
34b6e993ec247cffd79e683b8a2cf66680d22071,1ea2b88281f516d8a57e671e8669b40e6b3c257a,['7db0a4b14f368061200211b4f2b45b587b442045'],Mddct <Mddct@users.noreply.github.com>,1701225278,+0000,Mddct <Mddct@users.noreply.github.com>,1701225278,+0000,"Automated deployment: Wed Nov 29 02:34:38 UTC 2023 1aadcf79ed709d4a7a6ad1f8afaa1fccee6ee1e0
"
34c0be5c464e851ed0a7c827125a5840e9241e97,fe8ee9a65721b8c976309857f37d76960e66094e,['2ec359d1755bfeebdc5d6a61f8a8c05f7b38a003'],robin1001 <robin1001@users.noreply.github.com>,1614653009,+0000,robin1001 <robin1001@users.noreply.github.com>,1614653009,+0000,"Automated deployment: Tue Mar  2 02:43:29 UTC 2021 e77b9595dc1f0f0bbc8656ec3d40310513f82121
"
34d09cc636ee7c354ec1067c5a3b7d8fc85831c2,251fae649e79d6cb3051ba4af6a66677ea407190,"['1b89c1a0275169e95433d2a74982e609d4eff833', 'eff977cf880ba5d56b05ee7306f50d7d2faee06c']",Jinle Tong <lancertong@live.com>,1651219082,+0800,GitHub <noreply@github.com>,1651219082,+0800,"Merge branch 'wenet-e2e:main' into main
"
34d94e0a0d9e11546db89ece4abf59e52f0d760e,e2108dcb0e923a5527788a0e44f465c2ecf5b02c,['6243184aedaad64bfb96655eb24f23f38335e5aa'],TicooLiu <931881036@qq.com>,1704677119,+0800,TicooLiu <931881036@qq.com>,1704677119,+0800,"Fix bug about issue#2269.
"
34d9544fdc65f04eb295e86653cf2f4e8499f1eb,e2995210d37ce6baf7df0f9214a9aa640cdc9668,['fdfeea75e9e10782970905b50627b6fdffae59a6'],robin1001 <robin1001@users.noreply.github.com>,1681463171,+0000,robin1001 <robin1001@users.noreply.github.com>,1681463171,+0000,"Automated deployment: Fri Apr 14 09:06:11 UTC 2023 3eb9a8579d65a32b606aa04c89bdfcaca10d220b
"
34dfe1bcb73bb1065b90fc0efb654a5c52aa8d18,1b5d64102df8af9a0d7b445756c16d77c49a2760,['16f0d9de7c9273eba86de9bcde865f909f44fd87'],ZailiWang <zaili.wang@intel.com>,1687981377,+0800,ZailiWang <zaili.wang@intel.com>,1687981377,+0800,"correct libipex install version
"
34eecb22bf50f61476e2d9fa7106d1dec8eeb9bc,ed8684dd395a61b8323c6e9b75ff8e23abbe7a76,['bd6a6e6f47ffcb8782a5385dedaa52008069206b'],Mddct <hamddct@gmail.com>,1713531362,+0800,Mddct <hamddct@gmail.com>,1713531514,+0800,"fix w1 w2 w3 in feedforward
"
34ef62ba1f0679639e8d348fe23a25898b2c6a3d,18c930595c13305e35c0045765389cb56daf2ec4,['10d798f4041cdf1572f406bed477caa74df5d413'],Mddct <hamddct@gmail.com>,1697642226,+0800,GitHub <noreply@github.com>,1697642226,+0800,"[ssl/bestrq] model and numerical stability (#2060)

"
34f1ca49f9d07fa2bb87153ec538e755d10f22cb,99bf7f7ecf28405d6655c472868b199425eb5f1f,['a3fbf41abc0d7aa027772fc51ef376be1fdd4514'],Xingchen Song(宋星辰) <xingchensong1996@163.com>,1701239763,+0800,GitHub <noreply@github.com>,1701239763,+0800,"feat(train): add ssh-launcher for multi-node multi-gpu training (#2180)

* feat(train): add ssh-launcher for multi-node multi-gpu training

* feat(train): add ssh-launcher for multi-node multi-gpu training"
35022e4b016339ab0eb190e9c0df8078e5cb680f,458bbd25d7d878953cba7aa64dcae8ff01cc1cf6,['ecc63b1410697fb48dca13e756e450339ba3ee08'],xingchensong <xingchensong@users.noreply.github.com>,1710833081,+0000,xingchensong <xingchensong@users.noreply.github.com>,1710833081,+0000,"Automated deployment: Tue Mar 19 07:24:41 UTC 2024 d51d1bcf71151b805cd85a8135dc8516676b7c84
"
353ac25516633c3e22ec9e4bd72149cf782cf2eb,4fd0487770a5665d1bfc18ab63ba2c6ef83c02af,"['04cfa452fa96cf110926399d0589e1785c3ba260', '5d46f04580caf9c509f96cf7dc8701a2bd974e36']",Di Wu <1176705630@qq.com>,1630377923,+0800,Di Wu <1176705630@qq.com>,1630377923,+0800,"[tools] add char to syllable script
"
353da22c6ac8df3c32d09fdf8650a7f3b48887ca,67843d4b6e901c45e126b0639a18898f01a4b124,['d4d201710308e0bb54f7d59fafb74850a9f701eb'],Binbin Zhang <binbzha@qq.com>,1654012583,+0800,GitHub <noreply@github.com>,1654012583,+0800,"[network] fix copyright in python training code (#1183)

"
353e27942af5e2454bb3fa0e0ccaba21bd47ae1a,128b418d5c6c809a9f3cc408b926c1d3d68ddea7,['384f9356cc25848175dacda32e08d9c9a6c4ad52'],Jie Han <jay.cn@outlook.com>,1645439631,+0800,GitHub <noreply@github.com>,1645439631,+0800,Update Dockerfile
354493ccaef69984145ba52a917aab92a3550f4c,0e4c4b1d924f52ba75de02af1c421a185e4d1596,['8f7a8f3f9f6674b058d0dc9a79cd29e2775ca6f2'],user01 <user01@user01deMacBook-Pro.local>,1700803141,+0800,user01 <user01@user01deMacBook-Pro.local>,1700803141,+0800,"[web] Update code from huggingface
"
354effe504deaacbedce75a0b5ff8827797695b2,978b21ead3e4cdf215ef3065f12bea9d81d0802d,['0ed1f94ace26589816f67b46f0334757c8714df9'],Mddct <hamddct@gmail.com>,1656493168,+0800,Mddct <hamddct@gmail.com>,1656494084,+0800,"[transducer] unify loss print
"
35516b96ffed76df260cdf6de19a598deb23b635,ebb60b513a1d55aacce36c92e00949b1485c8164,['b7cc51c94837802f0e9b3ee3c5c42a7d1292958f'],Binbin Zhang <811364747@qq.com>,1632462900,+0000,Binbin Zhang <811364747@qq.com>,1632462965,+0000,"add speed perturb

Change-Id: I30b1edf3196ea817e062f3293de177ee167737ab
"
3552866ba9df53ef753cd764828f376d217e9b43,b6c4f4eb329d6a953f53645fed419a97de8332cc,['080e0b2b1e19a42777248d6a33a1d8ab1c33f22d'],Yuekai Zhang <zhangyuekai@foxmail.com>,1665556454,+0800,Yuekai Zhang <zhangyuekai@foxmail.com>,1665556454,+0800,"remove lines
"
3552b949ce788e1b2d5f5aa44e6a95614e418583,baf8569ad0ae7ddc8af077c7bff2bed16679ff67,['2418d79bcc4496187922f95c4ad30d4aa8cda768'],Mddct <hamddct@gmail.com>,1701013041,+0800,Mddct <hamddct@gmail.com>,1701013041,+0800,"[text] add bpe tokenizer and char tokenizer
"
356a8c1756eb6586611a495ad48d8504b1771c03,6b74a6a449b7e31fdd2a7c9fd1f0998abb4381f6,['9a0c270f9f976d7e887f777690e6c358a45a1c27'],Binbin Zhang <811364747@qq.com>,1622800864,+0800,Binbin Zhang <811364747@qq.com>,1622800864,+0800,"[runtime] refine blank frame skipping

Change-Id: I36bea58a2443f54618f3a8d30b772ca22a194cad
"
357399a95a164cf8fa6239327dd15e9d7c87d369,22b2dc7000bf66aa81b0866dec7eca2fc3ae6a96,['567de58dd4eaf98aaad8cd053cc55c1cc703c19a'],Mddct <hamddct@gmail.com>,1704386506,+0800,Mddct <hamddct@gmail.com>,1704386506,+0800,"[paraformer] cif2 forwar workd and export jit works
"
3576cb4ab6c096bacb8105cae91bdcd1cb909628,3e355911e75984c7ed73aec0b9ee742bb45dff88,['238fc8ef7dad957d34af91c0ef2430bab8287efe'],veelion <veelion@gmail.com>,1660816815,+0800,veelion <veelion@gmail.com>,1660816815,+0800,"add FLAGS_run_batch for runing for batch decoding
"
35788e3be54e3cf2dcf98f26289f4f1d3b828377,709cff942a90da160fb2c89eea6bb715c1fb8e91,"['039f38d4ea3e4062316446e302352ede15f94a2e', '3e317332c6b7a91fdb585e6e4904005af8178508']",彭震东 <275331498@qq.com>,1635411181,+0800,GitHub <noreply@github.com>,1635411181,+0800,"Merge pull request #741 from wenet-e2e/binbin-fix-model

[doc] fix librispeech pretrained x86 runtime model"
359b54e587873a8671fdf4094ad84e0a7dd594c0,752bac5496d98d52d6a24e05f4e7299f64421a10,['1210184085215264906c01c82dacb408d7f5c99f'],Kai Li (李凯) <tsinghua.kaili@gmail.com>,1662630786,+0800,GitHub <noreply@github.com>,1662630786,+0800,Update README_CN.md
35a70035f812f1f56bcfd4d17d41719c6fa5448c,cd98bc4eb1f0193fa18a378a0cba2fe2e1def746,['2e15f42001a263c273d8413ea98882a0ac0e46f5'],luchuanze <619474145@qq.com>,1639825612,+0800,luchuanze <619474145@qq.com>,1639825612,+0800,"[runtime]handle the context that has not yet the end boudary does not set to start state with negative score.
"
35aaf0c616dc0bc8d5929b0bb65c03d506881b89,93042394d3af24625fd16593ef90b44a0eb33a23,['76d879a05cc5ad96e0127254748ddcc8fe5222ef'],zelda3721 <zelda3721@yahoo.co.jp>,1640233585,+0800,zelda3721 <zelda3721@yahoo.co.jp>,1640233585,+0800,"try to solve the programm stuck, when train and cv both are dynamic batch size
"
35acffcc8eb678471883ad978a07174955dcfaba,135bdd3554bc7f049eb7ca56df5c275cc144e347,['37905091eaa7751b465a41f185eba1b0b850e15b'],Mddct <hamddct@gmail.com>,1696907172,+0800,GitHub <noreply@github.com>,1696907172,+0800,"[ssl/w2vbert]  support part of w2vbert training (#2039)

* [ssl/w2vbert]  support part of w2vbert training

* [ssl/wa2vbert]  fix typo

* [ssl/wa2vbert]  fix  bias

* [ssl/wa2vbert]  add mlm weight scale

* fix typo"
35b0db1fb0231c6e5f68a46cd3995ce8c3a787d9,d4838bafc878363fb50994d775129d7eea9d173a,['3889e2e4ae1eacc9167d85ff039df2f4aea19f27'],xingchensong <xingchensong1996@163.com>,1700021550,+0800,xingchensong <xingchensong1996@163.com>,1700482049,+0800,"feat(whisper): add compute_log_mel_spectrogram
"
35b4ef5b21fe3f72a0a59d43ea3ce6d5d95f0e19,45810b65c92ac30f392a7ea150a3c657d274786b,['232adabc19da70a39c1d8c4da5267b18836441cc'],Binbin Zhang <811364747@qq.com>,1629961095,+0800,Binbin Zhang <811364747@qq.com>,1629961095,+0800,"add pretrained_models in index.rst
"
35c546afa10525243c8d0e6479c0a39f504e587a,3d752e2cac93d30ac45b3301180f17b84fc9fb29,['49d483966f552d223fdfbb838344cac1a0835c2f'],MrSupW <1402036111@qq.com>,1678632548,+0800,MrSupW <1402036111@qq.com>,1678632548,+0800,"solve flake8 warnings
"
35d6dbe1faf7d23b7b73917eb2156afca03516f9,1cf1580fc027081f0cabc5a79feb10d59a2c31bc,['38ff6a46435ffa009cb6c5c235cb77bfb51fa9aa'],xingchensong <xingchensong1996@163.com>,1702734491,+0800,xingchensong <xingchensong1996@163.com>,1704535500,+0800,"[text] try to pass ut
"
35e0a1c3994142d45cf3f902fe1718db7b79a160,40a2f36b29772dd8606ffcf3c974117ff4d915e2,['3258fb6ac7bcb8ff00272c17b80a10151e3b9d85'],Dinghao Zhou <hamddct@gmail.com>,1710162100,+0800,GitHub <noreply@github.com>,1710162100,+0800,"[transformer] support multi query attention && multi goruped (#2403)

* [transformer] support multi query attention

* fix dim

* fix dim

* fix comment and fix kv_head"
35e8d1a32bfcb281441a85b2042f18091cba64d9,dbe9c0b96c6153c55f8a82355adf1c80744c32b5,['7bc634a206eacabe2c6d5b913185dcd31e719b7a'],veelion <veelion@gmail.com>,1661409399,+0800,veelion <veelion@gmail.com>,1661409399,+0800,"add to decoder_srcs with batch_torch_asr_model.cc, batch_onnx_asr_model.cc
"
3602e6037f27fc02c72f28d0242c51fb56f0506f,555eddda90e89202abfe65cf6c59bc20e33fb54d,['80812b2af6c9677078717e89bcc754544ceac703'],Binbin Zhang <811364747@qq.com>,1614737344,+0800,Binbin Zhang <811364747@qq.com>,1614737382,+0800,"forcely use glog for openfst compile

Change-Id: Id617df94971a068dcaaa78794c40df834c0eaeb6
"
360c012d12c4278e63d8b127acc1bbf82aee86d7,d647e7a57e98331c9f9366e8aff229c0b068ee4b,['f65946a9f6919b88f82248b8c8069d25aeadec60'],pengzhendong <275331498@qq.com>,1623516944,+0800,pengzhendong <275331498@qq.com>,1623518514,+0800,"[runtime] change openfst to pre-built library
"
36127968a463f4f11e16f47008a81b1788e8f753,8a59f3bbdfd3e22a8291ce004bb014575108a79c,['3cc9d28b63534eb922a7206717b176e5db84b556'],pengzhendong <275331498@qq.com>,1653223645,+0800,pengzhendong <275331498@qq.com>,1653223645,+0800,"[runtime] refactor feature pipeline
"
36169469018a2279b0f71d139880fb0099b228c4,cb9dc3485cace065d5269f2d3d9e8b8bbb17ca17,['6e6ae898031b29947da3143866b5ce32d05d21a7'],machangwei <chwma0@aliyun.com>,1614602042,+0800,machangwei <chwma0@aliyun.com>,1614602042,+0800,"[fix] poll GPU value by index
"
361af98fc33506025646bb8ea6ed93bca557c8b8,efeb76aaddadc85a00198fd3508bb1f3c09ed6eb,['0c8945c6a109bf41a824ffaec9471d907b18ce62'],Dinahao Zhou <hamddct@gmail.com>,1706527483,+0800,GitHub <noreply@github.com>,1706527483,+0800,[utils] disable auto convert numpy value to tensor when disable auto batch
361d680ab71188b7dbe2c38dd58ea95c7d1170ef,9b69159e86785db1d2a7a9309cc90e71f34c3e17,['df3bbcc56ae74b6c084970c354f2dfe9d3fc3fee'],Chao Yang <385526069@qq.com>,1611043159,+0800,Chao Yang <385526069@qq.com>,1611043159,+0800,"modify tutorial.md for torchaudio
"
361e344213471999f8a2e7bf4306830bf91cf904,b5b7070fb48ebe9c1c942f372f78499dc04ea147,['caf68ef4de320284b0e595b52365840bfd7a106b'],Tong Jinle <tongjinle123@live.com>,1650270067,+0800,Tong Jinle <tongjinle123@live.com>,1650270067,+0800,"[dataloader] add ipu dataloader
"
365aaa12c41ccc5e8e9f1d8f73aa3e9ef9aeb117,c2bd805e7892b4a6b84d6c4bcdbfa99f2c63bac4,['d483613d4234482e1c9be1a3890184d89b185f43'],yuguang.yang@ximalaya.com <yuguang.yang@ximalaya.com>,1671614898,+0800,yuguang.yang@ximalaya.com <yuguang.yang@ximalaya.com>,1671614898,+0800,"[fix] undefined value chunk_masks
"
365c820e380131d8234c983d9699e4652c220a39,016913beea965257258d931f6aebae27191a5835,['9c4e305bcc24a06932f6a65c8147429d8406cc63'],Di Wu <1176705630@qq.com>,1628670832,+0000,Di Wu <1176705630@qq.com>,1628670832,+0000,"[doc] update gigaspeech recipe
"
3669b94930d861ab00ec47fd77da1902b1d0fb47,5bae20cfadae400668eea0eec67e8f04a6c95635,['b9cb7f260a10152c5b86fb2140dc2247544adbd5'],wm901115nwpu <wmnwpu@gmail.com>,1693831788,+0800,GitHub <noreply@github.com>,1693831788,+0800,"[fix] fix onnxruntime (#1992)

* fix >1.9 onnxruntime bug

* fix pylint bug

* fix pylint blank bug"
3680702a843aed374e1ad6c095e1d0a4fae30f72,85079a682d5fc4468273f5fdeffdd00ef50442bd,['04927dd0db4a7218f14f666c81e11c47c1850ffd'],Binbin Zhang <binbzha@qq.com>,1664967636,+0800,GitHub <noreply@github.com>,1664967636,+0800,"[runtime] fix openfst far option (#1481)

"
36835422619de1d01e321fff36721b0199c1a55e,67ccfdb7ade73ae61baa4f01fd8a7f9ecc16b60a,['b7826d34c5e5a8c498cfb5530aca69920399b80a'],xingchensong <xingchensong@users.noreply.github.com>,1704681663,+0000,xingchensong <xingchensong@users.noreply.github.com>,1704681663,+0000,"Automated deployment: Mon Jan  8 02:41:03 UTC 2024 865933bf95789ef0d59aae4284cf869d1e649150
"
36876a523546dc926b4d17bf109bd31eb7ba598c,094f8bac34996eb8044798c9f766e0b0aaf5483d,"['d99295b753f7333a70c3648ab99731ba562c404d', '762e1991a83c2162145a81179c07958c0fcec211']",kxhuang <50736606+kaixunhuang0@users.noreply.github.com>,1697458878,+0800,GitHub <noreply@github.com>,1697458878,+0800,"Merge 762e1991a83c2162145a81179c07958c0fcec211 into d99295b753f7333a70c3648ab99731ba562c404d
"
368d8e7871396cd5c4a7c83c976cbc85f4ab9829,c484525058227a7044881939dc6d1687c507cc72,['20967cfdbc6442a9f7ab2fa23cf1d2b2724ce63a'],funcwj <funcwj@foxmail.com>,1636544763,+0000,funcwj <funcwj@foxmail.com>,1636544763,+0000,"fix trailing whitespace
"
369654eb60618e4228ea14520b37ce320a8fc15b,fe8ee9a65721b8c976309857f37d76960e66094e,['73b8454d45dfade483c5b7e7984963f7f737c6ea'],pengzhendong <pengzhendong@users.noreply.github.com>,1615885463,+0000,pengzhendong <pengzhendong@users.noreply.github.com>,1615885463,+0000,"Automated deployment: Tue Mar 16 09:04:23 UTC 2021 129731d8e4f38c9c75ec95fff9f7798c326631f5
"
36a70e0d0dd0cb7bb6fc03e1c0b541d9677214e6,dc6e0acc6c3de4df40bbfab1bd3c60df8b04d5fa,['2d3fc750921494ffe2e364e51e662da722888e90'],xingchensong <xingchensong@users.noreply.github.com>,1699346891,+0000,xingchensong <xingchensong@users.noreply.github.com>,1699346891,+0000,"Automated deployment: Tue Nov  7 08:48:11 UTC 2023 3c7f291398742aa8fae9dd18725414b1f878df55
"
36af934edbb03e336ccac4c18060bd2cc088c227,faea830b3f7fa38c43e3ffa2fd3acb52d6401ab3,['4a6c862e44db44c5dad255bd1b6a086327ce81f5'],Mddct <hamddct@gmail.com>,1702011621,+0800,Mddct <hamddct@gmail.com>,1702011621,+0800,"[text] add tries for bpe part
"
36ba239ba4773a76d953216da31f61444184a5c9,fe8ee9a65721b8c976309857f37d76960e66094e,['a482d25cac36e95b628390f14e3616e33aa051b5'],robin1001 <robin1001@users.noreply.github.com>,1615370057,+0000,robin1001 <robin1001@users.noreply.github.com>,1615370057,+0000,"Automated deployment: Wed Mar 10 09:54:17 UTC 2021 515c2071d19e50c51b1ba08babde4e6abcbc911b
"
36caaac520bdefb8a4d81016f377541e90b5f9e2,0706d03363c6f49fd1cf06d513ce29147e665c1c,['cad0b084a12287349ff9a4512f262e19824ed332'],yougenyuan <yougenyuan@tencent.com>,1634706386,+0800,yougenyuan <yougenyuan@tencent.com>,1634706386,+0800,"update vkw
"
36cd39858dd33cc53faa2b5cceea2038f01bf1e9,863bd1a3592478c19006b593f7cd75c11e32ac6c,['c4a91182646773fbe0ddd1fa6124e2488b925829'],Mddct <hamddct@gmail.com>,1656845077,+0800,GitHub <noreply@github.com>,1656845077,+0800,fix one step
36cf2c1c9b6dd3b4ce276ad001fd06edee1fc30e,9aa57af1d69f00c0645577fcdbbe6ed676d8af61,['d94fe9108ba172d4d5e912fbff586cd4b8a362fb'],xingchensong <xingchensong1996@163.com>,1708483489,+0800,xingchensong <xingchensong1996@163.com>,1708483489,+0800,"[examples] Initial whisper results on wenetspeech
"
36d934e651c78a758c6f5d1c9c3a4d1e3a841b24,db763676df8d660fa60be10fcd6b4034b7feddfe,['9dd6f1e7eac432a175a94d97d0983e5d285fc2b3'],彭震东 <275331498@qq.com>,1627354368,+0800,GitHub <noreply@github.com>,1627354368,+0800,"[runtime] update link (#539)

"
36e10761fc321e9d272ec6de518654ca973f59af,cdf74adb168ebb6d9ea6464b6fb8578b8627cc38,['013794572a55c7d0dbea23a66106ccf3e5d3b8d4'],fanlu <fanlu7311@163.com>,1614761746,+0800,fanlu <fanlu7311@163.com>,1614761746,+0800,"add tal data and migrate zh and en training
"
36f8c52cac38707b9ac517d75a0dfc8cd9e0238a,ee9ea03b9ba23d6123039e67fa7ea5843b30f8c9,['97c4dffd50007e22f6faecb58cfba670afbb011f'],liuboji <liuboji@huya.com>,1622102535,+0800,liuboji <liuboji@huya.com>,1622102535,+0800,"debug relate to issue https://github.com/wenet-e2e/wenet/issues/388
"
37018e984d5dc09cd01ca07ab3ab3923e24693ae,fe8ee9a65721b8c976309857f37d76960e66094e,['d2a8de67b5053aa94f6fdff80c7a0f29a86de408'],pengzhendong <pengzhendong@users.noreply.github.com>,1613814576,+0000,pengzhendong <pengzhendong@users.noreply.github.com>,1613814576,+0000,"Automated deployment: Sat Feb 20 09:49:35 UTC 2021 aede48f598a872b1e013b640a0b43e2a65d2a94a
"
370501d8d25c2241b7e99de5b11f4fa1d5c5ad76,a29fdc3d89960b0e42caac615bf5f249ad95d486,"['5bbb3b9765b7fe248811b95c4c9623c2a16c1799', '6948c56321e1f0a4b3444077dc051863781d4aef']",Khánh đẹp trai <51778162+khanld@users.noreply.github.com>,1757082075,+0700,GitHub <noreply@github.com>,1757082075,+0700,"Merge 6948c56321e1f0a4b3444077dc051863781d4aef into 5bbb3b9765b7fe248811b95c4c9623c2a16c1799
"
370ae31d089931abff598aefb03fb25b809eb10c,62ab98cf7425cbf5c0fe47ce79fcde94af22b414,['09d5c61b760f81beef6693a1aecb4e2337a93254'],Binbin Zhang <binbzha@qq.com>,1675912094,+0800,GitHub <noreply@github.com>,1675912094,+0800,[doc] add roadmap
371233a89a6512e12cb7b8307ac0b6bbfbc5a548,a507b1b3bad826c838fb2768b13ad8530b62f2ed,"['f0bbf6af16fa92d26a7f68ac21e0354a7500a025', 'd8de7a3517329ff66dd83fa9fbe06dcdba0f0f43']",Emmanuel Schmidbauer <eschmidbauer@gmail.com>,1652362222,+0000,GitHub <noreply@github.com>,1652362222,+0000,"Merge d8de7a3517329ff66dd83fa9fbe06dcdba0f0f43 into f0bbf6af16fa92d26a7f68ac21e0354a7500a025
"
3715841ff3a8be2a5780ae01e843fe1a4970244f,14bbd84d7570cd67c9c8ef3fedf48dc3b79e00f1,['0625c2a6da5cd70eba5dbfdeecf92e09e2ac30e8'],zhyyao <zhyyao@npu-aslp.org>,1657601154,-0400,zhyyao <zhyyao@npu-aslp.org>,1657601154,-0400,"fix lint
"
371e446552b83aa5c7317b7e05b7453947c62ebd,ebab02cd3464cb8bb9ca9e3f56b6a48ed1b08ef8,['1680056d426e0e5093115fa0d1581b72a3a9b6d7'],gengxuelong <3349495429@qq.com>,1694598299,+0800,gengxuelong <3349495429@qq.com>,1694598299,+0800,"[fix] 修复utils/common.py中pad_list未考虑time维度后可跟其他维度的情况(#2007)
"
3723122c6fe558d5bc60270512b3909b66a9451b,ede713fdde13e66f54d54ad7bd5b887234945ffa,['d215664580194a873b57f22840c58617b146838d'],Dinghao Zhou <hamddct@gmail.com>,1752289224,+0800,GitHub <noreply@github.com>,1752289224,+0800,[cmvn] clean code
3723d94595eee0d8c549d8f34a4014e8bf2a2348,a2c629ec46d85007dcce2b776aa723bb0797f79f,['28f06ed837bc22c74b99f1203a73dd58ecb473d9'],qmpzzpmq <405691733@qq.com>,1634890493,+0000,qmpzzpmq <405691733@qq.com>,1634890493,+0000,"add config overrides in recognize.py and train.py
"
373109c8d01af44ea5459b3f837c66078c4c7472,4aa50df65b6c00c6d64265f4f4c951f4f1c79e13,['0df275999d136c26445fe826af63bcd92ab76bbd'],Mddct <hamddct@gmail.com>,1701166825,+0800,GitHub <noreply@github.com>,1701166825,+0800,"[paraformer]fix embed after wenet map class (#2177)

"
3748a8627fa4c1a5c1690e440ca7c58b2f2ac75b,672c0a602895e373d17502031dd8274179d00ff1,"['a3f091e2fc5412a140efc660b3e393519a076645', 'a8ea842f7388cdce6521a51e745c89dae77e0986']",tongjinle123 <lancertong@live.com>,1652695190,+0800,tongjinle123 <lancertong@live.com>,1652695190,+0800,"Merge branch 'wenet-e2e-main' into main
"
374d0f4a71964de1f493f504db878efccb21ea53,5d79f417f2dff5eeda639b2f35a280d1e3f57742,['88b54b9d4d5bd97a58c535f2c04862a97f583f01'],Binbin Zhang <binbzha@qq.com>,1633662281,+0800,GitHub <noreply@github.com>,1633662281,+0800,"rename decode_text to tokenize, inspired by huggingface (#660)

Change-Id: Ifa833f90c443bd74425eda5bd71a6cd14ee67ed4"
3756b077d6215bf9df2f990ff0cb0c78af5fb511,cdff68bea2c726c3dfa9dc21c5c91bb1e9deb5e6,['428ef3393ef5f2be67d862b7df1d5f9da4b07497'],Di Wu <1176705630@qq.com>,1614906867,+0800,GitHub <noreply@github.com>,1614906867,+0800,"[doc] update aishell s0 multi-machines training results (#199) (#202)

"
375a2bf6a782f2f70f3893d594c2cc48b627c3f9,d24341b9c21689c69289cf2566f6ae1d2bd55cce,['5288aaa8681c5199338df68881facd53a5865edf'],robin1001 <robin1001@users.noreply.github.com>,1608788103,+0000,robin1001 <robin1001@users.noreply.github.com>,1608788103,+0000,"Automated deployment: Thu Dec 24 05:35:03 UTC 2020 3b92fb70009e1b44d82320b7b56ff71a2e44aa7f
"
375d6f9cd75a2cdd16a1fc782ae935617214eb36,e893acc5894d5ae39197262a68593b55d72be3e5,"['8423e175e4feffa017948a59084eba707f862973', 'f22e77f5d0fac793d06492534974ad9bd178874c']",MXuer <muxiaoering@163.com>,1757580780,+0800,GitHub <noreply@github.com>,1757580780,+0800,"Merge f22e77f5d0fac793d06492534974ad9bd178874c into 8423e175e4feffa017948a59084eba707f862973
"
375e883d81ce224cb733d947016a0fa9b66a4562,e22f88623591f6a7405e9a151e013a016c4467b2,['e4b7e8e955d476c6a628a48a83b91e6b12dcda89'],彭震东 <275331498@qq.com>,1618132835,+0800,GitHub <noreply@github.com>,1618132835,+0800,"[runtime] fix bug of some dependencies (#301)

* [runtime] fix bug of some dependencies

* [runtime] add comments to flags/log

Co-authored-by: randypeng <pengzhendong@Randys-MacBook-Pro.local>"
376488cd19d2963155bd101e538a269f7634c3bd,2df4c31a4117acb4a37e05aaf15697c67c48a285,['cb16b6b8bbde22f04edeeaf63aa17a4e1bf1b3a5'],Mddct <hamddct@gmail.com>,1699423568,+0800,Mddct <hamddct@gmail.com>,1699423568,+0800,"[cli] fix windows backend
"
376669b457b8030ed8f29882b29380d2cf23bd9f,add42ca514d8f8eefedeece433ff392a1d9fb8cb,['6adde86e6f53dbffa0bcef7a9e37225db16f5a27'],pengzhendong <pengzhendong@users.noreply.github.com>,1661737609,+0000,pengzhendong <pengzhendong@users.noreply.github.com>,1661737609,+0000,"Automated deployment: Mon Aug 29 01:46:49 UTC 2022 257997ceba2332341e5a42052c33a73d4a737119
"
37723c470e62b163b38d4d859361a5be1a5dc016,b563e620de447e2d7e3e698c55d924baf27e5660,['4385b2c3fe9ca8495f584c222b3b5acaf7515688'],Binbin Zhang <binbzha@qq.com>,1736480069,+0800,Binbin Zhang <binbzha@qq.com>,1736480069,+0800,"fix python version
"
377e7205f422202ccd69a0aa4a42634673b3ce99,928de7f6ce9bdaf89514e2c1b1b517cab67b747e,['2c26ae45bc532277ce3c25f8fbc6ef7d69d2d85c'],jia-jidong <31591825+jia-jidong@users.noreply.github.com>,1711526250,+0800,GitHub <noreply@github.com>,1711526250,+0800,"add blank_sacle in ctc_endpoint (#2374)

Co-authored-by: jiajidong <jia_jidong@163.com>"
3786e4ae2f172771db33cf90d249290daeb92481,f9509afa73ebc918e0137e01e888e7c1809fe845,['a6ab4d994bc85720c54c10a8bbd3ac8b125d8b6e'],xingchensong <xingchensong1996@163.com>,1701335528,+0800,xingchensong <xingchensong1996@163.com>,1701410467,+0800,"feat(train): remove find_unused_parameter
"
378aa1a11c3ffc5bb8993737fd10a557f8b6cc00,7f1fad4d4ff197a8ae5c3217cc82f762acb94562,['017fac5163cbd4b8f96fe15ebf2fd1cec2ef2be3'],彭震东 <275331498@qq.com>,1649212664,+0800,GitHub <noreply@github.com>,1649212664,+0800,"[runtime] Update model url of dockerfile (#1012)

"
37905091eaa7751b465a41f185eba1b0b850e15b,7daac0b772c662e3c0f482bcbe867948efe3c6f8,['a1b0a29fb32450795524a1fdd5c526b653dc4f82'],Mddct <hamddct@gmail.com>,1696816134,+0800,GitHub <noreply@github.com>,1696816134,+0800,"[ssl/wav2vec2]  add more info (#2035)

* [ssl/wav2vec2]  add more info

* [ssl/wav2vec2]  fix lint"
37976b1ed752c12eeab258db478829eb19f4fcde,6c228f90d4b6924d91c1d8f0dd6f2fdde7ed0303,['7c8a076a918baab9e64e6fccfac164466a5f8204'],Adiljan Abuduniyaz <126153483+AdilAdam@users.noreply.github.com>,1740979738,+0800,GitHub <noreply@github.com>,1740979738,+0800,Update encoder.py
37a9979ff7e5cf8b4db67fa7dbb68b6018652512,4192915a21458ee78ca0e4703e70412a49e23ee7,['a4d7e3c8097fc31366773ed801999587faf5614d'],Mddct <hamddct@gmail.com>,1637752219,+0800,GitHub <noreply@github.com>,1637752219,+0800,"may fix unclose error

tar extractfile is file object, need to close"
37b331afebc7ecfd17dd03325a472e86a9e96b3d,b0e3b1b6e304127382c04b903c46bb9067b470fb,['f2be35a5e012faf162c8d822e4e85b0c6592b0c1'],Yougen Yuan <yougenyuan@gmail.com>,1634813024,+0800,GitHub <noreply@github.com>,1634813024,+0800,"[examples] vkw finetune scripts (#706)

* vkw finetune scripts

* vkw finetune scripts

* vkw finetune scripts

* vkw finetune scripts

* vkw finetune scripts

Co-authored-by: yougenyuan <yougenyuan@tencent.com>"
37c9f975ceaf23fbd9e0f8113d04a038ffcd7ca0,c05018517b251863fe1a4c920716072f17915eec,['c87de567c4a2ccad01e3bc16878e2a437ae58144'],robin1001 <robin1001@users.noreply.github.com>,1635869379,+0000,robin1001 <robin1001@users.noreply.github.com>,1635869379,+0000,"Automated deployment: Tue Nov  2 16:09:39 UTC 2021 70f35735e3fe7e19113b47d1992aa3c0927d1dbe
"
37caf8fbc08aa909d3405578bc85b9211dcf9db7,ad288a140343e16a6dcb6a481eadbfde60738c60,['7af6cab08c99c77f669f9bcaadeb62e24d54d884'],cuidongcai1035 <cuidongcai1035@wezhuiyi.com>,1676431247,+0800,cuidongcai1035 <cuidongcai1035@wezhuiyi.com>,1676431247,+0800,"warnings.warn stacklevel keyword set stacklevel of 2
"
37ce00224b023c8a9ce5288bae723e950be0b523,ef82147ef6a6af042317174022db468e5a94f838,['eca129e64ebfcb53ffb64672d18a62aac671370a'],randypeng <275331498@qq.com>,1616933853,+0800,randypeng <275331498@qq.com>,1616933853,+0800,"[runtime] refactor utils
"
37d0fa2ae516f83b2ff7d5a4bfc782562f6b2a0e,2a34626cd5245594a6094188eeafe111f8a4ef40,['a34e1158ce8bebd938d6106ea09cd319bcabc050'],robin1001 <robin1001@users.noreply.github.com>,1621233698,+0000,robin1001 <robin1001@users.noreply.github.com>,1621233698,+0000,"Automated deployment: Mon May 17 06:41:38 UTC 2021 890d4bacb23a71f5ca9e39a5a1af32541473a14c
"
37d5fe7a706036a43d24c25908e1aaae72ed2462,bbd2ba099a63bed2ae86f502c5d019c3428c9c7f,['ecb80ae50d98243da92ef93d408aa8d047b617f9'],xingchensong <xingchensong@users.noreply.github.com>,1709703033,+0000,xingchensong <xingchensong@users.noreply.github.com>,1709703033,+0000,"Automated deployment: Wed Mar  6 05:30:33 UTC 2024 ea6ff5319660402a176b4651fe7f8dbf8435cdb3
"
37df8bf36d2e236ebae856a18bedcddc5504f3d0,389c8d202397029ac6bb08d99f88e5d769dd6003,['2b370eabfed00fb1aaf3d9723ac13cf04cdfc4d9'],Mddct <hamddct@gmail.com>,1712132942,+0800,Mddct <hamddct@gmail.com>,1712132942,+0800,"it works
"
37f0a8e3355d260e6171f9c5e7525d963d8f044e,7a9a4cb3a13c825e51f4bda1b555acaa4550f2be,['b228b92abf59297e2fd769cf07b993938c9d9a1c'],Binbin Zhang <811364747@qq.com>,1619321608,+0800,Binbin Zhang <811364747@qq.com>,1619321608,+0800,"refine topo
"
37f76ecb8f54b6428f910a46e200b46a2ac86ebf,c05018517b251863fe1a4c920716072f17915eec,['3b4ac2dc965501e5b1d5be9a037f0cbb6ce2057d'],robin1001 <robin1001@users.noreply.github.com>,1637808951,+0000,robin1001 <robin1001@users.noreply.github.com>,1637808951,+0000,"Automated deployment: Thu Nov 25 02:55:51 UTC 2021 5a0afe155961a8ff3f9709281ad90ff077cd49cf
"
37ffe54af582310c24b7c9ea2c67735cf3677e78,db6cf4ec9e8d699493378bf488f3a5a96efb0887,['496fef273689e1becaec6ec43155e615097ad86b'],robin1001 <robin1001@users.noreply.github.com>,1675912228,+0000,robin1001 <robin1001@users.noreply.github.com>,1675912228,+0000,"Automated deployment: Thu Feb  9 03:10:28 UTC 2023 0c46d4d91547336931f2d39006f2a3fdd7bd9bb4
"
38147bab10118afc376099766974bc0e377aa4ec,f43a3fa73e3870f9469cd72468f2289baef891cd,['94f139f1f20b7952a6076d65a03e2252f715da1e'],Dinahao Zhou <hamddct@gmail.com>,1704966288,+0800,GitHub <noreply@github.com>,1704966288,+0800,"[unit] use resource (#2297)

"
3816cd859284f544192c84fc77b6013dbc13bd08,0d857c1f6de44bb095ffa202d8a5979902b1b257,['f7b57ff89dd55ddb5ae964e7b6b1a188b1e46041'],xingchensong <xingchensong1996@163.com>,1702096602,+0800,xingchensong <xingchensong1996@163.com>,1702096602,+0800,"[refactor] try to pass unit test
"
3818ad048864c71a37d3c41262d8d67e99c34a95,f2739e8d99a9bffd53db69fa9c30da9fcf6d86e2,['c71d6d903cbdd8d5baa8d28f18e97d5999e22b5a'],Binbin Zhang <811364747@qq.com>,1606278715,+0000,Binbin Zhang <811364747@qq.com>,1606278715,+0000,"[doc] refine comment for mask, asr_model, convolution, ctc, encoder

Change-Id: I07495d8ea4ed9b5ba07150783d0fc65e99251653
"
38262dd7f5879e1ddc8ac97be30cea412055242a,35940a77ed3781c946627585c049c2d7e4f62102,['e66a5904782ab2446cb2e8ec04e7757614fe9adc'],Mddct <hamddct@gmail.com>,1702350973,+0800,Mddct <hamddct@gmail.com>,1702350973,+0800,"[text] fix ut
"
3832fc39868da154a75d4030829e54741c798678,83af63ac1ab1d26cd1261e71953042e422698674,['0869d032516fb434d7345522e4009f110bc0fe67'],qmpzzpmq <405691733@qq.com>,1637546467,+0000,qmpzzpmq <405691733@qq.com>,1637546789,+0000,"lint
"
38330d142552df498f34e2170452994f78e64743,182966f32a3d66f5e48031ebed8d1dd01e3139f5,['a8cbf234881eb5bcc7570927350248cf2c672d67'],Mddct <hamddct@gmail.com>,1713948494,+0800,Mddct <hamddct@gmail.com>,1714047977,+0800,"training works
"
383b85a837595f7d5fe34d55d06db67223077d88,38f384468e7379f58178704ce259499c1c753e1f,['7437a588fa4222e64e3f53d63dd3f3fbb87dd01f'],Mddct <hamddct@gmail.com>,1618211834,+0800,Mddct <hamddct@gmail.com>,1618211834,+0800,"add subword suffix specifix
"
38450c9caf9030349d06ec45df50993c9e76fd54,fe8ee9a65721b8c976309857f37d76960e66094e,['c36ae94af6a8e4fe2e31355093ba195d44849407'],pengzhendong <pengzhendong@users.noreply.github.com>,1613722941,+0000,pengzhendong <pengzhendong@users.noreply.github.com>,1613722941,+0000,"Automated deployment: Fri Feb 19 08:22:21 UTC 2021 e01d6a98e835ba1490325c5bc75915321b27759b
"
38463458cc72f93fc5fea51de00915ec0fb5343e,a3dfe803ab1570c73a8507dba3e2505d4b62baf1,['fa2a1d09580fd2aada8493bd1169f9cb11b310a7'],aydentang <aydentang@tencent.com>,1641885532,+0800,aydentang <aydentang@tencent.com>,1641885532,+0800,"update run.sh
"
384f9356cc25848175dacda32e08d9c9a6c4ad52,bcfe4d0071f6d3d068ff112c38ee6d5e325f6c15,['b3d3901710e87c3bb6fbc534295267aaac3759aa'],Emiyasstar <emiyasstar@outlook.com>,1642938613,+0800,GitHub <noreply@github.com>,1642938613,+0800,"support loading pretrained encoders (#914)

* support load pretrained encoders

* fix

* format

Co-authored-by: aydentang <aydentang@tencent.com>"
386ceeb20b6608341126fe6ea324b2d3a0d82fec,184c63a004e854329c0fe74c093dcebd2a9a33b6,['0089cb8e0f2708ab02f2b32ab2b6938620d57897'],Mddct <hamddct@gmail.com>,1657194681,+0800,GitHub <noreply@github.com>,1657194681,+0800,Update README.md
38753098f4bd601ad94cb91f5018741935e797d9,8f7eaf43ff37a7fdf1b9d509d236a5297c992681,['bda6c86ff74d3ad257234a672d8a7bc4d0f32e81'],xingchensong <xingchensong1996@163.com>,1655811169,+0800,xingchensong <xingchensong1996@163.com>,1655811169,+0800,"[fix] union type for offset in NoPos
"
387c1a11f755fc283a57683b09b528d851987f2d,8fc6899d8efaedf98eb1a7c6c9bd54e1e6e6797b,['55d0fc72611203a0a6465bbc05da96a73d5cb062'],Mddct <hamddct@gmail.com>,1698888254,+0800,GitHub <noreply@github.com>,1698888254,+0800,"[paraformer] post process eos and @@ (#2099)

"
387d1c77740831f90f3a3ade8cef711b2d8661a3,183728c0d8d1bc1327d582902802bf0144fd2c0e,['bcfecac3ae7215e787a5ef34d672dc0940f137bf'],xingchensong <xingchensong1996@163.com>,1701150022,+0800,xingchensong <xingchensong1996@163.com>,1701150022,+0800,"refactor(model): refine e_branchformer
"
3881dab7e0f6091d1ba51e6930493feaad9a72ea,7ab6973ea55d3b3a9551df284709d652bc137d8c,['5710865ac417b44404fa2677b9e31a37f0d97341'],Di Wu <1176705630@qq.com>,1611736368,+0800,GitHub <noreply@github.com>,1611736368,+0800,"[examples] move s0 to s1 (#103)

"
388325a63bb405daed3c3596af936ffeb5d3644c,8a99b3cf4f6322cd132e30541572b3ceb503a429,['893f36b12e8cf6178cd9e8c60d3c0e15dfed211d'],xingchensong <xingchensong1996@163.com>,1630549029,+0800,xingchensong <xingchensong1996@163.com>,1630549029,+0800,"[runtime] let prostprocessor be member of decoder
"
3889e2e4ae1eacc9167d85ff039df2f4aea19f27,6ed3215d4afaa0fd7da784757bfc81b273fc5d7b,['5dffed66f96c232b23ccf207652b2859bdfda761'],xingchensong <xingchensong1996@163.com>,1700021331,+0800,xingchensong <xingchensong1996@163.com>,1700482049,+0800,"feat(whisper): add compute_log_mel_spectrogram
"
388aa363319277c918b3622c32d5b13e92bddd91,7ae9541e31af8934b70f5cc74a3f468fe0f23424,['53f0c60a227aa3fd2871ef60b2ada00faf352dce'],pengzhendong <pengzhendong@users.noreply.github.com>,1617847024,+0000,pengzhendong <pengzhendong@users.noreply.github.com>,1617847024,+0000,"Automated deployment: Thu Apr  8 01:57:04 UTC 2021 c461fc3a82a494460222be05eeeee0690442d8cc
"
388ea4f55a6c00d21f1b648471861f7f812564ad,615771747e29a03e5a39a223cb3ca5cc582115bd,['20f95236d4f3e416c7e728066935c3278e955caf'],彭震东 <275331498@qq.com>,1652937570,+0800,GitHub <noreply@github.com>,1652937570,+0800,"[runtime] build wheel for windows and macos (#1133)

"
388ecd60d8155a236065646f7b25845e412e45a6,cb583bf03f23e75aecc690b496fc00508b1094e9,['220caf685f0e38c07010049e93b8aab7a9440741'],xingchensong <xingchensong1996@163.com>,1706777695,+0800,xingchensong <xingchensong1996@163.com>,1706777695,+0800,"[whisper] support arbitrary language and task
"
389b592cf3795db0f5ecd4167c5d4440a3a32e76,b48515c39fe97f277fa6c834f2bdf42d09f1965f,['776be38c22815ecc4a71ffd7daa5da70a895bb05'],Mddct <hamddct@gmail.com>,1668221969,+0800,GitHub <noreply@github.com>,1668221969,+0800,Update README.md
389d5f7caa2549bcedcef58dc05c9d41f04e9205,5aa9d548e71be813b62552b3f8e11653f2b0967d,['5394ca17f655812ca2f7fc4caf44f53c2bd044fe'],xingchensong <xingchensong1996@163.com>,1702377224,+0800,xingchensong <xingchensong1996@163.com>,1702430769,+0800,"refactor: try to pass ut
"
38ad1663a5630ed5adb82b6f4c86b6b86eaaa79f,9dbd59ec1903c0da3535eb313f3fe82d2a653a64,['308ea607d98cb12556aeff9a3e477ae2681c4ccf'],robin1001 <robin1001@users.noreply.github.com>,1698762877,+0000,robin1001 <robin1001@users.noreply.github.com>,1698762877,+0000,"Automated deployment: Tue Oct 31 14:34:37 UTC 2023 3e0c1f9a49a8c666c100dc6e7bc349e8bf73e3cc
"
38b593be387ac386e45b00249445c078efc0e50d,1ea2b88281f516d8a57e671e8669b40e6b3c257a,['82744934d5bcec5016ee6475faa8efd3f97a1181'],Mddct <Mddct@users.noreply.github.com>,1701847190,+0000,Mddct <Mddct@users.noreply.github.com>,1701847190,+0000,"Automated deployment: Wed Dec  6 07:19:50 UTC 2023 571382beef36cef225bdc4a8de650b75b7a7840a
"
38b933139c13b8300cb73ae2475a6812fd8048f8,1fa0ab3fcdcf844a0c8b4a6f636ee493a36bac15,['52113bebf37f78d64f9e1dad66318176d834011e'],fclearner <614478391@qq.com>,1669025801,+0800,fclearner <614478391@qq.com>,1669025801,+0800,"Fix the problem that linux language set will delete word when run sort\uniq
"
38d27330fa1ba5bf2e17d4b9fec2991870a0551f,db137e9a36d26b93559f6d62e2ba2d466464752c,['388ea4f55a6c00d21f1b648471861f7f812564ad'],lzhin <1872055694@qq.com>,1652953174,+0800,GitHub <noreply@github.com>,1652953174,+0800,"[runtime/onnx] clear cached_feature_ when reset (#1135)

Co-authored-by: lzhin <lizexuan@huya.com>"
38dbeda1bb007375d76349633215d2dd4752b68c,996498cdf9ed1efc715ad323b6b2972777c63856,['dbf8037f97faa913aff696aabc5d2769947bdd51'],Zhouwei <zhouwei17@58.com>,1679371202,+0800,GitHub <noreply@github.com>,1679371202,+0800,"[Efficient Conformer] add huggingface model download link (#1770)

* add Efficient Conformer implementation

* fix trailing whitespace, formatting and semantic

* Ensures consistency of forward_chunk interface and deletes all runtime changes. Completed the casual and non-casual convolution model tests for the EfficientConformer, as well as JIT runtime tests. Modified yaml files for Aishell-1

* [EfficientConformer] add Aishell-1 Results

* [EfficientConformer] support ONNX GPU export, add librispeech results, and fix bug of V2 streaming decode

* [Efficient Conformer] add model params in README.

* fix trailing whitespace

* [Efficient Conformer] remove concat after to simplify the code flow

* [Efficient Conformer] add huggingface model download link"
38deee14fd725a119c79163bea5685497667884d,1d0898d63d8c246c4fd4385ea53d256eeeb367ee,['e945e5fd53a99577a5e6be4dc7db4ee5574d0fcc'],Mddct <hamddct@gmail.com>,1660525662,+0800,GitHub <noreply@github.com>,1660525662,+0800,Update prefix_beam_search.py
38e58373350ed33285c8b04c30fa0495842e6a53,77aae8a9b2d8a0f96bc4b275453180ceb508c94e,['637618c20383100dd1d1a2c5877f9fde50987a74'],xingchensong <xingchensong@users.noreply.github.com>,1678432650,+0000,xingchensong <xingchensong@users.noreply.github.com>,1678432650,+0000,"Automated deployment: Fri Mar 10 07:17:30 UTC 2023 8c9ac74cb1aefe415adc235941cc6065c3c27057
"
38e983d35d2ff12fd1eb3699047ef3c740e80bea,87b65aba82489a9e088671924af20efbcac47bc7,['b6d5cdf923369eae03498c78ddb964a4f431d38e'],veelion <veelion@gmail.com>,1662026020,+0800,veelion <veelion@gmail.com>,1662026020,+0800,"use encoder's out : beam_log_probs/index (topk) to ctc_search, which save a lot of memory convertint time when is_fp16, compared with ctc_log_probs
"
38f2ef0dbb2352baeaa92388ed5f008773bea978,5276d400b97bff404bcd01b4f012306f1683cf03,['437743c2701af674f9468db4dc565fa291f09681'],Binbin Zhang <811364747@qq.com>,1619576815,+0800,GitHub <noreply@github.com>,1619576815,+0800,"[examples] add aishell2 lm support (#336)

* [examples] add aishell2 lm support

Change-Id: I4418f342ea3b4f0b9565b72280b6a8acb27c9647

* remove decode.sh

Change-Id: Ie032ca9097532b9388bb5d21c9da162cb5985f67

* add todo

Change-Id: I189695bc21edd7d7c7f8f8b266deb36453b84e69

* update readme

Change-Id: I530230a35d0c2c9e83ad066de6ecc275203d75b1

* add mkdir -p data/local/dict

Change-Id: I31fab104ee0f22cc6033e11d3d287f40a1a0dd65"
38ff6a46435ffa009cb6c5c235cb77bfb51fa9aa,f7d82411d38887a56fedf85d63434c42ac1bf500,['6243184aedaad64bfb96655eb24f23f38335e5aa'],xingchensong <xingchensong1996@163.com>,1702719521,+0800,xingchensong <xingchensong1996@163.com>,1704535487,+0800,"[text] Hybridtokenizer
"
39048f992c67b51cbb95ed2f80bc86c51d7a8cad,e2995210d37ce6baf7df0f9214a9aa640cdc9668,['34d9544fdc65f04eb295e86653cf2f4e8499f1eb'],robin1001 <robin1001@users.noreply.github.com>,1682129209,+0000,robin1001 <robin1001@users.noreply.github.com>,1682129209,+0000,"Automated deployment: Sat Apr 22 02:06:49 UTC 2023 e657753d4d197dbf8481159e5870c6e4aae6a6ea
"
393a666e1e7037cd8669354048525df4c6300214,941388c7c5a4f64331c1172f8329bca1c318979e,['0c46d4d91547336931f2d39006f2a3fdd7bd9bb4'],Yuekai Zhang <zhangyuekai@foxmail.com>,1676033431,+0800,GitHub <noreply@github.com>,1676033431,+0800,"[runtime/gpu] Add Trt (Myelin) support for streaming ASR (#1679)

* add tensorrt for streaming asr

* update config

* update triton container

* update trt for 23.01

* update trt for layernorm in conv model

* remove sm code

* using cuda 11.8

* fix acc error

* update batch size

* update FT version

* update perf results

* move test_onnx_tp file

* rename onnx tp benchmark tool

* fix lint

* fix lint"
393d30505233f8041352e15e1dd35e547bd8cc39,7ae9541e31af8934b70f5cc74a3f468fe0f23424,['d4cbc2eebcc16c8425cacc388a0668c29517d601'],robin1001 <robin1001@users.noreply.github.com>,1619514739,+0000,robin1001 <robin1001@users.noreply.github.com>,1619514739,+0000,"Automated deployment: Tue Apr 27 09:12:19 UTC 2021 5801052a549a1ee7711bc452a200ef62188c9111
"
39454a8b5e11036c29e402b2082fa7d25fd1eda5,d52082ffba689d38988ffd592730e7e1e63102a4,['c8e41485f55aca155a8f41d5f0162919991b2015'],Mddct <hamddct@gmail.com>,1710738488,+0800,Mddct <hamddct@gmail.com>,1710738488,+0800,"fix cv step
"
3946ebe8422283f4160a93d797df6fdc6c3fb77c,c649e506feaa782b8ef101851e483af4c2016fe0,['9af29349575d15509c9fa7c66def0da2dfd36bb4'],Chen Xiaoyu <jschenxiaoyu@qq.com>,1609326094,+0800,Chen Xiaoyu <jschenxiaoyu@qq.com>,1609326094,+0800,"remove trailing whitespace
"
39574b2e4d3890e99361eb02591c91f0b12778e8,ad1294adb26eb49e636b6ecff5822366732abc38,['0be3623d4b463992771059d11cb80c991459323b'],pengzhendong <275331498@qq.com>,1615799133,+0800,pengzhendong <275331498@qq.com>,1615885322,+0800,"[runtime] add recordClose
"
396653e54b9429824709dbd34d420bb31b71beb0,d35460a8621c857642905fe6e430f189f320a09f,['aa4f22e65f59a0cdcae5684ca1f44606235b5e47'],Binbin Zhang <binbzha@qq.com>,1650889017,+0800,Binbin Zhang <binbzha@qq.com>,1650889017,+0800,"fix lint error
"
396a6e2ff7f8d610cccd026ac9a9693be54dbece,06763b33c0ba86e1fc0367c9b60b023945a98a28,['8ee5a3824bee2c9934cfa9157f8027f4c76db9ac'],xingchensong <xingchensong1996@163.com>,1641464033,+0800,xingchensong <xingchensong1996@163.com>,1641464033,+0800,"[runtime] fix issue893, double check queue.empty in feature_pipeline
"
3987af48c4d911e6354bcce12c241230969aa8ff,73571825c2095c6a37eb4b8780d664448f3a4caf,"['bcc219a83de15a8cbd64dfe88e9276b26c4e6076', '960728e07e06c8225c5c80c02554a405636dcfdb']",leonwlw <weiliuwei2013@163.com>,1666148403,+0800,GitHub <noreply@github.com>,1666148403,+0800,"Merge branch 'wenet-e2e:main' into ml_blockformer
"
398d69e6dc26ed2e4d5a2cafd3e65faaf2d6a43c,5cc770aac59a4d4502b8db6e50daf68f6fda0b48,['ace813eee2d7da17d6aef455fc0e831a96078850'],robin1001 <robin1001@users.noreply.github.com>,1634289493,+0000,robin1001 <robin1001@users.noreply.github.com>,1634289493,+0000,"Automated deployment: Fri Oct 15 09:18:13 UTC 2021 d869456f25360697fbeb62476c37eb158864f25c
"
398f8e75254ba44b9ef2f433b45d76631232b7d2,352e3191ed4d875f58218878376a6446d4d7bc9e,['c113f38c05ff9958defc9dc4773d46598d679c77'],Binbin Zhang <811364747@qq.com>,1620706290,+0800,Binbin Zhang <811364747@qq.com>,1620706290,+0800,"add example
"
39ae4c867912082f3a498f892374476c9c9ffe2c,581bbf39e8793b9eca43e3833da169dc3b3d0b67,"['b85fcb2744cb07fe3f66ebdbe54558ce1ae57103', '61f86b1fa34c0ad49588b2e1a10ffba618a1a538']",彭震东 <275331498@qq.com>,1619424044,+0800,GitHub <noreply@github.com>,1619424044,+0800,"Merge pull request #325 from mobvoi/binbin-fst-tools

[tools] add fst related tools"
39c414eaa91c90d8b7aaad5399034059a2f6e6b1,54b754ae33e6c18801c0a9deca4aa0848f45f352,['e37c8617a9fbdb76e4b625e02e6c4c5401906c32'],gengxuelong <3349495429@qq.com>,1695059731,+0800,gengxuelong <3349495429@qq.com>,1695059731,+0800,"[fix] 完全修复jit报错,在jit要求条件下实现time维度后可跟其他维度(#2015)
"
39c7d8c55248c91862bcd31e4ac495faa3999742,a0557b72eb0559455f7d6d5048f6650cc9b96430,['d215664580194a873b57f22840c58617b146838d'],Binbin Zhang <binbzha@qq.com>,1757050004,+0000,Binbin Zhang <binbzha@qq.com>,1757050004,+0000,"[cli] use pt model for cli
"
39d2c09008077c6ebed349f367e51655f954fea8,2e45854c1ffde7346d161cef966f6f57410a82ab,['8b12bd9a81282710c02c905830a4c6702f7497af'],zhouwei17 <zhouwei17@58.com>,1677046436,+0800,zhouwei17 <zhouwei17@58.com>,1677046436,+0800,"fix trailing whitespace
"
39ddb99502c348a26343ffdd208c58fd90ed48e9,5536e5cf227eeb425903c30331f9d9a4fa8cd9f7,['522fa27648577c96f532298de34ecdc45ddc3c6c'],xiangru.meng <meng1984>,1694504480,+0800,xiangru.meng <meng1984>,1694504480,+0800,"first commit
"
39f6264b8ede61d2a9c4949cb388cfedaec24782,622719914dd7012c4de9958603e72a6a1c77c75f,['35acffcc8eb678471883ad978a07174955dcfaba'],Binbin Zhang <binbzha@qq.com>,1697014168,+0800,Binbin Zhang <binbzha@qq.com>,1697014168,+0800,"[cli] add first wenet cli
"
3a0a53677952d34c3c8d6aaf12193c55e9f23217,69e5df81ae16b4507ac931b4185c633635295964,['1bff635c2aa424097fca5689cab1079daaef6ea7'],Binbin Zhang <binbzha@qq.com>,1692074058,+0800,GitHub <noreply@github.com>,1692074058,+0800,"[fix/runtime] fix partial result with LM delay (#1948)

"
3a127decbf7d490c6d5e48d9d4dda19885f10213,48532aa9778960472a30d28c1fc9eda5cb4449d9,['3d171eb018f2be90f80d9ce562b6e920154e60de'],xingchensong <xingchensong1996@163.com>,1700063939,+0800,xingchensong <xingchensong1996@163.com>,1700482054,+0800,"feat(whisper): load succeed
"
3a2b71f7a45febd4ccdd662d0648485c36aa846b,7d4091f9a71abb182ed4caf5600fc6bea5ce54db,['09f7833a664dc9c1944cb643a99671c2584cd776'],Binbin Zhang <binbzha@qq.com>,1690250368,+0800,GitHub <noreply@github.com>,1690250368,+0800,"[fix] fix warp conf in librispeech (#1927)

"
3a3184df1354e0d16d8ba989589b9f9d1402e01a,5016f9f881f981329699f1867b9d9da6a2449bc7,['09d0fcdc69879dacfe52bb9df1f5921da8372f44'],Mddct <hamddct@gmail.com>,1704954674,+0800,Mddct <hamddct@gmail.com>,1704954674,+0800,"try fix ut
"
3a3341e01249296ee769ab08e93b9858c9c79a2a,9df9cd393925a9aa3634d16231278f7984edec50,['3f13b5700402e1cc7c1198975b58c19bed22b130'],Binbin Zhang <811364747@qq.com>,1606450074,+0000,Binbin Zhang <811364747@qq.com>,1606450074,+0000,"[network] fix topo and comment

Change-Id: Ifc7a02dd6c5ebb189002e918cec929ac1b2560a9
"
3a4c77e7243c9b99dce57fc9a8406f17271c4379,435862e8ebf8fd9ec68fb3895b2ef48486b0d8b6,"['eb921998f1a2424c7cb0f53bf406630904e8c97f', '2382fbc8388570e9ce9d0870d2b24398c29cd21a']",Di Wu <1176705630@qq.com>,1616755474,+0800,GitHub <noreply@github.com>,1616755474,+0800,"Merge pull request #217 from mobvoi/aishell2-recipe

[examples] add aishell2 recipe"
3a588a3493a9ffdd2b308f69971fae781d92a774,7ae9541e31af8934b70f5cc74a3f468fe0f23424,['245d22614465ba07e8b2ca30dcd8a5ca1e202df1'],pengzhendong <pengzhendong@users.noreply.github.com>,1620462525,+0000,pengzhendong <pengzhendong@users.noreply.github.com>,1620462525,+0000,"Automated deployment: Sat May  8 08:28:45 UTC 2021 23f43e9549eee9e9a1d3442197ec3a121aac8fa2
"
3a700d6ebe744807b4f3926cca63b414764e792b,c50f85c5801e59ea0a932c36e06fa2aadf8cfb10,['52c87ad6dcf9e9942f200498ab0299492a307064'],彭震东 <275331498@qq.com>,1611976294,+0800,GitHub <noreply@github.com>,1611976294,+0800,"[fix] fix python version in run.sh (#114)

"
3a7e32430d2be7d5dd5a5035665b80dfe276546e,13f2f56379eb42041455ffaa2a847307de2e555e,['7fe4acc7d06934c47bf3ec092dcedb13bd50494b'],Di Wu <1176705630@qq.com>,1612190460,+0800,Di Wu <1176705630@qq.com>,1612190460,+0800,"[doc] add librispeech s0 pretrained model
"
3a8d70a69613ae77a852a17dfe6ac210158840c0,8e110cf17bebcb279a37ca1c0a75b01b88ce79bc,['2aff5e0f904346537cbd89046b95b7891df925b5'],Mddct <Mddct@users.noreply.github.com>,1717502245,+0000,Mddct <Mddct@users.noreply.github.com>,1717502245,+0000,"Automated deployment: Tue Jun  4 11:57:25 UTC 2024 fcb4b9817361cb45c66b9135a8729838961532d3
"
3a99c67c812ea4cad9fafe79697acff4d6ab9724,7456f37b246a26a9329f8329783120b85ccefa64,"['410bcdded560d073883afc51fc4eb22caedf1dba', '8b32a816dcd7215031c1cdae6de2c2601f1691a9']",Di Wu <1176705630@qq.com>,1619673585,+0800,GitHub <noreply@github.com>,1619673585,+0800,"Merge pull request #349 from mobvoi/zhendong-8k

[runtime] add sample rate param"
3a9ad270236aae1270a6a63c96eab734b2d893b2,1318376cd04fcfd52a9e2fad5041c955f62f428e,['759deb231cd286f7c52a0c62d53d510279111cdd'],Xingchen Song(宋星辰) <sxc19@mails.tsinghua.edu.cn>,1652664255,+0800,GitHub <noreply@github.com>,1652664255,+0800,"[bin] add doc for onnx export (#1119)

"
3aa76c7146c313ea9a20b07afcc7eddde9357ddd,a067ce38ec53b19c4e15178d39ef49b452d538a2,['1329090eae3cfe08393a46b850b77f6c82305da9'],veelion <veelion@gmail.com>,1661411075,+0800,veelion <veelion@gmail.com>,1661411075,+0800,"add BatchOnnxAsrModel on GPU
"
3ab21b39d1fe2f006a8049394f33f5830208cad1,848b71480b52f27640eb3b7e1a798191f5c3c7c2,['78c3f4994f8d0753dde5f6ddd84f6bcaaf81f897'],Shengqiang Li <1312246931@qq.com>,1638338633,+0800,Shengqiang Li <1312246931@qq.com>,1638338633,+0800,"Merge branch 'main' of github.com:wenet-e2e/wenet into wenet-e2e-main
"
3ab4f605b079143c4d8eca8b1fa7a04846ac981a,d48a2d0e59ac221c9a8ed38b57b507f62274f06e,['597d032611e364a1d9997d885ca1833e5e6485ea'],Binbin Zhang <811364747@qq.com>,1612771817,+0000,Binbin Zhang <811364747@qq.com>,1612771817,+0000,"update again and again

Change-Id: I03083d748548282e0f41a9f67084d5b2995dceeb
"
3ab6718466af071170d76dc908047ecfba2082e1,9ee1d256aa70329b872574ecd379f7af2ac76745,['373109c8d01af44ea5459b3f837c66078c4c7472'],Mddct <hamddct@gmail.com>,1701179189,+0800,GitHub <noreply@github.com>,1701179189,+0800,"[text] refine tokenizer (#2165)

* [text] refine tokenizer

* [text] fix flake8

* [text] fix lint

* [text] fix unit

* [text] add bpe tokenizer and char tokenizer

* [text] add char tokenizer unit test

* [text] add bpe tokenizer unit test

* [text] add WhisperTokenizer for test_whisper.py

* [text] revert wenet/utils/file_utils.py

* [text] add consistency for char and bpe unit

* [text] merge main

* [text] add symbol table

* [text] add init_tokenizer unit test

* [text] uncomment

* [text] fix bpe model in multiprocess env

* [text] fix whisper tokenzier in multiprocess env

* [text] add test unit parallel for bpe and whisper

* [text] fix none type in test_whisper.py

* [text] all work"
3addd70c41cf267f1fa91d7f43482843f1405841,e1cbec3d104eec964cc837b51549dce8b6791b7d,['f1aeebb2536fee8c4c48049ed21d0e5577b36074'],ferb2015 <244065526@qq.com>,1658827521,+0800,GitHub <noreply@github.com>,1658827521,+0800,Update ctc_wfst_beam_search.cc
3ae9e730dbfcf1cf04296bed7bccf37d818e5ef4,fe350464cab1e43ce927f3613926d4a15c4e6adb,['0d9413da51a2adc5990261d1ffb31c1e78919661'],Binbin Zhang <binbzha@qq.com>,1736479179,+0800,Binbin Zhang <binbzha@qq.com>,1736479179,+0800,"[lint] change ubuntu latest to 22.04
"
3aecc41a259ccfbe99b067012111d762e5191fac,5c4329873f2086433daac2627bc17d73d0cf7ca0,['4d0189b1c122ad90f65019427c5a0eeec86305c2'],xingchensong <xingchensong1996@163.com>,1620660542,+0800,xingchensong <xingchensong1996@163.com>,1620660542,+0800,"simplify pipeline of building lexicon
"
3af73b3ae989ba722eba5865339bdf0deaf80ef7,79a81e28f56cd35d098dceed18c20ca45f78a531,['e403e6adec8b173363487ea6ba002c2baf1addd3'],whiteshirt0429 <whiteshirt0429@users.noreply.github.com>,1629733930,+0000,whiteshirt0429 <whiteshirt0429@users.noreply.github.com>,1629733930,+0000,"Automated deployment: Mon Aug 23 15:52:10 UTC 2021 c3d37fddcb21b63217f6a0d860d5a1d8a6318fb9
"
3b19807e11193b877868b7526dc2e6acea1f31a8,456a83ddfd92cc9a2cc85bba62bec52320d14ddd,['33cc240fe9de26339e5089ccf413ff28195a8b3a'],xingchensong <xingchensong@users.noreply.github.com>,1665819636,+0000,xingchensong <xingchensong@users.noreply.github.com>,1665819636,+0000,"Automated deployment: Sat Oct 15 07:40:36 UTC 2022 b75513d6933b0537b7be151502b665e6546b6839
"
3b243c20afd4c3622a4b1960e07611628b952747,c6304f34037ae025df51b67c847dc079e6893627,['450f9f811bca6125322f8328f4f3ed0849be725f'],pengzhendong <275331498@qq.com>,1630315161,+0800,pengzhendong <275331498@qq.com>,1630315161,+0800,"[runtime] split string to words by symbol table
"
3b285743217ca3c23eb5f1d6d4f29efa8b7af246,e9e11ae2c7ded54c9e89e793ae71c738533b1432,['b924d3e0091319e84358431facb54e47cefb68ea'],Di Wu <1176705630@qq.com>,1610701658,+0000,Di Wu <1176705630@qq.com>,1610701658,+0000,"[doc] add new aishell results
"
3b349511d150dfedf04b7accd00330a143fcbeea,596d20ba106f0fb445e4eab6044d33c49f5afdb2,['08f12398f2cad17b7b1868f11a5e3b585ec9bb21'],slyned <slyned@nvidia.com>,1653557461,+0800,slyned <slyned@nvidia.com>,1653557461,+0800,"remove trailing spaces

Signed-off-by: slyned <slyned@nvidia.com>
"
3b422de64bcfefd3d1b251f74f18237c3eaad0ac,691e6d09b3a8ee2d3f44fe226c87dd4cb1fb5094,['416b41fca8bcfea20b5182aba5e1b245cbec9ee1'],Mddct <hamddct@gmail.com>,1659011817,+0800,GitHub <noreply@github.com>,1659011817,+0800,Update README.md
3b4ac2dc965501e5b1d5be9a037f0cbb6ce2057d,c05018517b251863fe1a4c920716072f17915eec,['ddc58a1e329fa6b746f6c2eab0eb6f88a147c0fa'],robin1001 <robin1001@users.noreply.github.com>,1637808198,+0000,robin1001 <robin1001@users.noreply.github.com>,1637808198,+0000,"Automated deployment: Thu Nov 25 02:43:18 UTC 2021 eb87d32fa0cd442e17b3b98724671191bcea11d7
"
3b4c4a79a72a78c60e88321eff3b354a549cd0e3,e98642d4a9738cb6e890255135d7ef0e4a47f8f9,['dc0d13e376e940158e3f653346452bf993b43fd0'],Binbin Zhang <binbzha@qq.com>,1656516810,+0800,Binbin Zhang <binbzha@qq.com>,1656516810,+0800,"[runtime/android] move android to runtime dir as the first class platform
"
3b4f1d77bb6a26954636346e82628130c915dc4d,926d44184ac2afea936925cf0db6907674f02c46,['1ea804b0f613bce4f45e0a205189f1eb9623ff19'],ansong1024 <353877046@qq.com>,1615270030,+0800,GitHub <noreply@github.com>,1615270030,+0800,"Update dataset.py

max_length: drop utterance which is greater than max_length(10ms)
min_length: drop utterance which is less than min_length(10ms)"
3b4f93c95c0985f38f9a9ea281fb0d2a2a0d709e,87d7c6dc3edbf514f3ca47693097944fed58009e,['454fd4b2b3c0520c66a167b25428fea6a1414d53'],LvHang <hanglyu1991@gmail.com>,1661879126,+0800,GitHub <noreply@github.com>,1661879126,+0800,fix bug: aishell2 word_segmentation.py
3b63e4372666d5829eb565ff69a0a8481cc84cea,965311b2927474727554c9ee1b6f0a7f657c31e9,['e42ec1f6e65b0b2a97c4d319a45524cbe71eaf44'],Lucky Wong <lekai.huang@gmail.com>,1622097883,+0800,GitHub <noreply@github.com>,1622097883,+0800,Add u2 fastconformer yaml.
3b64133d6991b9ed1fc2730bf9322765a8dca606,a72732437c00fa3b4add70d0395cfe52715b4387,['6afceb5b832b0bef0ffec263638c73bf039003e8'],Xingchen Song(宋星辰) <xingchensong1996@163.com>,1699252573,+0800,GitHub <noreply@github.com>,1699252573,+0800,"chore(train): remove useless file (#2115)

"
3b6e69ba4008c479c24d039622cc7927ad669de0,b4c8bb38357a81ac9b2e48581ddf6013c5204ce3,"['974ada11059bece0e5642cfe7a9c14aaccbb8329', '4467198fd03a77aca55bffd8b987686acc9f1205']",YU CHEN <59667751+NevermoreCY@users.noreply.github.com>,1670397511,+0800,GitHub <noreply@github.com>,1670397511,+0800,"Merge branch 'wenet-e2e:main' into main
"
3b89cc69666059a1647223b33253f6586863cd7a,39ba8dcc8af936e2b471bc949d5179c9428fc9d9,"['0c6b9f90f6e2da1984431830762a42e9c784e388', 'de78f4b00223061789ae1dde9140cb74f4cd89cb']",彭震东 <275331498@qq.com>,1619489520,+0800,GitHub <noreply@github.com>,1619489520,+0800,"Merge pull request #341 from mobvoi/robin1001-patch-1

[doc] update readme"
3b8ee5d00fe3baf7463a49f9c639fe6c891b16d5,e09d6f967e88bcd5f6d7ac1789a735dafb4a5090,"['9a0c270f9f976d7e887f777690e6c358a45a1c27', 'f4c5e365ec1cbbbca9fcb78a0f0ad44c972da2dd']",彭震东 <275331498@qq.com>,1623050941,+0800,GitHub <noreply@github.com>,1623050941,+0800,"Merge pull request #441 from wenet-e2e/binbin-cmake

[runtime] fix dl link error"
3b92fb70009e1b44d82320b7b56ff71a2e44aa7f,7c0233fde8ba7994cfa6c1e07cb8319466f27b1e,['e64dc86249d86a930287d2abf299597965b9c1a2'],Mike Lei <mikelei@mobvoi.com>,1608788054,+0800,GitHub <noreply@github.com>,1608788054,+0800,"[doc] Update tutorial. (#32)

"
3b977aeabcd90f95e0a862babba88abae159f94a,4bda1425748e24c7b9fdb5c4269eef9e39101ae9,['db258906beb4fb9000a54ad7049dfa95caf439d1'],Xingchen Song(宋星辰) <xingchensong1996@163.com>,1700666204,+0800,GitHub <noreply@github.com>,1700666204,+0800,"feat(whisper): support whisper arch (#2141)

* feat(whisper): support whisper arch

* feat(whisper): add arg, key_bias

* feat(whisper): success load

* feat(whisper): format tensor name & dtype

* feat(whisper): add arg, key_bias

* feat(whisper): fix convert

* feat(whisper): add config

* feat(whisper): add config

* feat(whisper): fix lint

* feat(whisper): add compute_log_mel_spectrogram

* feat(whisper): add compute_log_mel_spectrogram

* feat(whisper): add compute_log_mel_spectrogram

* feat(whisper): add compute_log_mel_spectrogram

* feat(whisper): add ref

* feat(whisper): convert to units.txt

* feat(whisper): support learnable pe

* feat(whisper): support whisper pe

* feat(whisper): fix lint

* feat(whisper): fix config

* feat(whisper): load success

* feat(whisper): remove time align, add it in the future

* feat(whisper): load succeed

* feat(whisper): fix lint

* feat(whisper): fix property

* feat(whisper): training success

* feat(whisper): fix lint

* feat(whisper): fix cal_att_loss

* feat(whisper): add log for tie weights

* feat(whisper): fix dict

* feat(whisper): add unit test for pe and mel

* feat(whisper): fix apt install

* feat(whisper): pass unit test

* feat(whisper): pass unit test

* feat(whisper): try to pass unit test

* feat(whisper): try to pass unit test

* feat(whisper): add doc

* feat(whisper): remove r_att

* feat(whisper): fix lint"
3b984f6e3cdb78e3f467317181716bed22bb59aa,85459051a80cafc4926864bc1e4eafd472727367,"['bc3971148bd7e412c5dc7ad5f0facfa319f4fc21', 'a5b9c75f5f7c019e6e9e6cdd50b8230cb9651476']",彭震东 <275331498@qq.com>,1616568248,+0800,GitHub <noreply@github.com>,1616568248,+0800,"Merge pull request #230 from mobvoi/binbin-timestamp

[runtime] support timestamp"
3b990d91e4611fd282ec815f2b380cd5076b3d56,1ea2b88281f516d8a57e671e8669b40e6b3c257a,['3df8465b134c46678741ed5133d9a0d7de623d03'],xingchensong <xingchensong@users.noreply.github.com>,1701941387,+0000,xingchensong <xingchensong@users.noreply.github.com>,1701941387,+0000,"Automated deployment: Thu Dec  7 09:29:47 UTC 2023 1f8e1c51f4f685282b30077642c701837265925f
"
3ba74773a442dde2cbe2c91f4446848992bbb7ea,028515a409aa5e1d801a7ede607dec7dcbb48e6c,['7d880dce5d53080c2c7c393cc2e03924467fa17a'],Dinghao Zhou <hamddct@gmail.com>,1742473481,+0800,GitHub <noreply@github.com>,1742473481,+0800,Update train_utils.py
3bafe240c128c58c24bcdb7cb55370f240831020,0e26690d6a0f01ad442a9dfaf46f1cc89983c438,['7d880dce5d53080c2c7c393cc2e03924467fa17a'],Shreekantha Nadig <3745694+sknadig@users.noreply.github.com>,1740795080,-0500,Shreekantha Nadig <3745694+sknadig@users.noreply.github.com>,1740795080,-0500,"Restore Python API
"
3bb9156cf283876fa1040fd1f097f4232ddff078,77e5770cac1fb347baf534e6ade0aecd9e8d90cf,['482587987fd753332ce7de35e30e38c29f0cfe12'],Mddct <hamddct@gmail.com>,1713373213,+0800,Mddct <hamddct@gmail.com>,1713373213,+0800,"fix search after refactor cache
"
3bbc64e54ba27da91be6eaccd1ded257a151dfe1,79a81e28f56cd35d098dceed18c20ca45f78a531,['933bf7a6be6ef245cd6c212aec29d21315eab656'],robin1001 <robin1001@users.noreply.github.com>,1624002949,+0000,robin1001 <robin1001@users.noreply.github.com>,1624002949,+0000,"Automated deployment: Fri Jun 18 07:55:49 UTC 2021 fed266c27f4074ad5879e81a57bac4b14ca23223
"
3bbdb8b24c94ecc86c06887be8f926825b1a65e7,f5956ea52f6e30cac21157c87468704bca361402,['6c2764812c171f15b366a466addd2e0f4125bf99'],xingchensong <xingchensong1996@163.com>,1700481618,+0800,xingchensong <xingchensong1996@163.com>,1700482057,+0800,"feat(whisper): add log for tie weights
"
3bbf05c7ad8c8133632b2ab1aac0756887870db1,4b2a94e541e49eba25d0462a2da5a8d3e867026b,['e033c7ceb8837fac50d82c29b33b2c05d8511a58'],Binbin Zhang <binbzha@qq.com>,1653109470,+0800,GitHub <noreply@github.com>,1653109470,+0800,"[workflow] refine wheel buiding for linux/macos/windows (#1143)

* [workflow] only build linux and macos

* build for mac

* check windows

* build windows/macos cp-37/38/39

* all works okay"
3bc77a26c85b5ea37bb7ac7be3291dd2f3d947c0,03a6f455fcc3bac5758269feb706e422d541c3f1,['89e8d0d2e7cb62a605e7c4a89da4c2bfa7c09ecf'],彭震东 <275331498@qq.com>,1664112419,+0800,GitHub <noreply@github.com>,1664112419,+0800,[docs] fix typo
3bc7c6dd1faa6267fb672ac42b838059c447592e,d87b2bf69de7a31bb7a9ac213437ffe421835279,['625eb57eb5a6662da781a2970f3cd56430891180'],Dinghao Zhou <hamddct@gmail.com>,1709556796,+0800,GitHub <noreply@github.com>,1709556796,+0800,更新 recognize.py
3bdb7db0051fed4d42c47ae3e67e1def31cb6c0a,b9d19a9b6c88d0508557523ae102d51c7b7def3b,['8f8f76c656bdb268c5c2993f61e143f25be6af1c'],pengzhendong <275331498@qq.com>,1653181282,+0800,pengzhendong <275331498@qq.com>,1653181354,+0800,"[runtime] copy onnx dlls to cmake_binary_dir
"
3be3c2700aac75f5a7353e5eac077a1e6894bbfa,461e8891523eef594b9f106aa4f254e5839a4a82,['46ae3eae79d89e86270bf58cd8f6b3a55153f81d'],Liangcd <1404056823@qq.com>,1654878143,+0800,Liangcd <1404056823@qq.com>,1654878143,+0800,"[doc] fix bibtex
"
3be620e18cb97598f73627a05035a4ca67a4c3c9,456a83ddfd92cc9a2cc85bba62bec52320d14ddd,['763215434aeea00f32542fa9455d651a533b5db7'],robin1001 <robin1001@users.noreply.github.com>,1666855537,+0000,robin1001 <robin1001@users.noreply.github.com>,1666855537,+0000,"Automated deployment: Thu Oct 27 07:25:37 UTC 2022 cd3fcb5aa77506ed05806392ccd9302dfd770e9b
"
3bf88fb285c2d5277bcf296afd2f448ce86990f8,14722d03cbb00ddc3b4ea1a95636f8b1851afb33,['646f105747a81fe0e69420987d343bef985e3f8c'],Binbin Zhang <binbzha@qq.com>,1654925133,+0800,GitHub <noreply@github.com>,1654925133,+0800,"[runtime/gpu] update units for gpu (#1216)

"
3c061bdc33a00b99f1b7939a52048ebd3feb441d,6c98c277ad27ea0bfa1c00568455b924946025d0,['14b67e4607efb686a3e0327be84010a3f322a2eb'],yygle <yygle@qq.com>,1667184663,+0800,yygle <yygle@qq.com>,1667184663,+0800,"fix format issues
"
3c0d3c260723198bc396165c4d340c6f36872331,66e42f9ad52b33acc60a1cb99ab67c305e2d5f91,['a3e361bc6c06ee6bd19cd5d6e246268b3bd9160c'],Binbin Zhang <811364747@qq.com>,1620361212,+0800,Binbin Zhang <811364747@qq.com>,1620361212,+0800,"fix lint in fstext
"
3c0f67ef87e92f290f3f01ac82cf4fac783b3129,80fcbdb3fb9ec4e26e8a56e4a0a1a5da79f81194,['cafe1cefe89344489a39ebb31d1e75c25ed91172'],Binbin Zhang <binbzha@qq.com>,1695223804,+0800,Binbin Zhang <binbzha@qq.com>,1695223804,+0800,"[examples] run all examples with torchrun
"
3c10f7c880098dfc58d39d8aa765a8d3ed01e971,3b9d5051ff489edbc8ae7797925f279539b2e50c,['92d5ac55859a5e20a46a47faa59d1ea0290f4f71'],Binbin Zhang <811364747@qq.com>,1619338015,+0800,Binbin Zhang <811364747@qq.com>,1619338015,+0800,"add ms
"
3c16ed96e3a12049bd2a427b4f1d1f298889a08f,36aa0687f13d5e8a2681e7712c2de25566a53a76,['2c4251596ea794ded3e5c7fccb64e262ab521342'],xiang.lv <xiang.lv@ximalaya.com>,1674987512,+0800,xiang.lv <xiang.lv@ximalaya.com>,1675407814,+0800,"change to non-streaming http
"
3c25400e81238f37b5923beda72a3f0bed03d836,24afa3384075de5a647b40720e135a6e9947bd86,['5576e6f4bf7da28232a60167b74cd0217df320d8'],Mddct <hamddct@gmail.com>,1715063940,+0800,Mddct <hamddct@gmail.com>,1715063940,+0800,"[wenet/utils/mask.py] refactor make_pad_mask
"
3c2723a5db2f4cac95311175f6ffc8fa104b8256,e42e1942e44f6f2fdb0d31bd585450a3d6bb16d9,['f599bf89546a1bf75b0302fcb94f8442a5c7a9bb'],Mddct <hamddct@gmail.com>,1723004920,+0800,Mddct <hamddct@gmail.com>,1723004920,+0800,"fix ut
"
3c3744f08bdf0434fc4e51af35923a19ad509c7d,8cc84f3b8d570f65aabc3f3b4c73a34e1d514e31,['e260843b67bef0e908ac903c9d6db8199d876939'],Mddct <hamddct@gmail.com>,1705924334,+0800,Mddct <hamddct@gmail.com>,1705925018,+0800,"[dataset] new io for code reuse for many speech tasks
"
3c3803629aa55dd3ad7db34768492c55201a93ba,5cc770aac59a4d4502b8db6e50daf68f6fda0b48,['c28de5d0306c171bdaf8ba17f4ad82c63ef6a925'],robin1001 <robin1001@users.noreply.github.com>,1634893009,+0000,robin1001 <robin1001@users.noreply.github.com>,1634893009,+0000,"Automated deployment: Fri Oct 22 08:56:49 UTC 2021 6171577777e6dca47d10a68da544353ecd55edf0
"
3c48e9d8f5cf3fa58c322790f9ee261fe16dfe9c,4356367e7903ac23e32b2ed3bea51111cc1be761,['c28c3316d9e4f156dbc6c77e725a49b1f5e09601'],robin1001 <robin1001@users.noreply.github.com>,1610620474,+0000,robin1001 <robin1001@users.noreply.github.com>,1610620474,+0000,"Automated deployment: Thu Jan 14 10:34:34 UTC 2021 25b223a4f10007d675d46a34d56ff4a3b9a9c838
"
3c4ea1236862fa274642f7b1adcd2474c6526f0d,055f5f86e86377bcf401b5911247ede1e2e5d5f8,['f65946a9f6919b88f82248b8c8069d25aeadec60'],pengzhendong <275331498@qq.com>,1623556794,+0800,pengzhendong <275331498@qq.com>,1623558346,+0800,"[runtime] move openfst with gflags and glog to third party
"
3c55dde0d7fa8024c79a90c66120a2a118fded88,c95dd3d667ac4a2695590976ecbaacd141c7e270,['cd82d89b645b12e3530c40593d5ac2b4fe957e88'],yygle <yygle@qq.com>,1665573613,+0800,yygle <yygle@qq.com>,1665573613,+0800,"fix formatting issues
"
3c56980becf671a2c39d252aef6f7b267194fe78,1b6eca4ef9bee34aa7a30d86a29aaaff954e4bb4,['56d92edb9b7df9258dcc0802122d2e20e14c7fb0'],yygle <yygle@qq.com>,1667881728,+0800,yygle <yygle@qq.com>,1667881728,+0800,"fix format issues
"
3c60e516073f1eab7b0fac30ae9181ff7bd3601c,1cff9841e8e5f32f36222b0d43708efa819fc7d5,['bd3fbea77f5a754f3f52ccb0cf7de8638aa1d824'],robin1001 <robin1001@users.noreply.github.com>,1632707679,+0000,robin1001 <robin1001@users.noreply.github.com>,1632707679,+0000,"Automated deployment: Mon Sep 27 01:54:39 UTC 2021 57741cb711c9d37dce68c950d66d4e2c2955203e
"
3c7f291398742aa8fae9dd18725414b1f878df55,02b3c2ed1ca17aa59608af8fcc5d02e0c120cd39,['fd3803b107493aa050e940132a39e96fc4e4b1bf'],Chengdong Liang <30542401+cdliang11@users.noreply.github.com>,1699346775,+0800,GitHub <noreply@github.com>,1699346775,+0800,"[cli] fix bugs with uncertain output results (#2127)

Co-authored-by: user01 <user01@user01deMacBook-Pro.local>"
3c88883069fe0ab633572feef77018660349de01,5c36138578167d7fd69cb80f7aec1d7f44d0e260,['9e6b5183e18f0e3d85cc3493b6fcd0fb1a2fa514'],彭震东 <275331498@qq.com>,1612191428,+0800,GitHub <noreply@github.com>,1612191428,+0800,"[runtime] use povey window instead of hamming window (#128)

"
3c8b51285704a2dbbf07a20cc9193ee075f4a480,763ca88900133685a516816211edf4287609a05c,['eaa3713d0dcfb46d301dd16221923e9c0501ac74'],Mddct <hamddct@gmail.com>,1704861927,+0800,Mddct <hamddct@gmail.com>,1704861927,+0800,"[examples] add paraformer fintune recipe
"
3c9edf1649a45c3645b10fec485f818b70d1f74c,9db7e56b00e3f9187697add5f113132789d02f23,['a344f373381bd55851454cc3053f969d23ab1b7c'],Mddct <hamddct@gmail.com>,1738845976,+0800,Mddct <hamddct@gmail.com>,1738845976,+0800,"conformer support final norm configuable
"
3ca043a299ba63bbf03b6db69630335209afd1da,874a7adba3b3cf3abec43baaed3ec9d926dacad5,"['8d4fa54bae42dc6fa72c5c6f708c2d98167755cf', 'e657753d4d197dbf8481159e5870c6e4aae6a6ea']",Kai <kli017@ucr.edu>,1683186024,+0800,GitHub <noreply@github.com>,1683186024,+0800,"Merge branch 'wenet-e2e:main' into main
"
3cb4006f9280972737084fae76ad547ef65bb6f0,1a624a1e872891467b2314219064507728df741f,['c8682daf728dd76465c83baefb772f0d1c47cede'],robin1001 <robin1001@users.noreply.github.com>,1631951319,+0000,robin1001 <robin1001@users.noreply.github.com>,1631951319,+0000,"Automated deployment: Sat Sep 18 07:48:39 UTC 2021 64b7140db7e892d7497f799a6db8ef75920f47fd
"
3cc46f1c636945881f8d4430852dbca152a5a8a6,5419b0ebf9b4a442d6cdb6740eefdc9bdc5c0d11,['c559c931a34948fd894558b8a27ce6771385936a'],pengzhendong <275331498@qq.com>,1616999140,+0800,pengzhendong <275331498@qq.com>,1616999198,+0800,"[runtime] add decode result struct
"
3cc9d28b63534eb922a7206717b176e5db84b556,e6ebca94c822bbbc75c75b21afd28bcea10cd702,['6f884838c460510d8f6943ce1a3bc908ee40d349'],彭震东 <275331498@qq.com>,1653222944,+0800,GitHub <noreply@github.com>,1653222944,+0800,"[runtime] lint cpp (#1153)

"
3cd2f517c7656083b67934c5790ee3383c43c0e3,eaaa2103c2301cca31820736304f24c1e1ca32e4,['23d69605163a2da5f9c6a5e12b43192987ef7db7'],Binbin Zhang <811364747@qq.com>,1624005680,+0800,GitHub <noreply@github.com>,1624005680,+0800,Update README.md
3cd720cfa44e6fcc8f0a5480fb071585bce80120,f91a0143bee3b1dc93c523716703f563e37d46de,['867fa266950356331b685ac5c0f1d37969bbfde4'],tacotuesday <wmeng94@gmail.com>,1626139144,+0800,GitHub <noreply@github.com>,1626139144,+0800,"[tools] fix wer compute in run.sh (#508)

Co-authored-by: meng.wei <meng.wei@mengweideMacBook-Pro.local>"
3ceb03cd03ac57876405de242651d14f69e135a8,1cc12cc0fc8f42d37f8397585d4724c199ca7681,['2eac14190b66f97d7db3ccf5871bb4089af15936'],mackong <mackonghp@gmail.com>,1661916616,+0800,mackong <mackonghp@gmail.com>,1661916616,+0800,"[runtime] support read fst using mmap
"
3cf83606b67f2b46bd381f22bdf3acd36d17d365,96a5c42fa69b10b75700d8879da2225b5b651e37,['1c5948bebd61102aa8427697518b98505c2f09b1'],mackong <mackonghp@gmail.com>,1657711056,+0800,GitHub <noreply@github.com>,1657711056,+0800,"[decoder]: fix typo error (#1299)

"
3d171eb018f2be90f80d9ce562b6e920154e60de,06e0bf1c4fca23f8d86c2a0bf7b5d42c7275cd78,['d94bf502ea0ea514f20b2493288e58502a888ece'],xingchensong <xingchensong1996@163.com>,1700058116,+0800,xingchensong <xingchensong1996@163.com>,1700482053,+0800,"feat(whisper): remove time align, add it in the future
"
3d175d4a4eab363599c79dc39530020aaae7d674,bd11f949d19ad7122ca456b874df7710dba03677,['8e7551f67e2cb72d2aac1b2691add88a4a26706c'],zhangqiSX3552 <zhangqiSX3552@autohome.com.cn>,1656392046,+0800,zhangqiSX3552 <zhangqiSX3552@autohome.com.cn>,1656392046,+0800,"[runtime] Optimize feats in pipeline, and maintain the compatibility of all interfaces
"
3d177fab12a273893fe5b9f974b95fcb28f62243,037693e0b2ea6f131e4d6c738fdefa742022e64b,['ab0c89ef62636259172c01177cc27485c358868d'],Mddct <hamddct@gmail.com>,1702370102,+0800,Mddct <hamddct@gmail.com>,1702370102,+0800,"[paraformer] rm resource
"
3d18735595895888015f5878426be8bc46897b60,389d94bb20303344583a98015855e5118f4c6787,['6e18c0d5bb5b2da33bd86a8f2c1b3b44daf8a128'],kaixunhuang0 <huangkaixun@foxmail.com>,1690898287,+0800,kaixunhuang0 <huangkaixun@foxmail.com>,1690898287,+0800,"Directly integrate the context_graph into _ctc_prefix_beam_search
"
3d24e7e01b0f62ee39f9065e4d821064627d1b2c,1318376cd04fcfd52a9e2fad5041c955f62f428e,['759deb231cd286f7c52a0c62d53d510279111cdd'],xingchensong <xingchensong1996@163.com>,1652629162,+0800,xingchensong <xingchensong1996@163.com>,1652629162,+0800,"[bin] add doc for onnx export
"
3d25e2e8473133d54bb0b39e04bee273bf634d77,282a9ceab367c09d71f87cfcee6a2e08792bd1aa,['e987b00951cc75df8a516120b97b4e8a739eeafe'],Mddct <hamddct@gmail.com>,1698078552,+0800,Mddct <hamddct@gmail.com>,1698078875,+0800,"rm positionwise_feed_forward.py/lfr.py
"
3d29c47fa48eaee6dcd127132a600c5e9149339e,081151afef0f1e5b4d8d1abce6c0304f218e376e,['296de27f76aa9811e6bb454c72c936dafd1b3c32'],lizexuan <lizexuan@huya.com>,1642510609,+0800,lizexuan <lizexuan@huya.com>,1642510609,+0800,"[runtime] add onnxruntime export and inference
"
3d3ea656baffe4391c7bf86d61c4578d68c3c1dc,3221e2c00e2ce361be183576e09a1d8f78c2f220,"['148a5dfc5137623638de720d0aa4822ef9198ebc', 'eae3cf69d06e1613628834d1e93bc5cf2a9d4472']",Di Wu <1176705630@qq.com>,1625733765,+0800,GitHub <noreply@github.com>,1625733765,+0800,Merge branch 'main' into diwu-resample
3d5ef607c1ad8b8cd7ad66d878826842dc6dc53a,db6840f25e9a13b20a0f7e31ef36d7df9f18a39a,['375e883d81ce224cb733d947016a0fa9b66a4562'],彭震东 <275331498@qq.com>,1618194127,+0800,GitHub <noreply@github.com>,1618194127,+0800,"[runtime] simplify the web permission (#302)

"
3d7382158873ae856817590a5bf1ef5af0eaec09,81079fd081d190354e9c602541093b321497763b,['a1e1ce910bd069ab084f8185f7fcbd43c9f86e15'],Mddct <hamddct@gmail.com>,1702605172,+0800,GitHub <noreply@github.com>,1702605172,+0800,"[ssl] refine forward args to dict (#2244)

"
3d753227f04fe6985537c3c7cb2d92acf405e092,c05018517b251863fe1a4c920716072f17915eec,['21487513c38fdf622efc8a0bc4b5dd84b8f49fda'],pengzhendong <pengzhendong@users.noreply.github.com>,1637142291,+0000,pengzhendong <pengzhendong@users.noreply.github.com>,1637142291,+0000,"Automated deployment: Wed Nov 17 09:44:51 UTC 2021 e37dd5a5a997ad3655cf84f3ff671665866108e4
"
3d7ec2a4cb40095a02054b41375141565d4607cd,c4281fe0501f987ea4c52672c92f9d39d5de1564,['9a7d9478ab515dd16ebb2cc79030cded0e6ddbe8'],cdliang11 <1404056823@qq.com>,1677131765,+0800,cdliang11 <1404056823@qq.com>,1677131765,+0800,"[fix] fix errors in app.py
"
3d82a45d23949536e65f678f0857fdfe0ac71df2,76c9df8e06d98f421a7c2c3eb02ca6773ed264af,['6a9811e15efa37e5f5f19a6212b03efa8eb22676'],yougenyuan <yougenyuan@tencent.com>,1634806169,+0800,yougenyuan <yougenyuan@tencent.com>,1634806169,+0800,"data preparation
"
3d974739effd13b1410319eac5d73377f01ada7d,040096e1a8d1b06f7773df39b1dd03b88ec65a3e,['beb0d191e7a43fbe304bb0662e0873ec7ccad081'],彭震东 <275331498@qq.com>,1688451200,+0800,GitHub <noreply@github.com>,1688451200,+0800,"[docs] Update pretrained model urls (#1901)

"
3da881e40a9481d778c9889be0469e8c7bc65c1f,9d7bdb22b1489c91a8fe397f9a3cf986eb5c3b8f,['0f1902a691683a680b342be7ae17ff337059c7b4'],Binbin Zhang <binbzha@qq.com>,1678709146,+0800,Binbin Zhang <binbzha@qq.com>,1678709146,+0800,"add cif
"
3db27765547a7b1b7a7201e864c4afc02333c110,1b59cae47370799eb6264265e3cb2761a8a26da8,['c9a6d6c56c8ae7b3ef88920a9f670525451a71b6'],Di Wu <1176705630@qq.com>,1614435285,+0800,GitHub <noreply@github.com>,1614435285,+0800,"[fix] fix the lack of s0 fbank sample frequency param (#190)

"
3db7af20d1d6c826756e6806b8b337fc5490563f,fa2ecb97ab5f05bcd9d2e8492ad9b09c33c1f070,['604231391c81efdf06454dbc99406bbc06cb030d'],pengzhendong <275331498@qq.com>,1629071057,+0800,pengzhendong <275331498@qq.com>,1629071057,+0800,"[docs] update multi_cn unified_conformer result
"
3dcb5f22accd75a11097829e6aee80dcb1111597,e6037ccdcc90d1f485f230c37da94fba1b60bfda,['07e18b8058de2a8135afbe32015abf9a7533a65b'],Di Wu <1176705630@qq.com>,1611306940,+0800,GitHub <noreply@github.com>,1611306940,+0800,"[doc] add new torch audio aishell results (#85)

"
3dd186087c34b734757623c468885c866f56150e,b7732394a150bd94012978a52d534c8f85cfed6f,['6cbc27b780c7a3a29c8fad4a818ba02b3426892f'],whispercoast <maoxudong94@foxmail.com>,1616666728,+0800,whispercoast <maoxudong94@foxmail.com>,1616666728,+0800,"[fix] change ch_char_en_bpe to cn_char_en_bpe
"
3de0bf999454ff94572943e080f56f6f1f8aa6dc,455051e0bc4f1f03b15b706d87868e13a9da491f,['0bf8fa5c1d099e6c79275db3937e921870807137'],Lucky Wong <lekai.huang@gmail.com>,1639991780,+0800,Lucky Wong <lekai.huang@gmail.com>,1639991780,+0800,"add static quantization script.
"
3de0f8c424cdfc136ea18f6c475cc4ec65e5507c,f77c82d4959034afc69669aa0b3662d9f2056579,['4fdacfbf46a9227475e372a03cea5d8f212c835e'],Binbin Zhang <811364747@qq.com>,1608280913,+0000,Binbin Zhang <811364747@qq.com>,1608280913,+0000,"[doc] refine install in readme

Change-Id: I4b4a793622136a97b7c01bbeb300e4048af8db2e
"
3dea6c0ddddd460df88268dfa0ca71a8c6cd3abb,01ac6c76620d08a8fc6847e4539d68e42c4a7bbc,"['30da2aa7d997d9c30515eb7fba99543f7ab73b5e', 'ab6e255b20ab62fbc009f5c6b9302bbd32d22e94']",Mddct <hamddct@gmail.com>,1656939928,+0800,Mddct <hamddct@gmail.com>,1656939928,+0800,"merge main
"
3dedea9c0a5847c40e87019ce2d8955a54bf4764,56391a4690490fc9f2c1e20f6cc43a99c689a0e8,"['4f6f0b6bbfd911d7ac1238d2a122535f4507566d', '6118bb99dc968020de70c81d10b6c03fc5469bf3']",Di Wu <1176705630@qq.com>,1617969773,+0000,Di Wu <1176705630@qq.com>,1617969773,+0000,"Merge branch 'diwu-praat' of https://github.com/mobvoi/wenet into diwu-praat
"
3df48eeadbd556964135480d84864e0657e0eb6b,2f080bfba05130f13ba438d99eb4ea4dd7abbb22,['ce79563e952eb5343c68a4fd939a3eb57dd7ab56'],park sang-hoon <timesea821@naver.com>,1714462737,+0900,park sang-hoon <timesea821@naver.com>,1714462737,+0900,"8k and 16k support
"
3df8465b134c46678741ed5133d9a0d7de623d03,1ea2b88281f516d8a57e671e8669b40e6b3c257a,['8b7d344f8bc96270e3bfdf22be2a1265757e4fc9'],xingchensong <xingchensong@users.noreply.github.com>,1701874146,+0000,xingchensong <xingchensong@users.noreply.github.com>,1701874146,+0000,"Automated deployment: Wed Dec  6 14:49:06 UTC 2023 67b28a50ff452e1133562e4d731d69498a7dc458
"
3dfb0a0b563f2493cecc19d6de3c0a09b97a7f00,277430da5492bf034db0f1d1fdbf8ea6eb9febfc,['8f0a5a1c4004c77aa13ca0da8ab329ae67c18885'],Binbin Zhang <binbzha@qq.com>,1629882499,+0800,GitHub <noreply@github.com>,1629882499,+0800,"[doc] update installation in tutorial (#578)

"
3e027ee9143d33a0d58b54c51427e1242c7b6a02,4c163f02bba277980d7207a892851bce9fe3e6ea,['55781fc7e13b3fa3e1610ce7df49009534f30f0d'],khanld <khanhle218@gmail.com>,1744819622,+0700,khanld <khanhle218@gmail.com>,1744819622,+0700,"[feat] add chunkformer training config and results
"
3e0c1f9a49a8c666c100dc6e7bc349e8bf73e3cc,726971d202e54d623496a61a54f952b56788f3d1,['1f7737332d3c456c3144722257f76c0d4bcd26fd'],Mddct <hamddct@gmail.com>,1698762678,+0800,GitHub <noreply@github.com>,1698762678,+0800,"[paraformer］paraformer auto exported (#2096)

* [paraformer] del cif dir and chage predictor name to cif

* convert and export work

* fix lint

* fix cmvn diff

* rm #"
3e1324368de9285807971cc3e4580b872c74919e,211fd694f6b0cdaefff533955ec203e6a0d7f9c9,['24610745e1b4372860a088c21974403776344f59'],Mddct <hamddct@gmail.com>,1722400475,+0800,Mddct <hamddct@gmail.com>,1722400475,+0800,"mel_spec -> feat, support init dataset
"
3e164bcaca6e74ec1960ebaeeab53d0d9d23f005,928b4f46abfd37b2baef12e0cb669543d2ad3420,['f0d202dd52491cb300a666cb1a057bec65264672'],chenjiang <chenjiang@huya.com>,1652506868,+0800,chenjiang <chenjiang@huya.com>,1652506868,+0800,"fix cpplint check error
"
3e21e8a29a5879803784696876abbc7bbc68cbd9,0b077e34bab5a4bd43d8668d9e16a671962c634d,['dbc14bf81706c6af78662688ed98ff081228f753'],robin1001 <robin1001@users.noreply.github.com>,1700666319,+0000,robin1001 <robin1001@users.noreply.github.com>,1700666319,+0000,"Automated deployment: Wed Nov 22 15:18:39 UTC 2023 3b977aeabcd90f95e0a862babba88abae159f94a
"
3e2820b1082d320226eadfecc086d756a565f847,c4a90a662a0dad95839d360bb06cacedb5e0c796,['fea73cedecd9e0dee64febfe2993df6d0a8ebdc6'],Mddct <hamddct@gmail.com>,1704707337,+0800,Mddct <hamddct@gmail.com>,1704707337,+0800,"[paraformer] fix print
"
3e29129f914e6b45cd321c7972f7d508f475c4e7,0c56da864748058baf72d3d279c02d864dd5053b,"['79c9f36ebd27e5b199aaebaee085288a46996af9', 'a39229654ec0bf28c29faa1adbcdd33b2256eebc']",Di Wu <1176705630@qq.com>,1620450109,+0800,Di Wu <1176705630@qq.com>,1621104592,+0800,"Merge branch 'diwu-bidirectional-rescore' of https://github.com/mobvoi/wenet into diwu-bidirectional-rescore

# Conflicts:
#	wenet/transformer/asr_model.py
#	wenet/transformer/decoder.py
"
3e317332c6b7a91fdb585e6e4904005af8178508,709cff942a90da160fb2c89eea6bb715c1fb8e91,['039f38d4ea3e4062316446e302352ede15f94a2e'],Binbin Zhang <binbzha@qq.com>,1635411087,+0800,GitHub <noreply@github.com>,1635411087,+0800,[doc] fix librispeech pretrained x86 runtime model
3e3cee5a3f330cf078d57fa16adf862275e4811f,70c626e9b5a779fef2128ef1e872e865d6ad68f6,['89ef2e7051a457a70b333c384ce876007a821aa7'],Sang-Hoon Park <timesea821@naver.com>,1708994611,+0900,GitHub <noreply@github.com>,1708994611,+0800,"[wenet] modify - runtime/code/decoder more faster  (#2367)

* initial commit

* fixing torch_asr_model.cc

* fixing torch_asr_model.cc

---------

Co-authored-by: 박상훈 <shpark@bagsanghun-ui-MacBookPro.local>"
3e3e329cda04c4bf1e85ad727edeab403d83045e,1faa02fbbf7d3238e1dc1891ec429347a74e4ce7,['9b7873996aaca9d606ccb85cb65b44eb09f6f891'],Binbin Zhang <811364747@qq.com>,1608627606,+0800,Binbin Zhang <811364747@qq.com>,1608627606,+0800,"[runtime] x86 compile okay

Change-Id: Iaeac0b6819bde5c7d63eada284c83835af8424e7
"
3e40354d4cf9f29f7d4a01735a9482e3a5fde27d,6876d5c7143ad0e821d6a678b9d743f71d190aab,['89a8618dd2b4c94026514cc7c2d4477c5463edc0'],zhendong.peng <zhendong.peng@mobvoi.com>,1624807577,+0000,zhendong.peng <zhendong.peng@mobvoi.com>,1624810722,+0000,"[runtime] openfst supports windows
"
3e4046eb4e97d3cebee10f573e85a737910c7327,4b96da7f351d34a58edb26a3d22862e4a0433d52,"['37b331afebc7ecfd17dd03325a472e86a9e96b3d', 'a8ad015642dcbc0a7950101151bbe9287593d79e']",彭震东 <275331498@qq.com>,1634873946,+0800,GitHub <noreply@github.com>,1634873946,+0800,"Merge pull request #707 from wenet-e2e/binbin-space

[dataset] replace space with ▁ in tokenize"
3e4a172c391524e07e983a8560e82439970f2fc8,7f413246160cac04bc62ccc43856525a74be5736,['55086b78b1a35a08a40bb1420dcda4e64e54dee4'],彭震东 <275331498@qq.com>,1651927816,+0800,GitHub <noreply@github.com>,1651927816,+0800,"[runtime] refactoring cmake (#1088)

"
3e4ed9c51b32db1df402d3d19710835935e1eca5,f2a8129fd6b3db42855f3ff130501e4c82c6d3a5,['8b08d72179341100a82ffa84f839d016481ad2ab'],wyc <wyc194782@alibaba-inc.com>,1620713920,+0800,wyc <wyc194782@alibaba-inc.com>,1620713920,+0800,"tar -xf 20210327_unified_transformer_exp_server.tar.gz
"
3e551cde33daaf754140cbc5a32bc4a2602db952,1cff9841e8e5f32f36222b0d43708efa819fc7d5,['78abc934f2c0e5453dadc512cae0280d50f5b58c'],LIZHICHAOUNICORN <LIZHICHAOUNICORN@users.noreply.github.com>,1632966426,+0000,LIZHICHAOUNICORN <LIZHICHAOUNICORN@users.noreply.github.com>,1632966426,+0000,"Automated deployment: Thu Sep 30 01:47:06 UTC 2021 8fdce8d5e48a3e877e3a4ee2805d33f6c7577ab5
"
3e59ee38fa77fcf2b047f9861f8e62761737a255,7b9dd973bd1ff3d96d7559d5e1a9058874473e78,"['8423e175e4feffa017948a59084eba707f862973', 'ed5744b1c3cc271eecea06487b64e843851b882a']",srdfjy <66103286+srdfjy@users.noreply.github.com>,1758268661,+0800,GitHub <noreply@github.com>,1758268661,+0800,"Merge ed5744b1c3cc271eecea06487b64e843851b882a into 8423e175e4feffa017948a59084eba707f862973
"
3e5fb565d35e345f0069d93f85ca5190c3016c38,be499e916605cd8522fe26088129a5a4403e7e69,['9a0c270f9f976d7e887f777690e6c358a45a1c27'],mashiro <mashirorin@qq.com>,1622912894,+0800,mashiro <mashirorin@qq.com>,1622912894,+0800,"add process pipe input function
"
3e88d2aa499a8a84bbd9ee3b962ee4f011cf0235,d0ed15440ceb281fa49abc3938f3b1dbd79df408,['5c5a96d77c368cbcd7f070532339d25f59b2d4d2'],xingchensong <xingchensong1996@163.com>,1706780124,+0800,xingchensong <xingchensong1996@163.com>,1706780124,+0800,"[whisper] try to pass ut
"
3ea67313743c2f6a45354df3b5e6513bed40bcfd,85aab31f459b5f15171db9afcb69189378fbf69b,['09a9799ead2bc761b74f29dc061528bc7b74fb23'],fanlu <fanlu7311@163.com>,1619691831,+0800,fanlu <fanlu7311@163.com>,1619691831,+0800,"add text generate back
"
3eb84053f80eca3ee790133e9bc2b6100a3665f2,b8752552843408ac2b062ccb83d6875b16d26d73,['8b08d72179341100a82ffa84f839d016481ad2ab'],Di Wu <1176705630@qq.com>,1620666708,+0800,Di Wu <1176705630@qq.com>,1620700337,+0800,"[network] bidirectional rescore v2
"
3eb9a8579d65a32b606aa04c89bdfcaca10d220b,08e7f4343dab0157724c13d652f17b71c994bd0a,['f5a871ee27bed2382fcf1d2558b28e86dc687413'],Zaili Wang <109502517+ZailiWang@users.noreply.github.com>,1681462996,+0800,GitHub <noreply@github.com>,1681462996,+0800,"[runtime/ipex] To Integrate IPEX optimization (#1816)

* Initial commit for ipex enabling

* int8 model export;
disclaimer in export_ipex.py;
CMake file update;

* Update IPEX README.md;
misc typos correction.

* correct soft links

* update int8 export with ipex APIs;
update README.md, erasing docker & service buildup parts.

* adding inference_mode wrapper

* format correction

* format correction (cont.)

* remove docker/Dockerfile

---------

Co-authored-by: robot <robot@xxx>"
3ec55492524165b8adf1cf8afd7e7a75aea0ac85,50f318726bc566c297ca79ec1fd9c38edafe2276,['f0a34d6512c5970b99285d6a581ef4348bb425b3'],xingchensong <xingchensong1996@163.com>,1704461138,+0800,xingchensong <xingchensong1996@163.com>,1704461138,+0800,"[decode] add result to readme
"
3edb6e1ac5a886ea0cf60a0bf1682cb0fb2220c0,20f6373309754319174352e42f6b9f9f82704003,['15ccd07de4ff9c01824de92b9ef721955068e686'],Binbin Zhang <811364747@qq.com>,1631620207,+0000,Binbin Zhang <811364747@qq.com>,1631620207,+0000,"[network] add shard dataset

Change-Id: I1ad412e3febdfa4a9be59dc4a2e3e64096d4af17
"
3ef19a11501ce7f448ff7a2c2646eabd1e6b4572,f0bc94b39bb6e71c6406e14a433952cb7392f8ac,['505123410eb9026eddc8fe84e8bce060c0a4d6c1'],robin1001 <robin1001@users.noreply.github.com>,1696816293,+0000,robin1001 <robin1001@users.noreply.github.com>,1696816293,+0000,"Automated deployment: Mon Oct  9 01:51:33 UTC 2023 37905091eaa7751b465a41f185eba1b0b850e15b
"
3ef3eff0841de8ddb7ab79b83fd4af033cfa0ff5,3a4679b7e31e228762b11055d602b869f507fda6,['80f2fadacd93299ef395dea740944f7eab4f3fcf'],robin1001 <robin1001@users.noreply.github.com>,1757064314,+0000,robin1001 <robin1001@users.noreply.github.com>,1757064314,+0000,"Automated deployment: Fri Sep  5 09:25:14 UTC 2025 de3aadc3419d679d9cc71bb790656547d668f52f
"
3efcae499657baa2d0990cc96c34712104ba23e9,c1d7edd6f54380b2c67e0f40bfe108714dfc7fed,['57f4b7defaf3788d2eee7f573015eaf13ebefa92'],Xingchen Song(宋星辰) <xingchensong1996@163.com>,1704783247,+0800,GitHub <noreply@github.com>,1704783247,+0800,[utils] disable step_save unless explicitly configed in YAML
3efda8499c8ee2a1bde1c07eb54310bffd9b599e,46135fb6f70ac6c4d71f5c8c3addb142cda3abb5,['d10932a2f51597bf761018bf432e59a8524bf8db'],robin1001 <robin1001@users.noreply.github.com>,1649556816,+0000,robin1001 <robin1001@users.noreply.github.com>,1649556816,+0000,"Automated deployment: Sun Apr 10 02:13:36 UTC 2022 a1de1b31e3ee1ae806cfe555498ae8f021e49931
"
3f04897969f1672572b975c517e661c2567401c3,95d3881534f8698d3b297617030f91698fb0f624,['ef6bd09977dfd0f9c6ef303ac89e334336bcbfa8'],pengzhendong <275331498@qq.com>,1646574640,+0800,pengzhendong <275331498@qq.com>,1646574640,+0800,"fix(decoder): fix check bug of ctc_prefix_beam_search
"
3f100090178f58ecf014f4d0260bf7c18c4086e0,578c876312a96debf1d71a1c357a4dcfad9a42f4,['d8f75fad7d6b05973709701a7225c69173a0acb8'],TeaPoly <lekai.huang@gmail.com>,1611627605,+0800,TeaPoly <lekai.huang@gmail.com>,1611627605,+0800,"[Add] Add left chunk size control
"
3f1005ca372bcf35d738db3f7ce99e0a301cdb26,4257a858134193bc71f4e49aa42310ca41a7fc47,['0a0a592d8964d369b34ed6307968c0df69da035b'],xingchensong <xingchensong1996@163.com>,1620448626,+0800,xingchensong <xingchensong1996@163.com>,1620448626,+0800,"remove kaldi dependency
"
3f13b5700402e1cc7c1198975b58c19bed22b130,224a120d376d0ed57f37024c46a6a9cb5b4d41bc,['0bb5719713701e8eba999de87e2af715bbe50621'],Binbin Zhang <811364747@qq.com>,1606447675,+0000,Binbin Zhang <811364747@qq.com>,1606447675,+0000,"[network] change Conv2dSubsampling to Conv2dSubsampling4

Change-Id: I4331576084d533c4719d46128a4143576ff4d832
"
3f199f554705a4a47af004f26bf7eb13c0695f8b,d5e93612857a0fa5ed56b4ff3b850dbfd370a2b6,['fda37b7a2152276db3be71d0bab85be26cb4315d'],veelion <veelion@gmail.com>,1659691820,+0800,veelion <veelion@gmail.com>,1659691820,+0800,"add batch processing to decoder
"
3f1d2f0831f84a503b51f3bd0718046c6711e759,cc1efaf3d20d8e981dea81ed086f7c96fbbcc7e6,['4d13a248b52e405c88ec9ca7023ab06742bc182e'],xingchensong <xingchensong1996@163.com>,1701411647,+0800,xingchensong <xingchensong1996@163.com>,1701411647,+0800,"feat(train): fix unit test for grad_ckpt
"
3f1dd320940220eeb9cf4f19b06bfa0f6b751a8e,540c027d704926f3b7c874d934d264fb190626c8,['afa363278645066f12445514875cdec9b020b001'],xingchensong <xingchensong1996@163.com>,1713090361,+0800,xingchensong <xingchensong1996@163.com>,1713090361,+0800,"[workflow] try to pass
"
3f3f30c21d220d0daf128aaea1325f2bc8ed851a,20f88434c36e0ea91630edaa71df742fd4d3fa15,['ec1df853b4fde36ad5591ca39ec02c7016adc373'],Mddct <hamddct@gmail.com>,1696839636,+0800,Mddct <hamddct@gmail.com>,1696839636,+0800,"[ssl/wa2vbert]  fix  bias
"
3f41f7f2126b9fb8b01916e890e462a9d14f0403,1a7fe1eab94be4a49132905b6f67da9f45deb23e,['e35a48da30b77160663c40b4c7e941671ccad40b'],pengzhendong <275331498@qq.com>,1614652740,+0800,pengzhendong <275331498@qq.com>,1614652740,+0800,"[runtime] update device model
"
3f45af77bef22dee1c5111a497c7db4db91a3454,0e3338176fbe372f5f02b92725feb19d56a11856,"['d264297937a4c9830cc4747ca26a3890c066df77', '4303c59e9eb10cbeb6ebbf1f1dea3c236c2d202e']",Mddct <hamddct@gmail.com>,1698140488,+0800,Mddct <hamddct@gmail.com>,1698140488,+0800,"merge main
"
3f4712fab36eb227b151efd9928ba70f89da3a01,610c616377351e44cbdaa8bdac14cae1d5c5881d,['7723cb36446626f30b0cf622a4cf0b7529af5b2f'],Mddct <hamddct@gmail.com>,1727422097,+0800,Mddct <hamddct@gmail.com>,1727422097,+0800,"rm assert
"
3f6a25b503251562cbcd37fbe459a5a26a028934,d3d5b487c0bb59c1ec933a474eb100c91a8623af,['2034c894c4a236e3fae10021869fdb693bf9e1ec'],xiangru.meng <meng1984>,1692955380,+0800,xiangru.meng <meng1984>,1692955380,+0800,"first commit
"
3f8304bd92b5c7755f42328bda34f36f39429367,7864c8eff43650d2d8a336a6372d4fba8600f3e3,['5eeab3360352d655c60b78e41de9dd99a841a130'],mackong <mackonghp@gmail.com>,1660987566,+0800,mackong <mackonghp@gmail.com>,1660988188,+0800,"[runtime] add stream wav writer
"
3f8ac091eee1650c89a15b58d9c8b8b1a6056883,9d3f0cabfe8366d3583bd504f6ed4eae1ddce59d,['473e7c92664acdf7f533849ebe080b12cc99a215'],Di Wu <1176705630@qq.com>,1616654762,+0000,Di Wu <1176705630@qq.com>,1616659543,+0000,"[fix] fix some errors perhaps happen in large dataset training
"
3f8f043736ab1289b5ce5e6d31ed5b46b663f288,d487b7844de61ff7a42ccc2f87dd2c774154c055,['c0f4194ba4a385ceb0df9b0d088e883cfa632540'],Binbin Zhang <binbzha@qq.com>,1704963948,+0800,GitHub <noreply@github.com>,1704963948,+0800,"[dataset] support speaker in dataset (#2292)

"
3f9122aeafbb5a08e4b4373fc4d9734b2620f862,ab594ed2894706bb115f691f202095a27fe76bf9,['fca1d764492f8fe5bb4a1df55cd4c133ad804552'],qweasdzxcvde <35418904+qweasdzxcvde@users.noreply.github.com>,1660210381,+0800,GitHub <noreply@github.com>,1660210381,+0800,"Update context_graph.cc

use increasing context score"
3fa574ed01f9c720ce6c4c18bace730b4c369172,22e78229796d84fcc1e1c2c70ffb0eb1120c9b14,['bde3cd704c51835769810e593fd6f052ac54ace5'],Binbin Zhang <binbzha@qq.com>,1757173868,+0000,Binbin Zhang <binbzha@qq.com>,1757173868,+0000,"fix grammar
"
3fa75c36e3e110d1ad14f4327cfaacbf58e6eabe,14b2e344f4700d774d2bf86e72f0410b21a7bf98,['0e9fe4898fb500b62ec07d514a9b46be91a4f9f1'],Mddct <hamddct@gmail.com>,1657271523,+0800,GitHub <noreply@github.com>,1657271523,+0800,Update README.md
3fabb2b918c088304f3d8e97f1403a686c9b7006,c6750f4b36f1591a0efd0e2d0931f6a22f045811,"['418066182577f5bfd9212f141cdd91f86a982c33', '1792a67a168049072a6c33a5438d1acabc93f055']",Mddct <hamddct@gmail.com>,1713093371,+0800,Mddct <hamddct@gmail.com>,1713093371,+0800,"Merge branch 'main' into Mddct-llm
"
3fb529049257cf60b13944e9f2716a6c5287b187,5749c4467c2c8acc8376ed608b4d05f61d2c06a2,['b13870ab2e4ceaa920f173b8df9f7be5b643a8ef'],Mddct <hamddct@gmail.com>,1699871053,+0800,Mddct <hamddct@gmail.com>,1699871053,+0800,"fix train.yaml
"
3fb7e99d14cfec80b4292847a264b84c4c0621b2,6f36c499ccd9ff9b7aad6d9653aaa6918faa7c1d,['69f036498366254af3e1fe8447c9ed0cc6d8c6fa'],xingchensong <xingchensong1996@163.com>,1702360974,+0800,xingchensong <xingchensong1996@163.com>,1702430769,+0800,"[refactor] try to pass ut
"
3fb91c7e381ea1bc91876b408f2edfc2e8a9e6ef,68ed578da52798e0aa1077fed73d3bfc0d8683c0,['142416a41be3d45b4ac2737c9c7876423fcfa73c'],Binbin Zhang <811364747@qq.com>,1609387195,+0800,Binbin Zhang <811364747@qq.com>,1609387195,+0800,"the prefix form ++

Change-Id: I89dd1559ce5a189ce40210cd35dfa97cb3726fec
"
3fc35e15fb8c7c1e6ab7e2a3d3e510e405902d22,2ada2765e01bcfc7b5c6a586efed6d125948854f,['bafff86af37f00a7ae599d110658f94ebb7d931f'],danfu <kakashidan@users.noreply.github.com>,1711251646,+0800,GitHub <noreply@github.com>,1711251646,+0800,"[deprecated dataset] small fix (#2440)

"
3fc4bd73e734617cb23b6b70f69ca967094f8814,b83d5a663a9b561ea4aadd21c9e83813263c3320,['23a6288e6db0ddc63cd930a675b10323f7f4b460'],Binbin Zhang <binbzha@qq.com>,1698504738,+0800,Binbin Zhang <binbzha@qq.com>,1698504738,+0800,"fix compute feats
"
3fcb4ec8eb4561e96f96ca9a0dca17eb00d270ee,51ff9172187ba147f91cae60e65d31591ac507dc,['017af3a22d77dce8a5c6a8330cfdababe289ee2a'],double22a <353877046@qq.com>,1620361396,+0800,GitHub <noreply@github.com>,1620361396,+0800,"Update train.py (#347)

* Update train.py

print the number of model parameter

* Update train.py

* Update train.py

* Create train.py"
3fcc22b1deb9b408716923c6682bfd3efdb8588c,91b7ec57d7375e7ad22d0e89687da135fd97671f,['b6fb05b61fdf5061cf4e96cb29decfdc62158dc7'],chenjiang <chenjiang@huya.com>,1649738725,+0800,chenjiang <chenjiang@huya.com>,1649738725,+0800,"fix coredump when context empty
"
3fd66cbfee03a56c1fd68f0758f01454d64cadc7,9340fcc273da639673da2390c4d1369b632c9ff3,['51ba7420225b16625a6b09db503ef37c8421c582'],Mddct <hamddct@gmail.com>,1699878507,+0800,GitHub <noreply@github.com>,1699878507,+0800,"[paraformer] fix loss and remove unnecessary file (#2140)

"
3fe529ed1b5e7cfc67e35184e3b850daec99bcb8,1e7d456417e89669ae3c15877d3df2acd67b5e43,['78a321c56f37f7e966060648d6f56da64af9f7d3'],xingchensong <xingchensong1996@163.com>,1637593810,+0800,xingchensong <xingchensong1996@163.com>,1637593810,+0800,"[test] fix ci again
"
3ff821a038a216c2c1be57e2be813f98c336ffcf,be0f3abe31563c8701c79d108c5f3ca2d2a4cace,['4f034bbc20b06d0871e90141d529fc3ae690d789'],Chen Xiaoyu <jschenxiaoyu@qq.com>,1606462782,+0800,Chen Xiaoyu <jschenxiaoyu@qq.com>,1606462782,+0800,"Create github workflow lint.yml
"
3ff867cd67ede8d68df5c47b34503374c2cd0b57,5d31456723c659fe01f54d6eb3d7bfce5c1d158e,['633b64c50d17a0eb8dea78cf728c1f5df2bee323'],Binbin Zhang <811364747@qq.com>,1606305598,+0800,GitHub <noreply@github.com>,1606305598,+0800,"[bugfix] fix optional parameter in run.sh and indent bug in ctc (#6)

Change-Id: Ib96eb2705df4a11e7bcba6d4cddb8dbbf1bc5fee"
4005365cb8c6079d580c504157fdada570341b43,88000887ff122a63042e0b2257a728254b7d5b65,['588247b137c2c9cc6614874b8972f641d02f1850'],Binbin Zhang <binbzha@qq.com>,1678706307,+0800,Binbin Zhang <binbzha@qq.com>,1678706307,+0800,"[doc] add wenet module introduction
"
40059ab2e1517552b4cf22053bfa50194e329162,33c4213fd29524f3d8af94f0b1a7e5adf07bcf04,['93334d5793d5fc52e4ed17c14f81d03ef7daa8c2'],chjydu <junyidu.cn@gmail.com>,1626317122,+0800,GitHub <noreply@github.com>,1626317122,+0800,"fix trans.txt for AISHELL2 in recipe multi_cn (#511)

Co-authored-by: junyi <junyi.ducn@gmail.com>"
4009aa3b672d74863a4f6a75020627bb0bb0cf7f,034f0071e9ae24c1c7741bed5ab8f50021ee4884,['20254c9817f49a8d43432df10bee9785869a423c'],jinsongpan <761086340@qq.com>,1638757850,+0800,jinsongpan <761086340@qq.com>,1638757850,+0800,"use markdown table to replace png
"
40160d115e945cd5cb4421ea9c9ae7d1eee421cc,9d1b178b312b119def1bc79a591d5e51a90adbba,['195a9e355c1a32eee543fdb71af45358f42a00da'],Zhen Zhao (Fiona) <fiona.zhao@intel.com>,1676945166,+0800,GitHub <noreply@github.com>,1676945166,+0800,"Update README.md

Add OpenVINO runtime"
401d6617b7fb99075d9d5db92cc308f78191d7e7,af1851d10b25c5a16047a8950d98df69382cae6f,['e46ac7486c281e0ed32cb38cae131a6bb4adcb4d'],xingchensong <xingchensong1996@163.com>,1707020050,+0800,xingchensong <xingchensong1996@163.com>,1707020050,+0800,"[whisper] limit languages
"
402d6a3017cdc2a8d9d19f0f5bae81bca5ecdc9d,d480150e9ec636bdba55bddeeff7f0a8518cd94f,['b335da15eb7cad7908e19499b9cf8db13403dfeb'],Xingchen Song(宋星辰) <xingchensong1996@163.com>,1712835322,+0800,GitHub <noreply@github.com>,1712835322,+0800,add comment for log
4047c21eb2c05fbb32b7fe4e2e63be11d57db346,5f2e77f3b3ee67b7dc25e9907d3bcc765df26c87,['27b9691411ce7bdb52446823f58fcff1a95402fc'],Binbin Zhang <811364747@qq.com>,1612771129,+0000,Binbin Zhang <811364747@qq.com>,1612771129,+0000,"update again

Change-Id: Ief9e348cd55a8e9600674fef4d5d70b48cc550b8
"
4048c0b1c8003e177f8a97abc71b7d29b33f1ea8,bc76b9a339b6de18169b3c544cd23ffdc477d27d,['35788e3be54e3cf2dcf98f26289f4f1d3b828377'],Junyi Du <junyidu.cn@gmail.com>,1635416933,+0800,GitHub <noreply@github.com>,1635416933,+0800,"Revert ""[examples] wenetspeech uses segments to calculate global_cmvn (#736)""

This reverts commit a778f743eb24adb474805666e01becb3bda487ba.
"
40500c87ca5e59ade6e34d235ba9cca8b462f00c,4820cfe1abe62ce5aa5afed94afad5b238b3fd5d,['106c941197a57776efa445b2356215df8412ada0'],Junyi Du <junyidu.cn@gmail.com>,1635329886,+0800,Junyi Du <junyidu.cn@gmail.com>,1635329886,+0800,"rename wav.seg.scp to wav.segment.scp
"
405e2576dd9ada047ff0937cc2d21798d1e9d8f0,8a1a25568430eefa7acdccf848300ba0e7aefc00,['53c52adf8e5cb49933ef08d2e57161551e6fec4d'],Mddct <hamddct@gmail.com>,1723469309,+0800,Mddct <hamddct@gmail.com>,1723469309,+0800,"init model works
"
407c2f56006d0a31f2f07184c4b2cc000c24146a,458bbd25d7d878953cba7aa64dcae8ff01cc1cf6,['35022e4b016339ab0eb190e9c0df8078e5cb680f'],xingchensong <xingchensong@users.noreply.github.com>,1710836431,+0000,xingchensong <xingchensong@users.noreply.github.com>,1710836431,+0000,"Automated deployment: Tue Mar 19 08:20:31 UTC 2024 2494c0169d5f1bd4b03f7ae7161378265bf63601
"
407df97bda5bdf289f79fa85b0f494bfc031ec68,1baa128ff754c56cb0857d100d8a96668b4f389e,['31c04546aa284cfe3cf99ded145dfc58895f0745'],Binbin Zhang <binbzha@qq.com>,1757051525,+0000,Binbin Zhang <binbzha@qq.com>,1757051525,+0000,"remove cli test
"
40a6b10d7c93f14bd22e18ec789c6c188520d2dc,668763262207bce8618f8ee33e6a6578cfd5b19a,['a7931ac212c4f28112874ca80cde3588ffedda4e'],Binbin Zhang <binbzha@qq.com>,1696990008,+0800,Binbin Zhang <binbzha@qq.com>,1696990008,+0800,"[fix] fix k2 rnnt warning
"
40b7b61c5bba2d784b142376d251d5f64f4450fd,1a552cf1f577bb296e2ce5dba4faf08a84de12d6,"['b553f0195c041fb676c8879e646fed549137f6b4', '52c47834bb813bd492ffa2b56511900b044bcffa']",yuch <cy823236858@gmail.com>,1670837417,+0800,yuch <cy823236858@gmail.com>,1670837417,+0800,"Merge remote-tracking branch 'origin/main'
"
40b9b9343ca2e77309e523e9ae07bbef50ddad1f,780ca5536582d5ae1a1e7a317e2f942d849b19d7,"['b104475b58bc85718e190b3167329949d8a40009', '501b5d2b5875656594e38f10252173c149265f96']",Di Wu <1176705630@qq.com>,1617955466,+0000,Di Wu <1176705630@qq.com>,1617968024,+0000,"Merge branch 'diwu-praat' of https://github.com/mobvoi/wenet into diwu-praat

# Conflicts:
#	wenet/bin/alignment.py
"
40c43eda2fd56875e050fd7fd03cf9c45ad7dcd0,c81991cb96596e6273dc61a72186a6394d3c9c09,['6480b8fffe372a170989fd65f9b9bd97ff368df3'],Binbin Zhang <binbzha@qq.com>,1757222153,+0800,GitHub <noreply@github.com>,1757222153,+0800,"[models] mv all models to models dir (#2779)

* [models] mv all models to models dir

* fix test

* fix change

* fix lint

* fix error"
40c5d6d5cf30598b16bebcff3357fe4ab382c7cd,246583923082ab08da3dff936a9745b8fd33cfb5,['5d43c3c193aa733cb76d703ad69717f656412632'],Binbin Zhang <811364747@qq.com>,1632462635,+0000,Binbin Zhang <811364747@qq.com>,1632462910,+0000,"add speed perturb processor

Change-Id: Ie29fb19aefe016b03601513d71d65cbba101287f
"
40ca072d07c81a1d199e5b8c31ca1ea4049d6072,02b3c2ed1ca17aa59608af8fcc5d02e0c120cd39,['fd3803b107493aa050e940132a39e96fc4e4b1bf'],user01 <user01@user01deMacBook-Pro.local>,1699346200,+0800,user01 <user01@user01deMacBook-Pro.local>,1699346200,+0800,"[cli] fix bugs with uncertain output results
"
40ced4367eb8dc24457676dacd2e8fc3c5e9c9d7,aab550f7082db2a8421d36a98432796a0e1d5a31,['b1187294d97128b30e2a0833f7af6325c63006c4'],qweasdzxcvde <35418904+qweasdzxcvde@users.noreply.github.com>,1660298973,+0800,GitHub <noreply@github.com>,1660298973,+0800,add incremental_context_score
40e0c4ce4886bbe794cef218a3f1507e9d303bf5,847f30dc63d00da42e3c9d60a07c0643e148fe6e,['69cc68c5930d4bccc2cd6414d73e2c86be007da5'],Zaili Wang <109502517+ZailiWang@users.noreply.github.com>,1688605750,+0800,GitHub <noreply@github.com>,1688605750,+0800,"[runtime] To add IPEX dockerfile and env_checking script (#1897)

* Initial commit for ipex enabling

* int8 model export;
disclaimer in export_ipex.py;
CMake file update;

* Update IPEX README.md;
misc typos correction.

* correct soft links

* update int8 export with ipex APIs;
update README.md, erasing docker & service buildup parts.

* adding inference_mode wrapper

* format correction

* format correction (cont.)

* remove docker/Dockerfile

* Update ipex lib download link.

* upgrade CPU runtime with ipex to torch==2.0.1 ipex==2.0.100

* correct libipex install version

* [runtime] To append docker build and env_checking script

* correct lint error

---------

Co-authored-by: robot <robot@xxx>"
40e82c0df361890588868d40106874518b976457,4a1200831c6eff113064362ddc015f41b2c3c841,['8730ee41401c63819a23dcd3f69b8fb0abb6c73d'],Binbin Zhang <811364747@qq.com>,1619334660,+0800,GitHub <noreply@github.com>,1619334660,+0800,"[runtime] refine flags (#324)

* [runtime] refine flags

* add std header"
40f43de0d4640b9d4847a8d603afe09ca0e006c9,c05018517b251863fe1a4c920716072f17915eec,['8b6df73214f16a498f19c41cae3efe8b49ba9256'],pengzhendong <pengzhendong@users.noreply.github.com>,1636343267,+0000,pengzhendong <pengzhendong@users.noreply.github.com>,1636343267,+0000,"Automated deployment: Mon Nov  8 03:47:47 UTC 2021 5bf3cb6f5a1cf0ae080a9fbedd3828373fe2eb16
"
40f7c281fde15f53a06a9f4b8c4d125c02b5c6b6,2348439af2ce2af67a816ff7eb504f0a26b3c9b0,['fda8a53ba2bce7bb06e43e106a28280e79082999'],tongjinle123 <lancertong@live.com>,1650951020,+0800,tongjinle123 <lancertong@live.com>,1652785853,+0800,"[example] add support for aishell and librispeech
"
40ff5a2eebb2ca59e188a1243f9de80cadd07f42,ff4e77bd6f051b84eb5cf572db48c8e82449a9f6,['c3c6552851e04f501c1b37fe1f9f55b38efcb051'],yougenyuan <yougenyuan@tencent.com>,1635252673,+0800,yougenyuan <yougenyuan@tencent.com>,1635252673,+0800,"format space
"
410bcdded560d073883afc51fc4eb22caedf1dba,f675c8d7dac576e4da2d6a25c907ce766f0fc126,"['38f2ef0dbb2352baeaa92388ed5f008773bea978', 'd968e0160912d66cb1ada2beff402c6d3b4b8811']",Di Wu <1176705630@qq.com>,1619667546,+0800,GitHub <noreply@github.com>,1619667546,+0800,"Merge pull request #348 from mobvoi/zhendong-8k

[runtime] set feature params for 8k"
410fa300bcc6e3928d2e369fd026a1d9c71304f4,6e4a82a848226181ff4280d774b140c5cd87bbd7,"['dd847631739c9abc92dcb6342d1273ee37cedb76', '824f8d77a8619d2670c058217bfa3558dd726ab4']",Di Wu <1176705630@qq.com>,1618304242,+0000,Di Wu <1176705630@qq.com>,1618304242,+0000,"Merge branch 'diwu-fp16' of https://github.com/mobvoi/wenet into diwu-fp16
"
411b0afdc68f0a527eaef5344db00c6c8fa6f0cc,4713ac4c6aafd94c08ec346a9dfe2aba771444d2,['01ada04ebc39680ae57128ef88c93635f826697f'],xingchensong <xingchensong1996@163.com>,1712657253,+0800,xingchensong <xingchensong1996@163.com>,1712657253,+0800,"[env] update python version and deepspeed version
"
412e51bc52bebda7694a578419b8f7656713266a,a1ac7c54ff13c51536cac4ce1ca69ee068a48966,['abc1c481ddb7a137abfccff54522dcce25d8fddc'],Mddct <hamddct@gmail.com>,1709051806,+0800,Mddct <hamddct@gmail.com>,1709080001,+0800,"support multi query attention
"
4132f868610312929c76a9f85627706b50e223f1,4356367e7903ac23e32b2ed3bea51111cc1be761,['faf222dc9d7bfd5e7254e1ece8094b738c8348e2'],jschenxiaoyu <jschenxiaoyu@users.noreply.github.com>,1610448774,+0000,jschenxiaoyu <jschenxiaoyu@users.noreply.github.com>,1610448774,+0000,"Automated deployment: Tue Jan 12 10:52:54 UTC 2021 a1e866fa23ec330b048ef00da4f19e12068a0455
"
4136dcc6ecf0ebd6abbb5481f32d97ec9a2b4a5a,3e0b81251fb8d86debc846254c3a6b058b563bec,['cbd87d1fd416f09bd4a065816bd0d248a83f88b2'],Xingchen Song(宋星辰) <xingchensong1996@163.com>,1691885575,+0800,GitHub <noreply@github.com>,1691885575,+0800,"fix(paraformer): fix decoding bug of paraformer (#1944)

"
413aa3d6aa79e25728b37c8d8c39cf979eb4bd0f,7e4cd8f1e01f63ec59d42a5dc613b964ef0b4d90,['2ab4fb6349182f3f69d8838cf3b8f76cbebadd47'],funcwj <funcwj@foxmail.com>,1634124766,+0000,funcwj <funcwj@foxmail.com>,1634124766,+0000,"init chime4 recipe
"
413b4ef0bb977284f0717fb372fd12d40a6f6a9e,426e3aa4ab7d06fe80de2ddf396d12e7c5d0d8d0,['082d5ec41a10baed010543b5ad6abe1d8416e12e'],zhyyao <zhyyao@npu-aslp.org>,1657688143,-0400,zhyyao <zhyyao@npu-aslp.org>,1657688143,-0400,"fix args name
"
41469149932bf7f3c36d6dea43b0273432ab66a9,407fc98b88296123ae8046f084b06bff893502b0,['f42e4cd54ac96781b30014ff3186ff0d8d8ae52c'],彭震东 <275331498@qq.com>,1616934914,+0800,GitHub <noreply@github.com>,1616934914,+0800,"[runtime] refactor utils (#246)

* [runtime] refactor utils

* [runtime] restore split function"
4148a7b1d70fdb94a99a726098d032bc88fbcb61,38c51e09691014eda34d918e3fa8d19ba5d3789d,['9e458b786278d9d1616e72f1b49df1f7e49e7509'],Hui Zhang <zhtclz@foxmail.com>,1615801438,+0800,GitHub <noreply@github.com>,1615801438,+0800,Update executor.py
414c68f6c14df42a0eab2232e74e89c52edcd707,273baa6f9e5dc8020ddcadf1bf21c433b629674b,['c223404341b8f0a526978c12fba9366552444fc9'],Yuekai Zhang <zhangyuekai@foxmail.com>,1634023243,+0800,Yuekai Zhang <zhangyuekai@foxmail.com>,1634023243,+0800,"add bpemodel option
"
415d32bb2aab566570afad1722ab5ba36fa1131c,13c5f3a4b1c05fac31e247834419aa8c2917e0b3,['ced69fba031da339721a3bc796a9cd76e35200ea'],Binbin Zhang <binbzha@qq.com>,1701873195,+0800,Binbin Zhang <binbzha@qq.com>,1701873195,+0800,"fix lint
"
4164a4445f1b1ee948eddd9d2dd450268888c660,76e9357cfd2175ea3c2e044f73b0d66c742de591,['677566ae17bccf496a548386ec1b1c5c6f58398e'],mackong <mackonghp@gmail.com>,1654522854,+0800,GitHub <noreply@github.com>,1654522854,+0800,"[fix] grpc cmake error (#1199)

Co-authored-by: 孔毅超 <yichao.kong@rokid.com>"
416b41fca8bcfea20b5182aba5e1b245cbec9ee1,965d16777b6b65ec96f0b45e12cfd449671d24bc,['4e14056ef5e68bfa42482520511826901ba764e6'],Mddct <hamddct@gmail.com>,1659011727,+0800,GitHub <noreply@github.com>,1659011727,+0800,"Update README.md

fix lint"
417b5f8d83ab1914dacfa004de874b8ae18326f9,5497a3c32725b771ec66e75940af1ac151cdb477,['2494c0169d5f1bd4b03f7ae7161378265bf63601'],Xingchen Song(宋星辰) <xingchensong1996@163.com>,1710837399,+0800,GitHub <noreply@github.com>,1710837399,+0800,"[runtime/libtorch] fix jit issue (#2421)

"
417fdab39f6cceb13a91b0d60f2c9d5321f65b5d,eaa020fb441bc443bf236b770fe9558eb84e6745,['53a35c9ac73751795b63cd59b9cfaca7b07dad1b'],Chen Xiaoyu <jschenxiaoyu@qq.com>,1606294398,+0800,Chen Xiaoyu <jschenxiaoyu@qq.com>,1606294398,+0800,"[doc] Create .gitignore
"
418066182577f5bfd9212f141cdd91f86a982c33,b93684ab17e968a231e523a912951ba932c47947,['cc57164d078a60559ae82a7029a32bd2b91a1c1b'],Mddct <hamddct@gmail.com>,1713066397,+0800,Mddct <hamddct@gmail.com>,1713066397,+0800,"support init casual model
"
418267da19956d37748a0bce75ce7cea9edb2809,718681003cf1c2f405d6a6522d4de495b035a4b7,"['a8bfb956763ce834759c9b188aa482ab31c7d5bf', '7d1a6a576b97d0f36308573299ab22119c8ee113']",Chao Yang <385526069@qq.com>,1610419415,+0000,Chao Yang <385526069@qq.com>,1610419415,+0000,"Merge branch 'main' into dev-torchaudio
"
418330eec55ce4bc9370245e7a749260f3ef9830,cee8f5638576d41b6afce1b5060174d8fb643050,['1249645098162f68e1e1d95a8f3ef6063d53695d'],Binbin Zhang <binbzha@qq.com>,1656510780,+0800,Binbin Zhang <binbzha@qq.com>,1656510780,+0800,"[runtime] optionally build with websocket(boost)
"
4189657261eb3a029ef1e4d13144b07a2709a2ab,a7b5684d0e3e7d519bdecf6516dd26f04314f864,['f73a8343b5e04a5c3285f8d78a445b66d9b0e73a'],Xiake Sun <xiake.sun@intel.com>,1674897695,+0800,Xiake Sun <xiake.sun@intel.com>,1674897695,+0800,"Add OV support.
"
41965c2ea9201187bcaea81fbdd5395570ec9dee,7864c8eff43650d2d8a336a6372d4fba8600f3e3,['5eeab3360352d655c60b78e41de9dd99a841a130'],mackong <mackonghp@gmail.com>,1661050300,+0800,GitHub <noreply@github.com>,1661050300,+0800,"[runtime] add stream wav writer (#1396)

"
41a609c23d5e2e6bef03a5b165277e39b9c42836,de2784d1691013d67a7c3bd3f10b6bb596ae9809,['5576e6f4bf7da28232a60167b74cd0217df320d8'],xingchensong <xingchensong1996@163.com>,1715143506,+0800,xingchensong <xingchensong1996@163.com>,1715143506,+0800,"[mask] set max_chunk_size according to subsample rate
"
41aae435aa6d80e8f6781ef550be99cf71f574c1,25cf23fe97229a61c41462059b2804e313743680,['5cafbee14c2926cfbaa7ec256d40b53aa53964c6'],yangzhengzhe <yangzhengzhe@hotmail.com>,1727278853,+0000,yangzhengzhe <yangzhengzhe@hotmail.com>,1727278853,+0000,"Fix code formatting to pass CI/CD checks using clang-format and cpplint
"
41cd68f85dd75f214583a2b9ca62692e39901357,b74a3a0c4436f02e19d887348c2d1f09c11f7960,['48c83e63e97ff2bcafa8161c3d33c6293c44c4ec'],Mddct <hamddct@gmail.com>,1708360230,+0800,Mddct <hamddct@gmail.com>,1708360575,+0800,"support attention mask bias in encocder
"
41cf086c7d849c2b7538c37b1419c04c5b744a83,62dca3381402432ba5e9be0f8baaeb577428b8f4,['73ac0e2bbae8c88c8f339fc515a3b40eb939b1fc'],马丹 <dan@madandeMacBook-Air.local>,1669423783,+0800,马丹 <dan@madandeMacBook-Air.local>,1669423783,+0800,"[runtime] Upgrade iOS LibTorch to 1.11.0 to work with new pretrained models.
"
41cf9133d6316c8b902063b83269efd4f5a8d597,954f847e39aaa259a2563e3ee32a254f9097b074,['18077362a568614072a70e9a94db388f3ff46dcd'],Xingchen Song(宋星辰) <sxc19@mails.tsinghua.edu.cn>,1649257628,+0800,GitHub <noreply@github.com>,1649257628,+0800,"fix bug in forward_chunk_by_chunk(ctc_greedy_search) (#1015)

"
41d27d808028578e0cbbf52535ef8e8eee434dcb,67ccfdb7ade73ae61baa4f01fd8a7f9ecc16b60a,['d807c923c52084d25423958806e37c80c009fa60'],Mddct <Mddct@users.noreply.github.com>,1702983421,+0000,Mddct <Mddct@users.noreply.github.com>,1702983421,+0000,"Automated deployment: Tue Dec 19 10:57:01 UTC 2023 54c07fa3ae23b44888f18573046510a1f8286c13
"
41e0babddae942196126db93b6fe76e7389bba13,29a8b4980afd2e85ffe47031e06079a3aeb4e9a9,['ea59d30c196e71d51009e7dad5224cf29a18ea67'],pengzhendong <275331498@qq.com>,1618107851,+0800,pengzhendong <275331498@qq.com>,1618114962,+0800,"[runtime] add comments to flags/log
"
41e7bc82d00d7a38cfa7853c01655001779d0fae,3568edc10e879a36b72bf05bccf5dbfdb40dbef0,['d508589797f0c3eb1bf99c3431f2aa112cee8557'],Mddct <hamddct@gmail.com>,1702566015,+0800,Mddct <hamddct@gmail.com>,1702566015,+0800,"[transducer] refine forward args to dict
"
420b1ee235aa5b35b48317ee4795fa070a5527d1,33d8c21989dea3490b88f8f4021f348cf3a18dc1,['40e0c4ce4886bbe794cef218a3f1507e9d303bf5'],ZailiWang <zaili.wang@intel.com>,1688607720,+0800,ZailiWang <zaili.wang@intel.com>,1688607720,+0800,"correct typo
"
42225126cdea81a484ffd783954f706197c3a6c7,6834ebd12d24dee8314e8f0b376e6a892bc0d2e1,['1d7fdfc7530adea00112bb4e4eabd818af24dff8'],彭震东 <275331498@qq.com>,1689605208,+0800,GitHub <noreply@github.com>,1689605208,+0800,"[docs] Fix docs (#1919)

"
422c115cdbf1025d9d63fe1f5c9041b0c6fe23b9,cac80093ebe9cf64fe3f79983789caa8496e5fad,['45478b22970df411ad963c1e53cb15744226599f'],zhyyao <zhyyao@npu-aslp.org>,1658068845,-0400,zhyyao <zhyyao@npu-aslp.org>,1658068845,-0400,"update transducer and prefix_beam_search
"
422c89e5737b035c33102b300c627580e2880d2c,606f38c01d0640f8b3f448e3b73f94dd9425363e,['b9b2f1836123f6d4e072f04842dd8b438b408e26'],aydentang <aydentang@tencent.com>,1647948112,+0800,aydentang <aydentang@tencent.com>,1647948112,+0800,"fix encoder
"
422cf4f860ad4759177929ddd1a9e42443c28199,9ec2faace394e0004d6cc7b65ecb5dcc9dc7dd95,['6432a8538cd575047faf4b9e89b7251e1421ac17'],xingchensong <xingchensong@users.noreply.github.com>,1635148278,+0000,xingchensong <xingchensong@users.noreply.github.com>,1635148278,+0000,"Automated deployment: Mon Oct 25 07:51:18 UTC 2021 142cf494e30d8223983b224517a221b1e11f4efa
"
422f1147b9cc769d056dc3eb38703b6f1379c7a1,7e64395120ea4c57cf696a1dbed9e7d996f7e912,['3e3cee5a3f330cf078d57fa16adf862275e4811f'],xingchensong <xingchensong1996@163.com>,1709007890,+0800,xingchensong <xingchensong1996@163.com>,1709007890,+0800,"[examples/wenetspeech] better results on u2pp_conformer using fixed text
"
4237ca01a2a35474d1198f876d2d73e2897066ac,602b11de0de00dbd9e659f7dc103f3a1427a4879,['7e6bb0f8b06b594311fb4747a6c23a8ca345da72'],彭震东 <275331498@qq.com>,1667199596,+0800,GitHub <noreply@github.com>,1667199596,+0800,"[runtime] remove non-commercial info (#1528)

"
423a6064dbdfd35b0588696065079f8947c26f5c,81c8a4f486c9b3b41703521da2b476fe07980bb7,['16d6090aae68da66f582384fe97e8ed6af021d2d'],robin1001 <robin1001@users.noreply.github.com>,1611754500,+0000,robin1001 <robin1001@users.noreply.github.com>,1611754500,+0000,"Automated deployment: Wed Jan 27 13:35:00 UTC 2021 0e13def697160cabaed5e2e631a181d27a4571d9
"
42469e77797911a3661b9e1385f4ab8fc1c97b64,c70b2c1bb963f544c8fbeee66edeb2d7f64de7df,['7529289924ec64974912b7b76ec60254f3661773'],Mddct <hamddct@gmail.com>,1693805482,+0800,GitHub <noreply@github.com>,1693805482,+0800,[transducer] fix torch.script.jit
426169eacde3382ae063294b3ba35fa45d8f46b5,9c8b437f26b351ed04986ca9ef864796e50f21df,['36cf2c1c9b6dd3b4ce276ad001fd06edee1fc30e'],xingchensong <xingchensong1996@163.com>,1708484890,+0800,xingchensong <xingchensong1996@163.com>,1708484890,+0800,"[examples] update readme
"
4261a64b7f29c53efdf336502ce6c911bfe49ad7,11b6891083685f10cdebe697d7ba1296c5c01a57,"['0bcc7e0fad717e8bf860c3af2af90e23ba414fc6', '5d6ea3e75db776b62d9ccf3e0160a863489bc681']",Mddct <hamddct@gmail.com>,1706082965,+0800,Mddct <hamddct@gmail.com>,1706082965,+0800,"merge main
"
4268a9fa752b86e900258b7baa8b98668231f129,036343095d0ebceba7d1d0ae38773b7d53ff14a1,['bb43c3f3799deca1fc639c7e8176173e6326a2b3'],Binbin Zhang <binbzha@qq.com>,1762135177,+0800,GitHub <noreply@github.com>,1762135177,+0800,"[lint] refactor lint (#2792)

"
4269ab3d9a931c57343e8e6c718a977038afbb04,307bc721fbb34e38b4f4db2376d08fb54fa21bf5,['7d880dce5d53080c2c7c393cc2e03924467fa17a'],cdliang11 <1404056823@qq.com>,1741674217,+0800,cdliang11 <1404056823@qq.com>,1741674217,+0800,"[workflow] update workflow to use v3 of actions/cache
"
426d62865c7f09edf093a65786139847e14af4f3,25afa680705c4876caeaa460a9b1050d11764073,['a332ee79b16c951de9c16011d33bfa07b8fa6a1d'],xingchensong <xingchensong1996@163.com>,1722946188,+0800,xingchensong <xingchensong1996@163.com>,1722946188,+0800,"[test]: fix version for transformers
"
42798bc92383e4bc52446137b9582139d01d8864,c4b7e2a497d7e50b1b049db6e927a0371e47695a,['a198c1dc12e1f4d19a70153907b4905f6f65a378'],Mddct <hamddct@gmail.com>,1726821019,+0800,Mddct <hamddct@gmail.com>,1726821019,+0800,"[ssl] add nestrq
"
4282ec314b15efdf64dbf380a0282157e8e2b5cf,461c5cfd639f0a7e2e17400c4d6f2b4f63ff1dac,['f32a40e9cfe6c94ecc04ac55d1f2ceebf5ab4a5b'],Binbin Zhang <811364747@qq.com>,1607070283,+0000,Binbin Zhang <811364747@qq.com>,1607070283,+0000,"simple transformer demo works

Change-Id: Ie7f0a2e3974db8dda923a3966fd514942bd7dcdb
"
42837d6f7580735e4e8bfa187b38bf750cfac0b9,ca3c8dc184c7a12cf7abc53f5fa6ef7091d21466,['14d9603dd3fcca4382e2d66e3d7965af0d664802'],mamba <shaojieli.nlp@gmail.com>,1701932429,+0800,mamba <shaojieli.nlp@gmail.com>,1701932429,+0800,"fix bug
"
428bc1daf5b412e6f5b5623e2c0e2cac5aee46a7,e0994378196b5f1076af98e9bc5c62d3742da199,['d8da4b28fb93ebb58476af3676053f354b8472a0'],Shengqiang Li <1312246931@qq.com>,1638500022,+0800,Shengqiang Li <1312246931@qq.com>,1638500022,+0800,"modify README.md
"
428ef3393ef5f2be67d862b7df1d5f9da4b07497,03724b3614142ce7050a45af3d28dc37a9e3f6f1,['c7f139744a41033ed3d12d76b5e3fb5918349b77'],Di Wu <1176705630@qq.com>,1614665268,+0800,GitHub <noreply@github.com>,1614665268,+0800,"[doc] update aishell s0 multi-machines training results (#199)

"
429558e500cff5e3fd84ab90d214996c953ef63b,140603f2f47a8aa0db09b62b2d6d7f83f5db8b54,['6c12177842372705d128686960a2dced260902ba'],xingchensong <xingchensong@users.noreply.github.com>,1731052530,+0000,xingchensong <xingchensong@users.noreply.github.com>,1731052530,+0000,"Automated deployment: Fri Nov  8 07:55:30 UTC 2024 d00940f8c41f6f432b3982c9318559d65c8da9aa
"
429736b4cd323324ec1617d1954c3cfa0ccbd455,cf11f34e96ac2a85f0605f180b35863d13f902aa,['f86257639df12472f8972907efed9c2b010823e2'],Xingchen Song(宋星辰) <xingchensong1996@163.com>,1670391925,+0800,GitHub <noreply@github.com>,1670391925,+0800,"feat(horizonxj3): Support horizon x3 pi (#1597)

* feat(horizonXJ3): export onnx and convert to bin

* feat(horizonxj3): add quantization pipeline

* fest(horizonxj3): minor update

* feat(horizonxj3): add runtime, 1st commit

* fest(horizonxj3): rename horizonxj3 -> horizonbpu

* fest(horizonxj3): pipeline stage && nchw->nhwc

* fest(horizonxj3): mhwc -> nchw

* fest(horizonxj3): remove attn_run_on_bpu

* fest(horizonxj3): rm grpc

* fest(horizonxj3): fix att_mask shape

* fest(horizonxj3): fix runtime

* fest(horizonxj3): remove XxxManager from being class members

* fest(horizonxj3): rename X3??? to BPU???

* fest(horizonxj3): add args: extra_ops_run_on_cpu

* fest(horizonxj3): refine readme

* fest(horizonxj3): refine readme

* fest(horizonxj3): refine readme

* fix(run_on_cpu): [cr_id_skip] fix run_on_cpu for torch < 1.12.0

* refactor(horizonxj3): update readme

* refactor(horizonxj3): update doc

* refactor(horizonxj3): update readme

* fix(run_on_cpu): [cr_id_skip] fix run_on_cpu for torch < 1.13.0

* fix(r3pi): Fix readme

* refactor(horizonxj3): Move core/decoder/bpu_asr_model.* to horizonbpu/bpu/bpu_asr_model.*

* fix(horizonxj3): Fix lint"
42a1cb61060938b5f4e101928c93cbab9ece3e10,ddd898934647d7b3be67dd70276c22e3f212bb35,['8cc23cf379d3a0ebc3bc40db900c19d06e5f32ce'],mamba <shaojieli.nlp@gmail.com>,1701937914,+0800,mamba <shaojieli.nlp@gmail.com>,1701937914,+0800,"fix bug
"
42a90ecea5f98316c09dc9d67d7e4412a9650961,1f119449045096798c73b9bd27332206b3803e02,['5e42ad5a75a84ca0f71a553614e2cb53f61c7c3a'],xingchensong <xingchensong1996@163.com>,1702875404,+0800,xingchensong <xingchensong1996@163.com>,1702875404,+0800,"[bin] fix lint
"
42a9e01b7fd4a62cc2f903a95f6c2508ec58a218,b7047628011a001d9d78208f40bded725ad812bd,['9a0458dd24f5faebaa573fc5ed44fc53738b5f8f'],xingchensong <xingchensong1996@163.com>,1637585616,+0800,xingchensong <xingchensong1996@163.com>,1637585616,+0800,"[dataset] fix bug
"
42e1619b92c16158d72788bc935fa93b2dd3ab08,9c6a8568ddeb17f64ebe0cc12be3f30a2649428a,['8423e175e4feffa017948a59084eba707f862973'],Dinghao Zhou <hamddct@gmail.com>,1758788048,+0800,GitHub <noreply@github.com>,1758788048,+0800,[workflow] Create gemini-review.yaml
42f23a8c05a6942aece6ba205da816bf82a5ac2f,9fa7050f001263d1b7bbab726cd58283a9b06fbb,['ad463d9d61bbd7f685850132ad9c396a6883f6a9'],yygle <yygle@qq.com>,1666754315,+0800,yygle <yygle@qq.com>,1666754315,+0800,"fix formatting issues
"
4303c59e9eb10cbeb6ebbf1f1dea3c236c2d202e,bfa21c0dc2310f76ca8a83bab154e82086357e27,['7850c0fe6eeb988250530b42b6ea00931bb19fd1'],Mddct <hamddct@gmail.com>,1698133200,+0800,GitHub <noreply@github.com>,1698133200,+0800,"[paraformer] del utils.py and fix beam_size (#2080)

"
43099b14ad31730afb953584bf01423136ec83dc,b72dc41d23bc9cf3361c35f7f2b33a8ba9723ad9,['b424fe316d54d2c511280158d27b70199656e568'],xingchensong <xingchensong1996@163.com>,1701163290,+0800,xingchensong <xingchensong1996@163.com>,1701410465,+0800,"feat(train): training success
"
4312f1a19ba08a54e859e18408981c366a8c5122,82a600db5b82801c8abc3c9c0bb6c3114860ab7d,['7dee4ee63c33431fe9cec0f1321d3a12dd853980'],xiangru.meng <meng1984>,1694487999,+0800,xiangru.meng <meng1984>,1694487999,+0800,"first commit
"
4317513d846267bd87e07a4d9f2a59c383e5325c,88952cdede5a28c6be441f048162c3204e8d6ef6,['fbf6563998e061f01c1c66b4243f9ad5f99b5c69'],Binbin Zhang <binbzha@qq.com>,1652524648,+0800,Binbin Zhang <binbzha@qq.com>,1652524648,+0800,"[runtime] refine join string
"
4319ff2092445a82c92663e6c1d8c09171804073,fa16b0f50b581777bab841f4d3e008704b3e1acb,['067284d18370270b91c038c32da3df2f3c1aba7a'],Mddct <hamddct@gmail.com>,1707213355,+0800,Mddct <hamddct@gmail.com>,1707213355,+0800,"[ssl/w2vbert] add libsndfile in ut yaml
"
4324b8fb69ac5a42ab2647e5fcad0b4ba4df5559,fe8ee9a65721b8c976309857f37d76960e66094e,['369654eb60618e4228ea14520b37ce320a8fc15b'],robin1001 <robin1001@users.noreply.github.com>,1615947986,+0000,robin1001 <robin1001@users.noreply.github.com>,1615947986,+0000,"Automated deployment: Wed Mar 17 02:26:26 UTC 2021 9230888b649c66ebcaabf1a61a74edb459873e32
"
4324c6b8fa80c9e6caee6fc7c1c8a2540a98d805,79a81e28f56cd35d098dceed18c20ca45f78a531,['580546b95853bfc682f2a6bbf7722543b1aba72c'],whiteshirt0429 <whiteshirt0429@users.noreply.github.com>,1629715065,+0000,whiteshirt0429 <whiteshirt0429@users.noreply.github.com>,1629715065,+0000,"Automated deployment: Mon Aug 23 10:37:45 UTC 2021 8c5f79449d4ab1bd31ed75814f1ea56050670a5d
"
4325ad4627d2146f1f3d848e878bb1f91d24a35b,458bbd25d7d878953cba7aa64dcae8ff01cc1cf6,['05d8045476cac9074487609c0f20c6545386fdf4'],xingchensong <xingchensong@users.noreply.github.com>,1710917892,+0000,xingchensong <xingchensong@users.noreply.github.com>,1710917892,+0000,"Automated deployment: Wed Mar 20 06:58:12 UTC 2024 e77e8f11d2584d094cea6ca43b9eb90782ed3517
"
43265f6215ff200745c61fe9f83be27a241de994,258779e837b7e5da983af6cf6656919f70cfc5c0,['2c6a7dbdd32cfd4ae0289993db71bf6e96576ecb'],Mddct <hamddct@gmail.com>,1698726768,+0800,Mddct <hamddct@gmail.com>,1698726928,+0800,"fix lint
"
433ec74b07657e26c47be7c16cc543d6cac1b444,465b8cb25275383c5975df73a6168ace9cabf9b8,['34f1ca49f9d07fa2bb87153ec538e755d10f22cb'],xingchensong <xingchensong1996@163.com>,1701337046,+0800,xingchensong <xingchensong1996@163.com>,1701337046,+0800,"fix(whisper): Disable speed_purterb
"
43494d35cb4d16adaab2777fd093d38e3ea98280,04ea00f5e56e89aa76b780f80c8453422bedcf13,['cd0d9cbe340db0c63a8dc4bc64e70a02be97dc91'],彭震东 <275331498@qq.com>,1670046959,+0800,GitHub <noreply@github.com>,1670046959,+0800,"[runtime] fix onnx asr model (#1595)

"
434be97be5613a80359da0580cd8ba7ad2f0d94d,d7eb3c49ae481241b157ff7e60e12e207ddbe1a4,['207ed6263f51b26a2d1b03724de05d7f15974980'],王盟 <wmnwpu@gmail.com>,1693813408,+0800,王盟 <wmnwpu@gmail.com>,1693813408,+0800,"fix pylint bug
"
43520c083b4c41a589cde9494b011351da45ac6e,5d1520d4b544a12673ed08149da3c50f6415eb27,['55e1e32e2b136350bfb205273e2860ce146a22cb'],Jinsong Pan <761086340@qq.com>,1617075472,+0800,Jinsong Pan <761086340@qq.com>,1617075472,+0800,"fix pyyaml depre syntax
"
4354515413be953f1c1a54a74934e494567c3113,39ba9b576883a9d583c9093dee621fe4024d4d0f,['8545e98a90a95f01b04b1008fd3f0f0badf3de58'],Binbin Zhang <binbzha@qq.com>,1652933771,+0800,GitHub <noreply@github.com>,1652933771,+0800,[doc] add horizon contributors
4356e3e6e2bbc7f352877043f513854f54e4306a,0135d3b8abc95d55629055c97ff4758d573f0dad,['867fa266950356331b685ac5c0f1d37969bbfde4'],Nagendra Goel <ngoel@dialpad.com>,1626032879,+0000,Nagendra Goel <ngoel@dialpad.com>,1626032879,+0000,"Fix possibly a very small input size limit
"
435bdd4d2fd65a194b18455e59e6be4ed9e9c613,07b09ceff764eb111f38a1f9400a48048b4c2dd4,['b4e6bd834dc1debd1f6dd8cac277a8fc24bc2d40'],robin1001 <robin1001@users.noreply.github.com>,1701153340,+0000,robin1001 <robin1001@users.noreply.github.com>,1701153340,+0000,"Automated deployment: Tue Nov 28 06:35:40 UTC 2023 4c4878e8a9cbfeae1125461d1d3631ec5daf5318
"
435ca4d7ff5aafbbcefcc3072167047c2749f47e,69cb5c72bf5156a252d7bb966d06d269df12cfb3,['327e1b36a6e4efbce3f888fe4b3c888efc0d154e'],xingchensong <xingchensong1996@163.com>,1664806885,+0800,xingchensong <xingchensong1996@163.com>,1664806885,+0800,"refactor(onnx): [cr_id_skip] Export dynamic quantized onnx model
"
435df48a73796160aa04c160e9315681a45f7b02,456cb5358292534dc815a7bf4c2da4b991acdeb1,['c1f018de6fc14819989590372a2ee0fa51107f29'],daanzu <daanzu@gmail.com>,1632659538,-0400,daanzu <daanzu@gmail.com>,1632660285,-0400,"[runtime] export x86 cmake build openfst directory variables
"
435e00f10d38024737c59f2551f323a8aa15705e,bee17a00d2ce6d6a87d2749af01f1e7c1346cf89,['b20e5198d00b2704e6644d0c73a1b6d7f0a15194'],robin1001 <robin1001@users.noreply.github.com>,1699877711,+0000,robin1001 <robin1001@users.noreply.github.com>,1699877711,+0000,"Automated deployment: Mon Nov 13 12:15:11 UTC 2023 51ba7420225b16625a6b09db503ef37c8421c582
"
436b4351a7681acb54bb2a4b5f5705385bc44d97,ea0bc2d727715aa4265a4998021d4055b8177e72,['c559c931a34948fd894558b8a27ce6771385936a'],彭震东 <275331498@qq.com>,1617006352,+0800,GitHub <noreply@github.com>,1617006352,+0800,"[runtime] support nbest and timestamp in client/server protocal (#250)

* [runtime] add decode result struct

* [runtime] add nbest param in client"
437743c2701af674f9468db4dc565fa291f09681,b528025edbb1024faa3ddfacdb6943e94f0121ee,"['635c0e51ec6fb1410f20e55b3fc3757cacf1f83f', '33bcb6b765c6aa9018fdedc698cc0dfbad9b3715']",彭震东 <275331498@qq.com>,1619576715,+0800,GitHub <noreply@github.com>,1619576715,+0800,"Merge pull request #339 from mobvoi/binbin-aishell-lm

[examples] add aishell lm support"
437f13bd4fd7c5b68dfd34c0000ba364f81f4d83,16b85563a24dc15132bf9b751c09e4558b686d5c,['7703c5e50ee4a1d73a15871e6acac6883c739e1e'],Di Wu <1176705630@qq.com>,1626574880,+0800,GitHub <noreply@github.com>,1626574880,+0800,"[fix] fix torchaudio norm io in speed (#515)

"
4385b2c3fe9ca8495f584c222b3b5acaf7515688,6af3714daa3f5ecaa19cb291f2aeb876da25d0ac,['6c09f6c4d3c2bd408e6583b2e35802526589f3f8'],Binbin Zhang <binbzha@qq.com>,1736479785,+0800,Binbin Zhang <binbzha@qq.com>,1736479785,+0800,"[lint] change ubuntu latest to 22.04
"
43b210fa61ab9aa653a63145f72b48bd8600cea4,f884361131b9e087dd1de299047bb71ab7ddda8e,"['e9a4619b677d7bef3e754351ca5381870a6a494c', 'e979b4ed25cb664747587eaf5489e6b99d4ca197']",Di Wu <1176705630@qq.com>,1622532755,+0000,Di Wu <1176705630@qq.com>,1622532755,+0000,"Merge branch 'diwu-fix' of https://github.com/wenet-e2e/wenet into diwu-fix

# Conflicts:
#	wenet/transformer/asr_model.py
"
43b26212317fc098fa6ef52ce63633f5bc52644c,b53cf66d9ff3bbe933fd9f2754e1fbeea5061d09,['1567b140ee0cd1a82036f1a33bb15179d8322031'],pengzhendong <275331498@qq.com>,1659840546,+0800,pengzhendong <275331498@qq.com>,1659840735,+0800,"[runtime] fix runtime structure
"
43c88defd5a69258304d03a2fd3cc01fb98eab6d,9a6d0b6c1c0659a04cd6ab5d5dcac9caf5655d9d,['2098a0d2196d90a79e48167acb81db6f1bfda803'],Binbin Zhang <811364747@qq.com>,1623813302,+0800,GitHub <noreply@github.com>,1623813302,+0800,"[doc] refine citation (#455)

"
43cbfb212bdd5a13b4f826e45f932db0e5e5d839,0f050b552f9203073357c614c093ef480e9995ca,"['9ffacb6c5ba1dc4d31d146c2a1b1b4ef58b768e7', '0d97bd7b27671a0d336afe27d12f77f6a0360c68']",jinsong <33392010+jinsongpan@users.noreply.github.com>,1636019244,+0800,GitHub <noreply@github.com>,1636019244,+0800,"Merge branch 'wenet-e2e:main' into main
"
43d6b484d070cd79c4b6303177bf01ca2c2caa4f,79a81e28f56cd35d098dceed18c20ca45f78a531,['08018e05184c5874427b520fd3f3186dcb824337'],whiteshirt0429 <whiteshirt0429@users.noreply.github.com>,1627615673,+0000,whiteshirt0429 <whiteshirt0429@users.noreply.github.com>,1627615673,+0000,"Automated deployment: Fri Jul 30 03:27:53 UTC 2021 7b87cf2b2d3b8031a78a527f7a19e7d4cea556df
"
43d878b3d1d4fd4c80851ad6f74a9b6ae72f9395,5b5e826d700d3d9540e060e39e1d40c0a66ea616,"['20b47026d568ca8f2e3d301712435bf8e9eb8ff2', '509d05d73d836edafce29d5dfce9d4184097f11f']",fclearner <614478391@qq.com>,1717915754,+0000,fclearner <614478391@qq.com>,1717915754,+0000,"Merge https://github.com/wenet-e2e/wenet into LoRA_fix_args
"
43dbf1ae3bb8064fda41db2689060ccc1107ca11,79a81e28f56cd35d098dceed18c20ca45f78a531,['479aadfd7b06421c7c7b4e9a4739ca19c0fe4835'],robin1001 <robin1001@users.noreply.github.com>,1626947725,+0000,robin1001 <robin1001@users.noreply.github.com>,1626947725,+0000,"Automated deployment: Thu Jul 22 09:55:24 UTC 2021 1cd74bb34a9bfe0092eb3271e44b7a271278a56f
"
43ea8705c92e5d0f02868c39be7a9fb52f8177e8,1baa128ff754c56cb0857d100d8a96668b4f389e,['d215664580194a873b57f22840c58617b146838d'],Binbin Zhang <binbzha@qq.com>,1757052561,+0800,GitHub <noreply@github.com>,1757052561,+0800,"[cli] use pt model for cli (#2768)

* [cli] use pt model for cli

* fix lint

* fix lint 2

* fix lint 3

* remove cli test"
44094c241188743cad55aef670395ede13ad244b,2e17460df3d0d1ab500230defe42bdd7ad8aab6e,['02d4c9c90ec1cad67cb72f985c0ba00c6c0972e9'],zhyyao <94102052+zhyyao@users.noreply.github.com>,1658320243,+0800,GitHub <noreply@github.com>,1658320243,+0800,"Update README.md

update decoding result"
4422ddca64c1036c25d210a9b32c034ebef56b54,1b85a20c86e7188cf89e2db8ba10a23fffaeae11,['f0bd80c9824429253e59638aa3379925dc38c8af'],pengzhendong <275331498@qq.com>,1611656060,+0800,pengzhendong <275331498@qq.com>,1611659439,+0800,"[runtime] support Darwin and Windows
"
44295df6629e1179c9b72041f5122aa021f570f6,432cdcc28b2f1f414598d6d089407e852772a409,['01e73d69419b83d45ad2b72b451f4f63f46abd3c'],Mddct <hamddct@gmail.com>,1705998732,+0800,Mddct <hamddct@gmail.com>,1705998732,+0800,"fix prefetch and ignore error
"
443888b55dcf16293373d0dca7529b10d220109a,1718f85be23ce3bc2a385023f0ac1fd8d2634c7a,['5be61d8116c903f390f8367c9828a181c1a02c5e'],Mddct <hamddct@gmail.com>,1705418815,+0800,Mddct <hamddct@gmail.com>,1705418815,+0800,"rm conda sox in readme
"
44392e62945caa546e0f436f2cc80ce4790dbf1b,114219dd59d7529f8a660435015522c48f4c3867,['0fd6c8976fb2281da4488a95c282f15774fb8360'],veelion <veelion@gmail.com>,1660816364,+0800,veelion <veelion@gmail.com>,1660816364,+0800,"add multi-threads for computing fbank, ctc searching
"
444679fa13cc6c16d0cfc84760174a5d74f30566,34a5ea4ec780105e36323558e5297d40a22a6cd6,['179e411d3dfdb1bc28b2a4fefb16e723673ad908'],yougenyuan <yougenyuan@tencent.com>,1634807449,+0800,yougenyuan <yougenyuan@tencent.com>,1634807449,+0800,"vkw training
"
44501aedb6af9d9819c9bdcb906dc0dd46ddb122,25d5205fafcddfcf69c67fa64fdc988c3d4be005,['a67bc9308e42f1ae2e7fb4237cdf8ed2d4e6a4ff'],veelion <veelion@gmail.com>,1659692094,+0800,veelion <veelion@gmail.com>,1659692094,+0800,"add batch_model pointer to DecodeResource
"
4462feb0023e0ab338f5d4ca6be06f6b252e519b,5a5d6eb93137b25898832a8a6b0e41da4d294e6f,['91e12ce902b9799a4d0c22863e81108f3359196e'],xingchensong <xingchensong1996@163.com>,1704882034,+0800,xingchensong <xingchensong1996@163.com>,1704959800,+0800,"[examples] fix aishell/paraformer and make it runnable
"
4467198fd03a77aca55bffd8b987686acc9f1205,8445341e4c2a5382d498ff919f3190767a8719cb,['429736b4cd323324ec1617d1954c3cfa0ccbd455'],Xingchen Song(宋星辰) <xingchensong1996@163.com>,1670395454,+0800,GitHub <noreply@github.com>,1670395454,+0800,"fix(lint): Fix flake8 lint (#1604)

"
4480fe2d3fc590f21c71a39789d1b9746105beba,1a5402c470ac6c82cb2ca09a772310cfb97fdce5,['205e33dde3fc5e0bfa2c7408dbc037f4f401a6f8'],姚卓远 <31967987+littleFightBird@users.noreply.github.com>,1623846342,+0800,GitHub <noreply@github.com>,1623846342,+0800,"[doc] Modified the bibtex information. (#459)

"
4482e177d7663587fd484e9af362d7ffdac4cd18,4b5bf9a39291b3cf411b177db6a05aff7c554fad,['bc3971148bd7e412c5dc7ad5f0facfa319f4fc21'],pengzhendong <275331498@qq.com>,1616486016,+0800,pengzhendong <275331498@qq.com>,1616486016,+0800,"[runtime] use trie tree to store prefix and timestamp
"
448c84295f8bd40e616933a6db5f00b902720c55,fdf4463152da76d49466d544203a20c5a535e2a1,['b84185548ef5cee50d1415b75da44b6dfd389e41'],pengzhendong <275331498@qq.com>,1656574088,+0800,pengzhendong <275331498@qq.com>,1656574088,+0800,"[workflows] Update workflow paths
"
448d8ec19a2a0f09b668a441bbc5b60ca0aabdd1,c2ff9aac594f7b31aacdfca36450bc019be10a98,['606a613ae23d0a967804bfd8f98deeb3447df9a8'],Binbin Zhang <811364747@qq.com>,1610455871,+0800,GitHub <noreply@github.com>,1610455871,+0800,"[fix] fix wav_to_duration bug and error info (#53)

Change-Id: I8d1823219a370dd4c0adc3778b04d69be691be2d"
44a063efdeba4211468199863dea54f088bbc9c0,6db1c209e5b301056185575bfe47273fae92ede3,['c8623a0336d66f6f9d71bc5876296cca503a9268'],xingchensong <xingchensong1996@163.com>,1697507871,+0800,xingchensong <xingchensong1996@163.com>,1697507871,+0800,"refactor(deepspeed): minor fix
"
44aaefc1c193be832172aafdfe08c62d257e461a,db80178d1efe7834d90d6c5f8e85c3960e6ba9fa,['a6cfae510f43bdee1418b6e56b233bc71df08d0f'],Di Wu <1176705630@qq.com>,1625642084,+0800,GitHub <noreply@github.com>,1625642084,+0800,Update run.sh
44abeb491a916e92d1fbbf8c7ef3b32f356a5800,597a4e103d07870c4af90e25575fe5d2967d3d32,['e1c4df8052c7ed50585500ba9f42ec75a8c58d11'],robin1001 <robin1001@users.noreply.github.com>,1646634323,+0000,robin1001 <robin1001@users.noreply.github.com>,1646634323,+0000,"Automated deployment: Mon Mar  7 06:25:23 UTC 2022 fd22df3a799568bf178258f6b1f576929e9bb43b
"
44dad22cbe0e43b8ca552d5908957ce0a2a573b5,fa16b0f50b581777bab841f4d3e008704b3e1acb,['ad5b3b6674a00fff55757a7282754101a59d1310'],Dinghao Zhou <hamddct@gmail.com>,1707214840,+0800,GitHub <noreply@github.com>,1707214840,+0800,"[w2vbert] support w2vbert fbank (#2346)

* [ssl/w2vbert] support w2vbert fbank

* [ssl/w2vbert] add libsndfile in ut yaml"
44e209fce1c469ddae67bb29d1d3d52bef73c45e,06763b33c0ba86e1fc0367c9b60b023945a98a28,['8ee5a3824bee2c9934cfa9157f8027f4c76db9ac'],Xingchen Song(宋星辰) <sxc19@mails.tsinghua.edu.cn>,1641464331,+0800,GitHub <noreply@github.com>,1641464331,+0800,"[runtime] fix issue893, double check queue.empty in feature_pipeline (#905)

"
44e2100ab6c8b58472f26aa36ee686a15ae8bd79,fe3704f21be08cc30742a62514d94625c14f3b17,['499ff5db18fde18898d4f7ec807407219a6e2230'],Binbin Zhang <binbzha@qq.com>,1636343159,+0800,GitHub <noreply@github.com>,1636343159,+0800,[doc] fix install bug
44ed09ea2a5646c3a1fd96b30c2ec79eae28aa10,d6abe72e2719e48a9b2833ad9161fc99109fb610,"['1320b235a2237f6c29c0590da9397d30ba4fa58f', 'cd9c93a01aa565310672dd9115d1a7fa837aec62']",Mddct <hamddct@gmail.com>,1702439432,+0800,Mddct <hamddct@gmail.com>,1702439432,+0800,"Merge branch 'main' into Mddct-paraformer-loss
"
4504e1fa3dd991ca8f65a55155b208523b69643e,ff236f91e16bf81ae06b9405785aacbbc384a26a,['b6e2274c40d7be15887e2d2b7016c570d5f55782'],Mddct <hamddct@gmail.com>,1688771105,+0000,Mddct <hamddct@gmail.com>,1688771105,+0000,"[transducer] support k2 rnnt loss and delay penality
"
450f9f811bca6125322f8328f4f3ed0849be725f,8b4475ca5597ee12894c0e86372a558b37884ad4,['c512d0e0d3602fd765cdb1b98df9e17a92075512'],彭震东 <275331498@qq.com>,1630314861,+0800,GitHub <noreply@github.com>,1630314861,+0800,"[runtime] refactor ConvertToInputs func (#589)

"
45136f07b4c76ae60a019e1a51d10a5566eec5fc,81c8a4f486c9b3b41703521da2b476fe07980bb7,['f44e97a3546c1f559457ebe46a18631766eb0a0a'],robin1001 <robin1001@users.noreply.github.com>,1612161846,+0000,robin1001 <robin1001@users.noreply.github.com>,1612161846,+0000,"Automated deployment: Mon Feb  1 06:44:06 UTC 2021 958f6ea12b1bffd2b77bc716784e65c26228df0d
"
4525c6c2e1e27457974122ec7741e2a391fea4a1,49eaafbad4e55f09e6579bccf83f0276a026c484,['275f6b982a231d68a8e75122cbac1468269c6ac8'],luchuanze <619474145@qq.com>,1639972833,+0800,luchuanze <619474145@qq.com>,1639972833,+0800," We should backoff the context score/state when the context is not fully matched at the last time
"
